shape_id,shape_pt_lat,shape_pt_lon,shape_pt_sequence,shape_dist_traveled
shp_715_1,28.656319,77.22921,1,0.0
shp_715_1,28.656429,77.226952,2,221.258
shp_715_1,28.656898,77.22699,3,273.655
shp_715_1,28.65773,77.227036,4,366.34
shp_715_1,28.658688,77.22702,5,472.833
shp_715_1,28.659039,77.227005,6,512.028
shp_715_1,28.65963,77.227005,7,577.918
shp_715_1,28.659702,77.22702,8,586.079
shp_715_1,28.659739,77.227043,9,590.809
shp_715_1,28.65976,77.227074,10,594.269
shp_715_1,28.659843,77.227226,11,612.242
shp_715_1,28.659901,77.227386,12,628.884
shp_715_1,28.659937,77.227531,13,643.519
shp_715_1,28.659952,77.227554,14,646.615
shp_715_1,28.659973,77.22757,15,649.005
shp_715_1,28.660124,77.227585,16,665.811
shp_715_1,28.66013,77.227364,17,687.54
shp_715_1,28.660233,77.225716,18,848.34
shp_715_1,28.660374,77.224236,19,994.136
shp_715_1,28.660406,77.224083,20,1009.281
shp_715_1,28.660429,77.223938,21,1023.732
shp_715_1,28.660543,77.223724,22,1048.378
shp_715_1,28.660604,77.223633,23,1059.618
shp_715_1,28.659628,77.223549,24,1168.611
shp_715_1,28.659628,77.223549,25,1168.611
shp_715_1,28.659239,77.223526,26,1211.856
shp_715_1,28.65881,77.223465,27,1260.007
shp_715_1,28.658422,77.223419,28,1303.317
shp_715_1,28.658316,77.223396,29,1315.529
shp_715_1,28.657827,77.223236,30,1372.148
shp_715_1,28.657648,77.223213,31,1392.094
shp_715_1,28.65756,77.223213,32,1401.893
shp_715_1,28.657278,77.223236,33,1433.43
shp_715_1,28.657255,77.222626,34,1492.931
shp_715_1,28.657255,77.222626,35,1492.931
shp_715_1,28.657211,77.222023,36,1552.321
shp_715_2,28.506344,77.17511,1,0.0
shp_715_2,28.506952,77.175705,2,89.428
shp_715_2,28.507318,77.176132,3,147.746
shp_715_2,28.507374,77.176163,4,154.39
shp_715_2,28.507431,77.176178,5,161.042
shp_715_2,28.50749,77.176186,6,167.679
shp_715_2,28.507549,77.176186,7,174.326
shp_715_2,28.507608,77.176178,8,180.97
shp_715_2,28.507666,77.176155,9,187.62
shp_715_2,28.507719,77.176125,10,194.264
shp_715_2,28.507769,77.176086,11,200.907
shp_715_2,28.507813,77.176041,12,207.559
shp_715_2,28.507879,77.175941,13,220.011
shp_715_2,28.507961,77.175774,14,238.462
shp_715_2,28.508051,77.17514,15,301.272
shp_715_2,28.508133,77.174721,16,343.607
shp_715_2,28.508209,77.174522,17,364.354
shp_715_2,28.508305,77.174347,18,384.572
shp_715_2,28.508593,77.174034,19,429.122
shp_715_2,28.508696,77.173935,20,444.035
shp_715_2,28.508913,77.173645,21,481.089
shp_715_2,28.509073,77.173309,22,518.701
shp_715_2,28.50938,77.172577,23,598.305
shp_715_2,28.509651,77.171852,24,675.533
shp_715_2,28.510115,77.170845,25,786.633
shp_715_2,28.510202,77.170586,26,813.817
shp_715_2,28.510292,77.170258,27,847.444
shp_715_2,28.510349,77.169937,28,878.843
shp_715_2,28.510525,77.168449,29,1025.927
shp_715_2,28.510574,77.168175,30,1053.665
shp_715_2,28.510651,77.167938,31,1078.127
shp_715_2,28.510763,77.167671,32,1107.029
shp_715_2,28.511019,77.167213,33,1160.092
shp_715_2,28.511118,77.167061,34,1178.863
shp_715_2,28.51124,77.166916,35,1198.09
shp_715_2,28.511467,77.16674,36,1228.679
shp_715_2,28.511467,77.16674,37,1228.679
shp_715_2,28.512589,77.165848,38,1381.029
shp_715_2,28.513502,77.165108,39,1506.061
shp_715_2,28.513683,77.164948,40,1531.508
shp_715_2,28.513964,77.164696,41,1571.329
shp_715_2,28.514605,77.164017,42,1668.966
shp_715_2,28.514856,77.163719,43,1709.331
shp_715_2,28.514856,77.163719,44,1709.331
shp_715_2,28.515081,77.163452,45,1745.122
shp_715_2,28.515291,77.163193,46,1779.947
shp_715_2,28.517208,77.160858,47,2092.422
shp_715_2,28.517437,77.160561,48,2131.263
shp_715_2,28.517574,77.1604,49,2152.893
shp_715_2,28.51774,77.16024,50,2177.408
shp_715_2,28.517857,77.160133,51,2193.637
shp_715_2,28.51829,77.159805,52,2251.591
shp_715_2,28.518417,77.159737,53,2267.561
shp_715_2,28.518555,77.159973,54,2295.744
shp_715_2,28.518677,77.160172,55,2319.276
shp_715_2,28.519501,77.161667,56,2491.642
shp_715_2,28.519501,77.161667,57,2491.642
shp_715_2,28.520714,77.163841,58,2743.812
shp_715_2,28.520754,77.163933,59,2754.103
shp_715_2,28.520807,77.164131,60,2773.824
shp_715_2,28.520855,77.164444,61,2805.276
shp_715_2,28.520899,77.164993,62,2859.193
shp_715_2,28.520899,77.164993,63,2859.193
shp_715_2,28.520929,77.16539,64,2898.242
shp_715_2,28.520954,77.165581,65,2916.893
shp_715_2,28.521011,77.165764,66,2935.814
shp_715_2,28.521717,77.167374,67,3112.079
shp_715_2,28.521776,77.167488,68,3124.885
shp_715_2,28.521872,77.167641,69,3143.028
shp_715_2,28.52206,77.167854,70,3172.926
shp_715_2,28.522194,77.167976,71,3191.94
shp_715_2,28.522245,77.168015,72,3198.736
shp_715_2,28.522213,77.168091,73,3207.035
shp_715_2,28.522194,77.168167,74,3214.615
shp_715_3,28.506262,77.175171,1,0.0
shp_715_3,28.505983,77.174889,2,41.634
shp_715_3,28.505722,77.174706,3,76.027
shp_715_3,28.504601,77.175751,4,237.473
shp_715_3,28.503992,77.176262,5,321.69
shp_715_3,28.503824,77.17646,6,348.6
shp_715_3,28.503639,77.176712,7,380.47
shp_715_3,28.503479,77.177025,8,416.124
shp_715_3,28.503319,77.177399,9,456.94
shp_715_3,28.503139,77.178085,10,526.919
shp_715_3,28.503101,77.178276,11,545.965
shp_715_3,28.503101,77.178276,12,545.965
shp_715_3,28.502966,77.17894,13,612.924
shp_715_3,28.502708,77.180099,14,729.911
shp_715_3,28.502455,77.181511,15,870.973
shp_715_3,28.502321,77.181915,16,912.985
shp_715_3,28.502071,77.182289,17,959.257
shp_715_3,28.501616,77.182846,18,1033.465
shp_715_3,28.501593,77.182869,19,1036.854
shp_715_3,28.501593,77.182869,20,1036.854
shp_715_3,28.500858,77.183525,21,1140.834
shp_715_3,28.500708,77.183647,22,1161.205
shp_715_3,28.500242,77.184074,23,1227.787
shp_715_3,28.499817,77.184532,24,1293.203
shp_715_3,28.499384,77.185036,25,1361.879
shp_715_3,28.496868,77.18512,26,1642.067
shp_715_3,28.496237,77.184929,27,1714.822
shp_715_3,28.495832,77.184792,28,1761.684
shp_715_3,28.494844,77.184433,29,1877.333
shp_715_3,28.494724,77.184402,30,1890.899
shp_715_3,28.494471,77.184425,31,1919.317
shp_715_3,28.494287,77.184464,32,1940.099
shp_715_3,28.494032,77.18454,33,1969.399
shp_715_3,28.494032,77.18454,34,1969.399
shp_715_3,28.493839,77.184593,35,1991.655
shp_715_4,28.506262,77.175171,1,0.0
shp_715_4,28.505983,77.174889,2,41.634
shp_715_4,28.505722,77.174706,3,76.027
shp_715_4,28.504601,77.175751,4,237.473
shp_715_4,28.503992,77.176262,5,321.69
shp_715_4,28.503824,77.17646,6,348.6
shp_715_4,28.503639,77.176712,7,380.47
shp_715_4,28.503479,77.177025,8,416.124
shp_715_4,28.503319,77.177399,9,456.94
shp_715_4,28.503139,77.178085,10,526.919
shp_715_4,28.502966,77.17894,11,612.924
shp_715_4,28.502731,77.179993,12,718.815
shp_715_4,28.502731,77.179993,13,718.815
shp_715_4,28.502563,77.180893,14,808.797
shp_715_4,28.502455,77.181511,15,870.972
shp_715_4,28.502321,77.181915,16,912.985
shp_715_4,28.502071,77.182289,17,959.257
shp_715_4,28.501616,77.182846,18,1033.464
shp_715_4,28.500858,77.183525,19,1140.833
shp_715_4,28.500708,77.183647,20,1161.204
shp_715_4,28.500242,77.184074,21,1227.786
shp_715_4,28.499817,77.184532,22,1293.203
shp_715_4,28.499384,77.185036,23,1361.878
shp_715_4,28.49856,77.185059,24,1453.594
shp_715_4,28.498533,77.187508,25,1693.124
shp_715_4,28.498533,77.187508,26,1693.124
shp_715_4,28.498507,77.189995,27,1936.467
shp_715_4,28.498516,77.190292,28,1965.655
shp_715_4,28.498516,77.190292,29,1965.655
shp_715_4,28.498529,77.190674,30,2002.818
shp_715_4,28.498558,77.192581,31,2189.77
shp_715_4,28.498577,77.192986,32,2229.254
shp_715_5,28.506262,77.175171,1,0.0
shp_715_5,28.505983,77.174889,2,41.634
shp_715_5,28.505722,77.174706,3,76.027
shp_715_5,28.504601,77.175751,4,237.473
shp_715_5,28.503992,77.176262,5,321.69
shp_715_5,28.503824,77.17646,6,348.6
shp_715_5,28.503639,77.176712,7,380.47
shp_715_5,28.503479,77.177025,8,416.124
shp_715_5,28.503319,77.177399,9,456.94
shp_715_5,28.503139,77.178085,10,526.919
shp_715_5,28.502966,77.17894,11,612.924
shp_715_5,28.502747,77.179916,12,711.641
shp_715_5,28.502693,77.180206,13,740.219
shp_715_5,28.502693,77.180206,14,740.219
shp_715_5,28.502686,77.180244,15,744.371
shp_715_5,28.50259,77.180237,16,755.159
shp_715_5,28.50264,77.179916,17,786.962
shp_715_5,28.500978,77.179886,18,971.81
shp_715_5,28.500721,77.179893,19,1000.577
shp_715_5,28.499752,77.179901,20,1108.381
shp_715_5,28.499449,77.179893,21,1142.232
shp_715_5,28.498087,77.179901,22,1293.86
shp_715_5,28.498087,77.179901,23,1293.86
shp_715_5,28.498026,77.179863,24,1301.294
shp_715_5,28.497972,77.179901,25,1308.177
shp_715_5,28.497921,77.179962,26,1316.563
shp_715_5,28.497759,77.180199,27,1345.48
shp_715_5,28.497684,77.180321,28,1360.439
shp_715_5,28.497627,77.180443,29,1373.985
shp_715_5,28.497601,77.180542,30,1384.206
shp_715_5,28.49732,77.180511,31,1415.591
shp_715_5,28.496805,77.180481,32,1473.023
shp_715_5,28.49659,77.180489,33,1496.972
shp_715_5,28.495947,77.180496,34,1568.629
shp_715_5,28.49539,77.18045,35,1630.673
shp_715_5,28.494841,77.180481,36,1691.996
shp_715_5,28.494507,77.180473,37,1729.057
shp_715_5,28.494404,77.180466,38,1740.543
shp_715_5,28.4942,77.180458,39,1763.423
shp_715_5,28.494108,77.180473,40,1773.543
shp_715_5,28.493305,77.180466,41,1863.071
shp_715_5,28.493044,77.180458,42,1892.133
shp_715_5,28.492773,77.180428,43,1922.387
shp_715_6,28.385818,77.298965,1,0.0
shp_715_6,28.385777,77.299026,2,7.447
shp_715_6,28.385429,77.298706,3,57.077
shp_715_6,28.385191,77.298523,4,89.169
shp_715_6,28.384899,77.298325,5,127.183
shp_715_6,28.384462,77.298065,6,181.765
shp_715_6,28.383919,77.297821,7,247.105
shp_715_6,28.38364,77.297699,8,280.108
shp_715_6,28.383255,77.297585,9,324.365
shp_715_6,28.382982,77.297531,10,355.169
shp_715_6,28.382343,77.297455,11,426.841
shp_715_6,28.381832,77.29744,12,483.63
shp_715_6,28.380888,77.297493,13,589.032
shp_715_6,28.37813,77.297691,14,896.557
shp_715_6,28.378019,77.297714,15,909.064
shp_715_6,28.377949,77.297752,16,917.737
shp_715_6,28.377874,77.297821,17,928.513
shp_715_6,28.377821,77.297882,18,936.99
shp_715_6,28.377811,77.297905,19,939.182
shp_715_6,28.377728,77.297981,20,951.566
shp_715_6,28.377666,77.298096,21,964.403
shp_715_6,28.377628,77.298294,22,984.371
shp_715_6,28.377684,77.29937,23,1090.146
shp_715_6,28.377867,77.302376,24,1385.21
shp_715_6,28.377996,77.304909,25,1633.855
shp_715_6,28.378176,77.308907,26,2025.368
shp_715_6,28.378336,77.311363,27,2266.748
shp_715_6,28.378336,77.311363,28,2266.748
shp_715_6,28.378428,77.313072,29,2434.317
shp_715_6,28.378487,77.313927,30,2518.517
shp_715_6,28.378365,77.313934,31,2532.182
shp_715_6,28.378342,77.313499,32,2574.947
shp_715_6,28.378321,77.312737,33,2649.727
shp_715_6,28.378244,77.311447,34,2776.166
shp_715_6,28.377861,77.303955,35,3511.732
shp_715_6,28.37779,77.302383,36,3665.84
shp_715_6,28.377611,77.299377,37,3960.988
shp_715_6,28.37756,77.298302,38,4066.367
shp_715_6,28.377546,77.298157,39,4080.198
shp_715_6,28.377487,77.298012,40,4095.87
shp_715_6,28.37739,77.297958,41,4108.269
shp_715_6,28.377316,77.297859,42,4120.837
shp_715_6,28.377281,77.297844,43,4125.056
shp_715_6,28.377281,77.297844,44,4125.056
shp_715_6,28.377237,77.297829,45,4130.123
shp_715_6,28.377064,77.297806,46,4149.595
shp_715_6,28.37281,77.298111,47,4624.087
shp_715_6,28.372709,77.296036,48,4827.707
shp_715_6,28.372492,77.292641,49,5161.08
shp_715_6,28.372492,77.292641,50,5161.08
shp_715_6,28.372324,77.290031,51,5416.702
shp_715_6,28.372324,77.289902,52,5429.534
shp_715_6,28.372292,77.289909,53,5433.004
shp_715_6,28.372252,77.289894,54,5437.545
shp_715_6,28.372217,77.289879,55,5441.993
shp_715_6,28.372175,77.289825,56,5448.528
shp_715_6,28.372156,77.289772,57,5454.421
shp_715_6,28.37216,77.289696,58,5461.887
shp_715_6,28.372181,77.28965,59,5466.856
shp_715_6,28.372204,77.289627,60,5470.323
shp_715_6,28.371864,77.289391,61,5514.696
shp_715_6,28.371864,77.289391,62,5514.696
shp_715_6,28.371567,77.289177,63,5553.709
shp_715_6,28.371407,77.289032,64,5576.335
shp_715_6,28.371361,77.288979,65,5583.738
shp_715_6,28.371162,77.288658,66,5622.55
shp_715_6,28.371162,77.288658,67,5622.55
shp_715_6,28.371006,77.288399,68,5653.014
shp_715_6,28.370949,77.288338,69,5661.781
shp_715_6,28.370811,77.288246,70,5679.44
shp_715_6,28.370752,77.288177,71,5688.797
shp_715_6,28.370605,77.287964,72,5715.712
shp_715_6,28.370491,77.28788,73,5730.616
shp_715_6,28.370468,77.28788,74,5733.288
shp_715_6,28.369818,77.287888,75,5805.611
shp_715_6,28.369656,77.287888,76,5823.734
shp_715_6,28.369492,77.28788,77,5841.968
shp_715_6,28.369196,77.287888,78,5874.876
shp_715_6,28.368473,77.287895,79,5955.271
shp_715_6,28.368286,77.287903,80,5976.17
shp_715_6,28.367401,77.28788,81,6074.849
shp_715_6,28.364891,77.287865,82,6354.099
shp_715_6,28.364792,77.287865,83,6365.3
shp_715_6,28.362352,77.28788,84,6636.787
shp_715_7,28.385818,77.298965,1,0.0
shp_715_7,28.385777,77.299026,2,7.447
shp_715_7,28.385429,77.298706,3,57.077
shp_715_7,28.385191,77.298523,4,89.169
shp_715_7,28.384899,77.298325,5,127.183
shp_715_7,28.384462,77.298065,6,181.765
shp_715_7,28.383919,77.297821,7,247.105
shp_715_7,28.38364,77.297699,8,280.108
shp_715_7,28.383255,77.297585,9,324.365
shp_715_7,28.382982,77.297531,10,355.169
shp_715_7,28.382343,77.297455,11,426.841
shp_715_7,28.381832,77.29744,12,483.63
shp_715_7,28.380888,77.297493,13,589.032
shp_715_7,28.37813,77.297691,14,896.557
shp_715_7,28.378019,77.297714,15,909.064
shp_715_7,28.377949,77.297752,16,917.737
shp_715_7,28.377874,77.297821,17,928.513
shp_715_7,28.377821,77.297882,18,936.99
shp_715_7,28.377811,77.297905,19,939.182
shp_715_7,28.377728,77.297981,20,951.566
shp_715_7,28.377666,77.298096,21,964.403
shp_715_7,28.377628,77.298294,22,984.371
shp_715_7,28.377684,77.29937,23,1090.146
shp_715_7,28.377867,77.302376,24,1385.21
shp_715_7,28.377996,77.304909,25,1633.855
shp_715_7,28.378176,77.308907,26,2025.368
shp_715_7,28.378347,77.311539,27,2284.316
shp_715_7,28.378347,77.311539,28,2284.316
shp_715_7,28.378428,77.313072,29,2434.317
shp_715_7,28.378487,77.313927,30,2518.517
shp_715_7,28.378365,77.313934,31,2532.182
shp_715_7,28.378342,77.313499,32,2574.947
shp_715_7,28.378321,77.312737,33,2649.727
shp_715_7,28.378244,77.311447,34,2776.166
shp_715_7,28.377861,77.303955,35,3511.732
shp_715_7,28.37779,77.302383,36,3665.84
shp_715_7,28.377611,77.299377,37,3960.988
shp_715_7,28.37756,77.298302,38,4066.366
shp_715_7,28.377546,77.298157,39,4080.198
shp_715_7,28.377487,77.298012,40,4095.87
shp_715_7,28.37739,77.297958,41,4108.269
shp_715_7,28.377316,77.297859,42,4120.836
shp_715_7,28.377279,77.297729,43,4134.327
shp_715_7,28.377293,77.297585,44,4148.615
shp_715_7,28.377342,77.297478,45,4160.376
shp_715_7,28.377438,77.297386,46,4174.247
shp_715_7,28.377497,77.297134,47,4199.532
shp_715_7,28.377502,77.29705,48,4207.972
shp_715_7,28.377502,77.29705,49,4207.972
shp_715_7,28.37751,77.296875,50,4225.464
shp_715_7,28.377289,77.292717,51,4632.932
shp_715_7,28.377214,77.292091,52,4694.901
shp_715_7,28.377087,77.290131,53,4887.401
shp_715_7,28.377029,77.289749,54,4925.597
shp_715_7,28.376944,77.289467,55,4954.675
shp_715_7,28.376904,77.289436,56,4960.156
shp_715_7,28.376888,77.289406,57,4963.324
shp_715_7,28.376883,77.289375,58,4966.483
shp_715_7,28.376896,77.289322,59,4972.167
shp_715_7,28.37686,77.289024,60,5001.394
shp_715_7,28.376875,77.288841,61,5019.229
shp_715_7,28.376892,77.288765,62,5026.986
shp_715_7,28.376886,77.288536,63,5049.226
shp_715_7,28.376738,77.287041,64,5196.903
shp_715_7,28.376631,77.285797,65,5319.208
shp_715_7,28.376631,77.285797,66,5319.208
shp_715_7,28.376566,77.284988,67,5398.854
shp_715_7,28.376518,77.284027,68,5493.29
shp_715_7,28.376518,77.284027,69,5493.29
shp_715_7,28.376514,77.283623,70,5533.142
shp_715_7,28.376522,77.28302,71,5591.936
shp_715_7,28.376297,77.283005,72,5617.138
shp_715_7,28.376301,77.282341,73,5682.507
shp_715_7,28.376335,77.28228,74,5689.64
shp_715_7,28.376383,77.282303,75,5695.266
shp_715_7,28.376455,77.282372,76,5706.142
shp_715_7,28.376488,77.28244,77,5713.412
shp_715_7,28.376497,77.282478,78,5717.156
shp_715_7,28.376497,77.282478,79,5717.156
shp_715_7,28.376497,77.282478,80,5717.703
shp_715_8,28.697475,76.91922,1,0.0
shp_715_8,28.696848,76.920403,2,134.894
shp_715_8,28.695528,76.922844,3,414.968
shp_715_8,28.695528,76.922844,4,414.968
shp_715_8,28.694422,76.924889,5,649.458
shp_715_8,28.694422,76.924889,6,649.458
shp_715_8,28.692684,76.928078,7,1015.946
shp_715_8,28.692684,76.928078,8,1015.946
shp_715_8,28.692112,76.929131,9,1136.745
shp_715_8,28.691908,76.929642,10,1191.897
shp_715_8,28.691833,76.929878,11,1216.222
shp_715_8,28.691383,76.931488,12,1380.995
shp_715_8,28.69112,76.932571,13,1490.844
shp_715_8,28.691004,76.933273,14,1561.124
shp_715_8,28.69096,76.933693,15,1601.762
shp_715_8,28.690746,76.935448,16,1775.364
shp_715_8,28.690746,76.935448,17,1775.364
shp_715_8,28.690657,76.93631,18,1860.061
shp_715_8,28.690386,76.939392,19,2162.031
shp_715_8,28.690386,76.939392,20,2162.031
shp_715_8,28.690266,76.940804,21,2300.576
shp_715_8,28.690266,76.940804,22,2300.576
shp_715_8,28.690226,76.941231,23,2342.533
shp_715_8,28.690115,76.942657,24,2482.434
shp_715_8,28.690023,76.943901,25,2604.835
shp_715_8,28.690023,76.943901,26,2604.835
shp_715_8,28.689875,76.945358,27,2747.826
shp_715_8,28.689833,76.945686,28,2780.503
shp_715_8,28.689821,76.945869,29,2798.009
shp_715_8,28.689739,76.946548,30,2865.11
shp_715_8,28.689739,76.946548,31,2865.11
shp_715_8,28.68943,76.949783,32,3182.56
shp_715_8,28.68943,76.949783,33,3182.56
shp_715_8,28.68928,76.951363,34,3337.617
shp_715_8,28.688747,76.957344,35,3924.677
shp_715_8,28.688507,76.959831,36,4169.188
shp_715_8,28.688467,76.960144,37,4200.048
shp_715_8,28.688417,76.96064,38,4249.318
shp_715_8,28.688306999999998,76.961456,39,4329.304
shp_715_8,28.688059,76.964088,40,4587.827
shp_715_9,28.608654,77.140457,1,0.0
shp_715_9,28.607954,77.141014,2,94.956
shp_715_9,28.607576,77.14135,3,148.136
shp_715_9,28.60726,77.141708,4,197.915
shp_715_9,28.606808,77.14225,5,271.247
shp_715_9,28.606436,77.142853,6,342.77
shp_715_9,28.606104,77.143677,7,431.592
shp_715_9,28.606003,77.143776,8,446.296
shp_715_9,28.605904,77.144012,9,471.947
shp_715_9,28.605846,77.144264,10,497.566
shp_715_9,28.605762,77.144814,11,552.451
shp_715_9,28.605743,77.144882,12,559.364
shp_715_9,28.605713,77.144928,13,564.754
shp_715_9,28.605675,77.144951,14,569.34
shp_715_9,28.605639,77.144943,15,573.497
shp_715_9,28.605583,77.14492,16,580.05
shp_715_9,28.605564,77.144882,17,584.554
shp_715_9,28.605564,77.144821,18,590.018
shp_715_9,28.605593,77.144691,19,603.123
shp_715_9,28.605738,77.144226,20,651.627
shp_715_9,28.605806,77.144035,21,672.1
shp_715_9,28.60589,77.143631,22,712.362
shp_715_9,28.60652,77.14241,23,850.785
shp_715_9,28.606993,77.141777,24,932.052
shp_715_9,28.607489,77.141266,25,1006.781
shp_715_9,28.607519,77.141068,26,1026.195
shp_715_9,28.607521,77.141006,27,1031.991
shp_715_9,28.60751,77.140953,28,1037.439
shp_715_9,28.607491,77.140923,29,1041.323
shp_715_9,28.607393,77.140785,30,1058.404
shp_715_9,28.607176,77.140656,31,1085.445
shp_715_9,28.607038,77.140503,32,1107.332
shp_715_9,28.606985,77.14035,33,1122.785
shp_715_9,28.606964,77.140213,34,1136.493
shp_715_9,28.606947,77.1399,35,1167.697
shp_715_9,28.606936,77.13945,36,1211.079
shp_715_9,28.606958,77.139282,37,1227.768
shp_715_9,28.607031,77.139,38,1256.564
shp_715_9,28.607395,77.13784,39,1377.19
shp_715_9,28.607407,77.137733,40,1387.621
shp_715_9,28.607374,77.137619,41,1399.191
shp_715_9,28.607309,77.137482,42,1414.653
shp_715_9,28.607279,77.137444,43,1419.687
shp_715_9,28.607256,77.137398,44,1424.734
shp_715_9,28.607143,77.137291,45,1441.072
shp_715_9,28.607023,77.137192,46,1457.512
shp_715_9,28.603058,77.135239,47,1938.527
shp_715_9,28.602112,77.13475,48,2054.013
shp_715_9,28.602335,77.134201,49,2113.122
shp_715_9,28.604752,77.128059,50,2770.875
shp_715_9,28.604603,77.127342,51,2842.777
shp_715_9,28.599379,77.124725,52,3478.4
shp_715_9,28.596893,77.123459,53,3781.19
shp_715_9,28.594831,77.122452,54,4031.104
shp_715_9,28.594831,77.122452,55,4031.104
shp_715_9,28.594812,77.122444,56,4033.479
shp_715_9,28.594633,77.122879,57,4080.34
shp_715_9,28.595234,77.123177,58,4153.439
shp_715_9,28.595415,77.122734,59,4200.929
shp_715_9,28.596893,77.123459,60,4380.003
shp_715_9,28.599379,77.124725,61,4682.793
shp_715_9,28.596834,77.131271,62,5382.387
shp_715_9,28.596809,77.131393,63,5394.557
shp_715_9,28.596804,77.131508,64,5406.015
shp_715_9,28.596813,77.131599,65,5415.371
shp_715_9,28.596905,77.131805,66,5437.766
shp_715_9,28.596928,77.131912,67,5448.179
shp_715_9,28.596924,77.132019,68,5458.751
shp_715_9,28.596895,77.132118,69,5469.324
shp_715_9,28.596838,77.132217,70,5480.807
shp_715_9,28.596779,77.132271,71,5489.246
shp_715_9,28.596727,77.132309,72,5495.926
shp_715_10,28.608654,77.140457,1,0.0
shp_715_10,28.607954,77.141014,2,94.956
shp_715_10,28.607576,77.14135,3,148.136
shp_715_10,28.60726,77.141708,4,197.915
shp_715_10,28.606808,77.14225,5,271.247
shp_715_10,28.606436,77.142853,6,342.77
shp_715_10,28.606104,77.143677,7,431.592
shp_715_10,28.606003,77.143776,8,446.296
shp_715_10,28.605904,77.144012,9,471.947
shp_715_10,28.605846,77.144264,10,497.566
shp_715_10,28.605762,77.144814,11,552.451
shp_715_10,28.605743,77.144882,12,559.364
shp_715_10,28.605713,77.144928,13,564.754
shp_715_10,28.605675,77.144951,14,569.34
shp_715_10,28.605639,77.144943,15,573.497
shp_715_10,28.605583,77.14492,16,580.05
shp_715_10,28.605564,77.144882,17,584.554
shp_715_10,28.605564,77.144821,18,590.018
shp_715_10,28.605593,77.144691,19,603.123
shp_715_10,28.605738,77.144226,20,651.627
shp_715_10,28.605806,77.144035,21,672.1
shp_715_10,28.60589,77.143631,22,712.362
shp_715_10,28.60652,77.14241,23,850.785
shp_715_10,28.606993,77.141777,24,932.052
shp_715_10,28.607489,77.141266,25,1006.781
shp_715_10,28.607519,77.141068,26,1026.195
shp_715_10,28.607521,77.141006,27,1031.991
shp_715_10,28.60751,77.140953,28,1037.439
shp_715_10,28.607393,77.140785,29,1058.37
shp_715_10,28.607372,77.14077,30,1060.864
shp_715_10,28.607372,77.14077,31,1060.864
shp_715_10,28.607176,77.140656,32,1085.411
shp_715_10,28.607038,77.140503,33,1107.299
shp_715_10,28.606985,77.14035,34,1122.752
shp_715_10,28.606979,77.14032,35,1126.321
shp_715_10,28.606979,77.14032,36,1126.321
shp_715_10,28.606964,77.140213,37,1136.46
shp_715_10,28.606947,77.1399,38,1167.663
shp_715_10,28.606936,77.13945,39,1211.045
shp_715_10,28.606958,77.139282,40,1227.735
shp_715_10,28.607031,77.139,41,1256.53
shp_715_10,28.607231,77.138359,42,1322.861
shp_715_10,28.607231,77.138359,43,1322.861
shp_715_10,28.607395,77.13784,44,1377.157
shp_715_10,28.607407,77.137733,45,1387.587
shp_715_10,28.607374,77.137619,46,1399.157
shp_715_10,28.607309,77.137482,47,1414.62
shp_715_10,28.607279,77.137444,48,1419.653
shp_715_10,28.607256,77.137398,49,1424.7
shp_715_10,28.607197,77.137344,50,1433.256
shp_715_10,28.607197,77.137344,51,1433.256
shp_715_10,28.607023,77.137192,52,1457.463
shp_715_10,28.605642,77.136513,53,1624.876
shp_715_10,28.605642,77.136513,54,1624.876
shp_715_10,28.603058,77.135239,55,1938.478
shp_715_10,28.60243,77.134918,56,2015.238
shp_715_10,28.60243,77.134918,57,2015.238
shp_715_10,28.601803,77.13459,58,2091.766
shp_715_10,28.601803,77.13459,59,2091.766
shp_715_10,28.601025,77.134186,60,2186.937
shp_715_10,28.60029,77.13382,61,2276.385
shp_715_10,28.60029,77.13382,62,2276.385
shp_715_10,28.599356,77.133354,63,2390.067
shp_715_10,28.599356,77.133354,64,2390.067
shp_715_10,28.59734,77.132339,65,2635.251
shp_715_10,28.59734,77.132339,66,2635.251
shp_715_10,28.596895,77.132118,67,2689.181
shp_715_10,28.596838,77.132217,68,2700.664
shp_715_10,28.596779,77.132271,69,2709.103
shp_715_10,28.596712,77.132317,70,2717.55
shp_715_10,28.596624,77.132339,71,2727.624
shp_715_10,28.596535,77.132339,72,2737.688
shp_715_10,28.596447,77.132309,73,2747.755
shp_715_10,28.596397,77.132278,74,2754.103
shp_715_10,28.596334,77.132217,75,2763.083
shp_715_10,28.596287,77.132149,76,2772.053
shp_715_10,28.596254,77.132065,77,2781.034
shp_715_10,28.596241,77.131981,78,2788.91
shp_715_10,28.596245,77.131874,79,2799.509
shp_715_10,28.596275,77.131775,80,2810.096
shp_715_10,28.596331,77.131683,81,2820.688
shp_715_10,28.596394,77.131622,82,2829.931
shp_715_10,28.596394,77.131622,83,2829.931
shp_715_10,28.596472,77.131577,84,2839.774
shp_715_10,28.59664,77.1315,85,2859.785
shp_715_10,28.596748,77.131393,86,2875.758
shp_715_10,28.596834,77.131271,87,2891.518
shp_715_10,28.597799,77.128784,88,3157.097
shp_715_10,28.597799,77.128784,89,3157.097
shp_715_10,28.599251,77.125046,90,3556.421
shp_715_10,28.599251,77.125046,91,3556.421
shp_715_10,28.599379,77.124725,92,3591.113
shp_715_10,28.598381,77.124214,93,3712.688
shp_715_10,28.598381,77.124214,94,3712.688
shp_715_10,28.596697,77.123367,95,3917.693
shp_715_11,28.690678,76.935448,1,0.0
shp_715_11,28.690748,76.934746,2,68.909
shp_715_11,28.69084,76.933937,3,148.623
shp_715_11,28.690905,76.93325,4,215.478
shp_715_11,28.691008,76.932526,5,287.22
shp_715_11,28.691292,76.931381,6,403.483
shp_715_11,28.691698,76.930008,7,545.048
shp_715_11,28.691774,76.930084,8,556.19
shp_715_11,28.691677,76.930428,9,591.741
shp_715_11,28.691677,76.930428,10,591.741
shp_715_11,28.691437,76.931297,11,680.549
shp_715_11,28.693447,76.931046,12,905.775
shp_715_11,28.693447,76.931046,13,905.775
shp_715_11,28.69545,76.930809,14,1129.942
shp_715_11,28.696157,76.930687,15,1209.605
shp_715_11,28.696157,76.930687,16,1209.605
shp_715_11,28.696491,76.930634,17,1247.146
shp_715_11,28.696688,76.930626,18,1269.03
shp_715_11,28.697054,76.93058,19,1309.978
shp_715_11,28.697054,76.93058,20,1309.978
shp_715_11,28.69762,76.930511,21,1373.485
shp_715_11,28.698126,76.930496,22,1429.712
shp_715_11,28.698591,76.930611,23,1482.645
shp_715_11,28.70026,76.931068,24,1673.71
shp_715_11,28.700802,76.931206,25,1735.653
shp_715_11,28.700941,76.930588,26,1797.942
shp_715_12,28.690678,76.935448,1,0.0
shp_715_12,28.690748,76.934746,2,68.909
shp_715_12,28.69084,76.933937,3,148.623
shp_715_12,28.690905,76.93325,4,215.478
shp_715_12,28.691008,76.932526,5,287.22
shp_715_12,28.691292,76.931381,6,403.483
shp_715_12,28.691698,76.930008,7,545.048
shp_715_12,28.691774,76.930084,8,556.19
shp_715_12,28.691437,76.931297,9,680.549
shp_715_12,28.692358,76.931183,10,783.803
shp_715_12,28.692358,76.931183,11,783.803
shp_715_12,28.69545,76.930809,12,1129.942
shp_715_12,28.696491,76.930634,13,1247.146
shp_715_12,28.696562,76.930626,14,1255.013
shp_715_12,28.696562,76.930626,15,1255.013
shp_715_12,28.696688,76.930626,16,1269.034
shp_715_12,28.696789,76.930374,17,1296.252
shp_715_12,28.697264,76.929474,18,1398.828
shp_715_12,28.697775,76.928413,19,1516.791
shp_715_12,28.698053,76.927773,20,1586.467
shp_715_12,28.698269,76.927315,21,1637.291
shp_715_12,28.698269,76.927315,22,1637.291
shp_715_12,28.698595,76.926651,23,1711.413
shp_715_12,28.698683,76.92643,24,1735.237
shp_715_12,28.699238,76.925194,25,1870.917
shp_715_12,28.699375,76.925285,26,1888.812
shp_715_12,28.699469,76.92511,27,1908.976
shp_715_12,28.699526,76.925148,28,1916.557
shp_715_12,28.699526,76.925148,29,1916.557
shp_715_12,28.700321,76.925735,30,2021.863
shp_715_12,28.700552,76.925873,31,2050.68
shp_715_12,28.701164,76.925552,32,2125.603
shp_715_12,28.701164,76.925552,33,2125.603
shp_715_12,28.702242,76.924988,34,2257.64
shp_715_12,28.702305,76.92495,35,2265.845
shp_715_12,28.702305,76.92495,36,2265.845
shp_715_12,28.702368,76.924904,37,2273.849
shp_715_12,28.702551,76.924744,38,2299.72
shp_715_12,28.70269,76.924736,39,2315.117
shp_715_12,28.702898,76.924774,40,2338.624
shp_715_12,28.702951,76.924759,41,2344.738
shp_715_12,28.703415,76.924423,42,2405.469
shp_715_12,28.703987,76.924103,43,2476.702
shp_715_12,28.704485,76.923744,44,2542.288
shp_715_12,28.70529,76.923088,45,2652.343
shp_715_12,28.705774,76.922745,46,2716.038
shp_715_12,28.705774,76.922745,47,2716.038
shp_715_12,28.705942,76.922623,48,2738.037
shp_715_12,28.706306,76.922272,49,2791.332
shp_715_13,28.690746,76.935448,1,0.0
shp_715_13,28.690657,76.93631,2,84.696
shp_715_13,28.690313,76.940208,3,466.874
shp_715_13,28.690308,76.940353,4,481.068
shp_715_13,28.690226,76.941231,5,567.189
shp_715_13,28.69013,76.942451,6,686.805
shp_715_13,28.69013,76.942451,7,686.805
shp_715_13,28.690016,76.943993,8,838.519
shp_715_13,28.689987,76.944283,9,866.366
shp_715_13,28.689987,76.944283,10,866.366
shp_715_13,28.689875,76.945358,11,972.487
shp_715_13,28.689833,76.945686,12,1005.164
shp_715_13,28.689821,76.945869,13,1022.67
shp_715_13,28.689728,76.946648,14,1099.071
shp_715_13,28.689297,76.951172,15,1543.869
shp_715_13,28.689297,76.951172,16,1543.869
shp_715_13,28.688969,76.954849,17,1905.174
shp_715_13,28.688969,76.954849,18,1905.174
shp_715_13,28.688747,76.957344,19,2149.34
shp_715_13,28.688507,76.959831,20,2393.852
shp_715_13,28.688467,76.960144,21,2424.711
shp_715_13,28.688417,76.96064,22,2473.981
shp_715_13,28.688306999999998,76.961456,23,2553.967
shp_715_13,28.688059,76.964088,24,2812.49
shp_715_14,28.677013,77.224854,1,0.0
shp_715_14,28.677008,77.224731,2,11.831
shp_715_14,28.678303,77.224365,3,160.286
shp_715_14,28.678303,77.224365,4,160.286
shp_715_14,28.678699,77.224251,5,205.934
shp_715_14,28.67926,77.22403,6,271.948
shp_715_14,28.679726,77.223778,7,329.369
shp_715_14,28.680332,77.223389,8,406.95
shp_715_14,28.680332,77.223389,9,406.95
shp_715_14,28.68059,77.223221,10,440.079
shp_715_14,28.681002,77.222893,11,495.697
shp_715_14,28.681356,77.222687,12,540.245
shp_715_14,28.68189,77.222389,13,606.292
shp_715_14,28.682375,77.222321,14,660.616
shp_715_14,28.683203,77.222237,15,753.128
shp_715_14,28.683712,77.22216,16,810.407
shp_715_14,28.683712,77.22216,17,810.407
shp_715_14,28.684654,77.222008,18,916.286
shp_715_14,28.685743,77.221809,19,1039.011
shp_715_14,28.686321,77.22171,20,1104.038
shp_715_14,28.686321,77.22171,21,1104.038
shp_715_14,28.68923,77.221245,22,1431.242
shp_715_14,28.689821,77.22123,23,1497.054
shp_715_14,28.69042,77.221207,24,1563.744
shp_715_14,28.690599,77.221176,25,1583.866
shp_715_14,28.690599,77.221176,26,1583.866
shp_715_14,28.691898,77.22097,27,1729.778
shp_715_14,28.692152,77.220856,28,1760.245
shp_715_14,28.692335,77.221397,29,1817.065
shp_715_14,28.692486,77.221733,30,1854.315
shp_715_14,28.692593,77.221931,31,1876.854
shp_715_14,28.692677,77.222023,32,1889.719
shp_715_14,28.692871,77.222183,33,1916.243
shp_715_14,28.692997,77.222252,34,1931.941
shp_715_14,28.69314,77.222321,35,1949.359
shp_715_14,28.693279,77.222382,36,1965.798
shp_715_14,28.693619,77.222473,37,2004.675
shp_715_14,28.694092,77.222626,38,2059.296
shp_715_14,28.694698,77.222832,39,2129.834
shp_715_14,28.694944,77.2229,40,2157.985
shp_715_14,28.695316,77.222969,41,2199.892
shp_715_14,28.695412,77.223,42,2210.852
shp_715_14,28.69574,77.223145,43,2250.174
shp_715_14,28.695938,77.223259,44,2274.714
shp_715_14,28.696081,77.223366,45,2293.716
shp_715_14,28.696178,77.22345,46,2307.492
shp_715_14,28.696178,77.22345,47,2307.492
shp_715_14,28.696257,77.223518,48,2318.7
shp_715_14,28.696325,77.223625,49,2331.427
shp_715_14,28.696415,77.223808,50,2351.605
shp_715_14,28.696672,77.224487,51,2424.408
shp_715_14,28.696735,77.224716,52,2447.766
shp_715_14,28.69676,77.224846,53,2460.64
shp_715_14,28.696775,77.225212,54,2496.45
shp_715_14,28.696728,77.226654,55,2637.504
shp_715_14,28.69673,77.227165,56,2686.806
shp_715_14,28.69692,77.22715,57,2708.0
shp_715_14,28.69768,77.227196,58,2792.566
shp_715_15,28.640205,77.240089,1,0.0
shp_715_15,28.639967,77.240112,2,26.832
shp_715_15,28.63994,77.239838,3,53.907
shp_715_15,28.639988,77.238983,4,138.025
shp_715_15,28.640018,77.237297,5,302.665
shp_715_15,28.640203,77.234314,6,594.512
shp_715_15,28.640203,77.234314,7,594.512
shp_715_15,28.640223,77.233841,8,640.971
shp_715_15,28.640368,77.231567,9,864.073
shp_715_15,28.640392,77.231445,10,876.13
shp_715_15,28.640465,77.231209,11,900.549
shp_715_15,28.640465,77.231209,12,900.549
shp_715_15,28.640522,77.231018,13,919.811
shp_715_15,28.640678,77.230637,14,960.915
shp_715_15,28.642078,77.227943,15,1266.812
shp_715_15,28.642078,77.227943,16,1266.812
shp_715_15,28.642218,77.227684,17,1297.02
shp_715_15,28.642385,77.227303,18,1338.533
shp_715_15,28.642452,77.227089,19,1360.537
shp_715_15,28.642439,77.226982,20,1370.761
shp_715_15,28.642447,77.226936,21,1375.889
shp_715_15,28.642462,77.226883,22,1381.012
shp_715_15,28.642509,77.226807,23,1390.39
shp_715_15,28.642582,77.226746,24,1400.104
shp_715_15,28.642666,77.226723,25,1409.812
shp_715_15,28.64271,77.226723,26,1414.679
shp_715_15,28.643076,77.226013,27,1495.403
shp_715_15,28.643076,77.226013,28,1495.403
shp_715_15,28.643934,77.224335,29,1685.178
shp_715_15,28.643946,77.224243,30,1694.354
shp_715_15,28.64394,77.224152,31,1703.524
shp_715_15,28.643921,77.22406,32,1712.7
shp_715_15,28.643885,77.223969,33,1721.869
shp_715_15,28.643837,77.2239,34,1731.038
shp_715_15,28.643776,77.223831,35,1740.213
shp_715_15,28.643734,77.223801,36,1745.806
shp_715_15,28.643946,77.223793,37,1769.212
shp_715_16,28.640417,77.240395,1,0.0
shp_715_16,28.640522,77.240479,2,14.433
shp_715_16,28.640667,77.240547,3,31.886
shp_715_16,28.640743,77.240517,4,41.009
shp_715_16,28.641006,77.240425,5,71.658
shp_715_16,28.641068,77.240417,6,78.605
shp_715_16,28.641153,77.240417,7,88.078
shp_715_16,28.641455,77.240486,8,122.11
shp_715_16,28.641535,77.240486,9,131.233
shp_715_16,28.642799,77.24041,10,272.07
shp_715_16,28.642799,77.24041,11,272.07
shp_715_16,28.644949,77.240273,12,511.72
shp_715_16,28.646393,77.240196,13,672.647
shp_715_16,28.648151,77.240074,14,868.746
shp_715_16,28.648325,77.240021,15,888.93
shp_715_16,28.648586,77.239845,16,922.513
shp_715_16,28.649195,77.239418,17,1002.157
shp_715_16,28.649195,77.239418,18,1002.157
shp_715_16,28.649715,77.239052,19,1070.001
shp_715_16,28.649826,77.238953,20,1085.762
shp_715_16,28.65097,77.238075,21,1239.356
shp_715_16,28.651251,77.237862,22,1276.712
shp_715_16,28.651251,77.237862,23,1276.712
shp_715_16,28.652023,77.237289,24,1379.615
shp_715_16,28.652859,77.236717,25,1487.986
shp_715_16,28.653294,77.236458,26,1542.408
shp_715_16,28.653692,77.236427,27,1586.872
shp_715_16,28.654573,77.236458,28,1685.029
shp_715_16,28.65584,77.236603,29,1826.76
shp_715_17,28.676439,77.321487,1,0.0
shp_715_17,28.676453,77.322151,2,64.856
shp_715_17,28.676441,77.322556,3,104.628
shp_715_17,28.676481,77.322594,4,110.326
shp_715_17,28.676609,77.322769,5,132.346
shp_715_17,28.67668,77.322838,6,142.998
shp_715_17,28.676758,77.322906,7,153.655
shp_715_17,28.67684,77.32296,8,164.314
shp_715_17,28.676929,77.322998,9,174.979
shp_715_17,28.678373,77.323547,10,344.318
shp_715_17,28.678768,77.323746,11,392.485
shp_715_17,28.679035,77.323952,12,428.468
shp_715_17,28.679272,77.324173,13,462.552
shp_715_17,28.679382,77.324287,14,479.051
shp_715_17,28.679827,77.325111,15,573.806
shp_715_17,28.679827,77.325111,16,573.806
shp_715_17,28.680212,77.32588199999999,17,659.986
shp_715_17,28.681032,77.32798,18,884.767
shp_715_17,28.681135,77.328201,19,908.665
shp_715_17,28.681158,77.328209,20,911.361
shp_715_17,28.681198,77.328239,21,916.718
shp_715_17,28.681223,77.328285,22,922.086
shp_715_17,28.681231,77.328308,23,924.779
shp_715_17,28.681231,77.328369,24,930.132
shp_715_17,28.681299,77.328545,25,949.576
shp_715_17,28.681299,77.328545,26,949.576
shp_715_17,28.681435,77.32885,27,982.801
shp_715_17,28.6817,77.329475,28,1050.542
shp_715_17,28.681898,77.329979,29,1104.243
shp_715_17,28.682091,77.330406,30,1151.248
shp_715_17,28.682613,77.331505,31,1273.315
shp_715_17,28.682774,77.331718,32,1300.523
shp_715_17,28.682934,77.331841,33,1322.289
shp_715_17,28.682999,77.331871,34,1329.879
shp_715_17,28.683071,77.331879,35,1337.983
shp_715_17,28.683311,77.331818,36,1365.391
shp_715_17,28.685484,77.3312,37,1614.735
shp_715_17,28.685484,77.3312,38,1614.735
shp_715_17,28.686077,77.331032,39,1682.822
shp_715_17,28.68639,77.330925,40,1718.959
shp_715_17,28.686766,77.33078,41,1763.217
shp_715_17,28.687979,77.330254,42,1907.678
shp_715_17,28.68907,77.329758,43,2038.387
shp_715_17,28.689634,77.32946,44,2107.585
shp_715_17,28.690001,77.329224,45,2154.645
shp_715_17,28.690001,77.329224,46,2154.645
shp_715_17,28.692411,77.327606,47,2465.928
shp_715_17,28.692411,77.327606,48,2465.928
shp_715_17,28.692692,77.327415,49,2502.1
shp_715_18,28.707504,77.180222,1,0.0
shp_715_18,28.707689,77.179535,2,70.167
shp_715_18,28.707687,77.179474,3,75.971
shp_715_18,28.707674,77.179413,4,82.003
shp_715_18,28.707651,77.179359,5,88.294
shp_715_18,28.707586,77.179245,6,101.222
shp_715_18,28.707506,77.179169,7,113.182
shp_715_18,28.707367,77.179092,8,130.206
shp_715_18,28.707287,77.179008,9,142.492
shp_715_18,28.707186,77.178871,10,159.707
shp_715_18,28.707104,77.178848,11,169.144
shp_715_18,28.706995,77.178833,12,181.327
shp_715_18,28.706888,77.178856,13,193.249
shp_715_18,28.706831,77.178879,14,200.079
shp_715_18,28.706738,77.178932,15,211.716
shp_715_18,28.704391,77.18084,16,532.615
shp_715_18,28.702991,77.181969,17,723.634
shp_715_18,28.702442,77.182404,18,797.809
shp_715_18,28.702442,77.182404,19,797.809
shp_715_18,28.701832,77.182892,20,881.014
shp_715_18,28.700752,77.183792,21,1029.776
shp_715_18,28.69912,77.185127,22,1253.59
shp_715_18,28.69912,77.185127,23,1253.59
shp_715_18,28.698116,77.185959,24,1391.753
shp_715_18,28.697886,77.186127,25,1422.157
shp_715_18,28.697107,77.186798,26,1530.576
shp_715_18,28.696545,77.187263,27,1607.941
shp_715_18,28.696545,77.187263,28,1607.941
shp_715_18,28.695843,77.187851,29,1704.918
shp_715_18,28.69462,77.18885,30,1872.498
shp_715_18,28.693558,77.189751,31,2019.873
shp_715_18,28.693558,77.189751,32,2019.873
shp_715_18,28.693295,77.189972,33,2056.214
shp_715_18,28.692364,77.190704,34,2182.328
shp_715_18,28.691849,77.191132,35,2253.008
shp_715_18,28.691217,77.191666,36,2340.538
shp_715_18,28.691217,77.191666,37,2340.538
shp_715_18,28.69072,77.192093,38,2409.719
shp_715_18,28.690062,77.192558,39,2496.218
shp_715_18,28.688835,77.193268,40,2649.211
shp_715_18,28.688683,77.193359,41,2668.584
shp_715_18,28.688683,77.193359,42,2668.584
shp_715_18,28.68791,77.19384,43,2766.555
shp_715_18,28.687521,77.194168,44,2820.48
shp_715_18,28.687412,77.194252,45,2834.862
shp_715_18,28.687273,77.194366,46,2854.142
shp_715_18,28.686838,77.194687,47,2911.663
shp_715_18,28.684946,77.196136,48,3165.365
shp_715_18,28.684525,77.196419,49,3219.612
shp_715_18,28.684458,77.196449,50,3227.637
shp_715_18,28.684458,77.196449,51,3227.637
shp_715_18,28.68401,77.196655,52,3281.605
shp_715_18,28.683802,77.196747,53,3306.355
shp_715_18,28.683661,77.196846,54,3325.012
shp_715_18,28.683661,77.196846,55,3325.012
shp_715_18,28.682348,77.197861,56,3501.472
shp_715_18,28.681732,77.198357,57,3585.25
shp_715_18,28.681732,77.198357,58,3585.25
shp_715_18,28.680845,77.199066,59,3706.239
shp_715_18,28.680182,77.199593,60,3795.834
shp_715_18,28.67938,77.200249,61,3905.862
shp_715_18,28.678942,77.2006,62,3965.558
shp_715_18,28.678942,77.2006,63,3965.558
shp_715_18,28.678106,77.201263,64,4078.725
shp_715_18,28.677607,77.201576,65,4142.209
shp_715_18,28.677156,77.201889,66,4200.961
shp_715_18,28.676859,77.202141,67,4242.214
shp_715_19,28.707504,77.180222,1,0.0
shp_715_19,28.707689,77.179535,2,70.167
shp_715_19,28.707687,77.179474,3,75.971
shp_715_19,28.707674,77.179413,4,82.003
shp_715_19,28.707651,77.179359,5,88.294
shp_715_19,28.707586,77.179245,6,101.222
shp_715_19,28.707506,77.179169,7,113.182
shp_715_19,28.707367,77.179092,8,130.206
shp_715_19,28.707287,77.179008,9,142.492
shp_715_19,28.707186,77.178871,10,159.707
shp_715_19,28.707104,77.178848,11,169.144
shp_715_19,28.706995,77.178833,12,181.327
shp_715_19,28.706888,77.178856,13,193.249
shp_715_19,28.706831,77.178879,14,200.079
shp_715_19,28.706738,77.178932,15,211.716
shp_715_19,28.704391,77.18084,16,532.615
shp_715_19,28.702881,77.18206,17,738.59
shp_715_19,28.702881,77.18206,18,738.59
shp_715_19,28.701756,77.182953,19,891.313
shp_715_19,28.701756,77.182953,20,891.313
shp_715_19,28.700752,77.183792,21,1029.772
shp_715_19,28.698507,77.185638,22,1337.945
shp_715_19,28.697445,77.183914,23,1543.627
shp_715_19,28.697327,77.183678,24,1569.918
shp_715_19,28.697218,77.183395,25,1600.43
shp_715_19,28.697102,77.182968,26,1643.978
shp_715_19,28.697039,77.182701,27,1671.071
shp_715_19,28.696686,77.180984,28,1842.628
shp_715_19,28.696661,77.180916,29,1850.507
shp_715_19,28.696554,77.180672,30,1877.065
shp_715_19,28.696478,77.180542,31,1892.263
shp_715_19,28.696344,77.180397,32,1912.661
shp_715_19,28.696266,77.180336,33,1923.291
shp_715_19,28.695881,77.180077,34,1972.865
shp_715_19,28.695881,77.180077,35,1972.865
shp_715_19,28.694712,77.179283,36,2124.299
shp_715_19,28.694712,77.179283,37,2124.299
shp_715_19,28.691584,77.177071,38,2534.056
shp_715_19,28.691143,77.17675,39,2592.347
shp_715_20,28.493261,77.301155,1,0.0
shp_715_20,28.494146,77.300972,2,100.077
shp_715_20,28.494511,77.30278,3,281.584
shp_715_20,28.494881,77.302704,4,323.535
shp_715_20,28.496164,77.302467,5,468.388
shp_715_20,28.496384,77.302368,6,494.423
shp_715_20,28.496452,77.302361,7,502.18
shp_715_20,28.496479,77.302361,8,505.119
shp_715_20,28.496508,77.302376,9,508.512
shp_715_20,28.496655,77.302483,10,528.121
shp_715_20,28.496683,77.302498,11,531.706
shp_715_20,28.496742,77.302505,12,538.386
shp_715_20,28.496822,77.30249,13,547.337
shp_715_20,28.496885,77.302452,14,555.094
shp_715_20,28.496992,77.302383,15,568.917
shp_715_20,28.497055,77.302322,16,578.008
shp_715_20,28.497175,77.302193,17,596.714
shp_715_20,28.49753,77.301918,18,644.219
shp_715_20,28.4977,77.30175,19,669.289
shp_715_20,28.497868,77.301567,20,695.126
shp_715_20,28.498051,77.301399,21,721.554
shp_715_20,28.498196,77.301292,22,740.527
shp_715_20,28.498304,77.301231,23,754.026
shp_715_20,28.498581,77.301254,24,785.073
shp_715_20,28.498957,77.301414,25,829.434
shp_715_20,28.499008,77.301453,26,836.318
shp_715_20,28.499039,77.301483,27,841.171
shp_715_20,28.499063,77.301537,28,846.763
shp_715_20,28.499079,77.30159,29,852.351
shp_715_20,28.499084,77.301643,30,857.931
shp_715_20,28.499081,77.301704,31,863.519
shp_715_20,28.499065,77.301758,32,869.098
shp_715_20,28.499043,77.301811,33,874.678
shp_715_20,28.49901,77.301849,34,880.267
shp_715_20,28.498972,77.301888,35,885.85
shp_715_20,28.498899,77.301933,36,895.096
shp_715_20,28.498476,77.302032,37,943.141
shp_715_20,28.498219,77.302101,38,972.772
shp_715_20,28.497934,77.302208,39,1005.985
shp_715_20,28.497288,77.302498,40,1083.152
shp_715_20,28.497017,77.302635,41,1116.19
shp_715_20,28.496784,77.302742,42,1144.239
shp_715_20,28.49651,77.302834,43,1176.118
shp_715_20,28.496202,77.302895,44,1210.691
shp_715_20,28.495928,77.302971,45,1242.426
shp_715_20,28.494194,77.303368,46,1439.106
shp_715_20,28.493387,77.303566,47,1531.076
shp_715_20,28.49316,77.303703,48,1559.706
shp_715_20,28.492376,77.303955,49,1650.426
shp_715_20,28.491566,77.304184,50,1743.409
shp_715_20,28.490919,77.304352,51,1817.289
shp_715_20,28.490648,77.304413,52,1847.893
shp_715_20,28.490328,77.304619,53,1889.025
shp_715_20,28.490387,77.304932,54,1919.822
shp_715_20,28.490482,77.305679,55,1994.07
shp_715_20,28.490505,77.305756,56,2002.143
shp_715_20,28.490553,77.305855,57,2012.735
shp_715_20,28.490746,77.306053,58,2041.559
shp_715_20,28.490921,77.306244,59,2068.85
shp_715_20,28.490921,77.306244,60,2068.85
shp_715_20,28.491333,77.306717,61,2134.166
shp_715_20,28.491716,77.307068,62,2188.968
shp_715_20,28.492077,77.307381,63,2239.244
shp_715_20,28.492029,77.307808,64,2281.485
shp_715_20,28.491989,77.308556,65,2355.064
shp_715_20,28.492105,77.308556,66,2368.072
shp_715_20,28.492105,77.309219,67,2433.192
shp_715_20,28.492096,77.309578,68,2467.969
shp_715_20,28.4921,77.309952,69,2505.032
shp_715_20,28.492201,77.309959,70,2516.304
shp_715_20,28.492199,77.310837,71,2602.352
shp_715_20,28.492176,77.311043,72,2622.272
shp_715_20,28.492151,77.311096,73,2628.516
shp_715_20,28.492119,77.311134,74,2633.479
shp_715_20,28.491411,77.311127,75,2712.307
shp_715_20,28.491411,77.311127,76,2712.307
shp_715_20,28.489305,77.311089,77,2946.683
shp_715_20,28.488977,77.311081,78,2983.243
shp_715_20,28.488731,77.311073,79,3010.784
shp_715_20,28.488716,77.312462,80,3146.41
shp_715_20,28.488657,77.312454,81,3152.924
shp_715_20,28.488657,77.312454,82,3152.924
shp_715_20,28.488083,77.312431,83,3217.022
shp_715_20,28.487457,77.312408,84,3286.688
shp_715_20,28.487421,77.312424,85,3290.848
shp_715_20,28.487398,77.312439,86,3293.956
shp_715_20,28.487318,77.312546,87,3307.515
shp_715_20,28.487301,77.312553,88,3309.667
shp_715_20,28.487263,77.312561,89,3314.016
shp_715_20,28.486782,77.312546,90,3367.383
shp_715_20,28.486767,77.313293,91,3441.011
shp_715_20,28.486567,77.313301,92,3463.299
shp_715_20,28.486568,77.313889,93,3521.212
shp_715_20,28.486557,77.314392,94,3570.795
shp_715_21,28.493261,77.301155,1,0.0
shp_715_21,28.494146,77.300972,2,100.077
shp_715_21,28.494511,77.30278,3,281.584
shp_715_21,28.494881,77.302704,4,323.535
shp_715_21,28.496164,77.302467,5,468.388
shp_715_21,28.496384,77.302368,6,494.423
shp_715_21,28.496452,77.302361,7,502.18
shp_715_21,28.496479,77.302361,8,505.119
shp_715_21,28.496508,77.302376,9,508.512
shp_715_21,28.496655,77.302483,10,528.121
shp_715_21,28.496683,77.302498,11,531.706
shp_715_21,28.496742,77.302505,12,538.386
shp_715_21,28.496822,77.30249,13,547.337
shp_715_21,28.496885,77.302452,14,555.094
shp_715_21,28.496992,77.302383,15,568.917
shp_715_21,28.497055,77.302322,16,578.008
shp_715_21,28.497175,77.302193,17,596.714
shp_715_21,28.49753,77.301918,18,644.219
shp_715_21,28.4977,77.30175,19,669.289
shp_715_21,28.497868,77.301567,20,695.126
shp_715_21,28.498051,77.301399,21,721.554
shp_715_21,28.498196,77.301292,22,740.527
shp_715_21,28.498543,77.301102,23,783.474
shp_715_21,28.498646,77.301041,24,796.652
shp_715_21,28.498688,77.301003,25,802.382
shp_715_21,28.498726,77.300957,26,808.624
shp_715_21,28.498756,77.300896,27,815.242
shp_715_21,28.49892,77.300499,28,858.469
shp_715_21,28.49897,77.300407,29,869.167
shp_715_21,28.499216,77.300056,30,913.139
shp_715_21,28.499271,77.299957,31,924.535
shp_715_21,28.499306,77.299858,32,934.536
shp_715_21,28.499331,77.299706,33,950.096
shp_715_21,28.499311,77.299446,34,975.528
shp_715_21,28.499237,77.299072,35,1013.016
shp_715_21,28.499224,77.299019,36,1018.526
shp_715_21,28.499111,77.298759,37,1046.436
shp_715_21,28.499067,77.298645,38,1058.85
shp_715_21,28.498871,77.297775,39,1146.702
shp_715_21,28.498777,77.297302,40,1194.566
shp_715_21,28.498724,77.29689,41,1234.813
shp_715_21,28.498703,77.296539,42,1269.667
shp_715_21,28.498726,77.296234,43,1299.418
shp_715_21,28.498745,77.296135,44,1309.595
shp_715_21,28.498863,77.295692,45,1354.499
shp_715_21,28.498943,77.295502,46,1375.362
shp_715_21,28.499041,77.295326,47,1395.667
shp_715_21,28.49931,77.294998,48,1439.428
shp_715_21,28.499737,77.294617,49,1499.718
shp_715_21,28.499737,77.294617,50,1499.718
shp_715_21,28.500883,77.293587,51,1662.522
shp_715_21,28.501059,77.293381,52,1690.306
shp_715_21,28.501158,77.293205,53,1711.097
shp_715_21,28.501209,77.292999,54,1731.68
shp_715_21,28.501329,77.291779,55,1852.048
shp_715_21,28.501453,77.290916,56,1937.204
shp_715_21,28.501453,77.290916,57,1937.204
shp_715_21,28.501904,77.287651,58,2260.744
shp_715_21,28.501904,77.287651,59,2260.744
shp_715_21,28.501993,77.28701,60,2324.683
shp_715_21,28.501993,77.28701,61,2324.683
shp_715_21,28.502419,77.283974,62,2625.129
shp_715_21,28.50243,77.283821,63,2640.208
shp_715_21,28.502417,77.28318,64,2702.717
shp_715_21,28.502419,77.282768,65,2742.973
shp_715_21,28.502472,77.28257,66,2763.643
shp_715_21,28.502552,77.282341,67,2787.55
shp_715_21,28.502871,77.281677,68,2861.521
shp_715_21,28.503048,77.281334,69,2900.211
shp_715_21,28.503048,77.281334,70,2900.211
shp_715_21,28.503252,77.280945,71,2945.037
shp_715_21,28.503563,77.280373,72,3010.663
shp_715_21,28.504028,77.279396,73,3119.07
shp_715_21,28.504683,77.278076,74,3267.792
shp_715_21,28.504881,77.277763,75,3305.217
shp_715_21,28.505239,77.277031,76,3387.486
shp_715_21,28.505434,77.276657,77,3429.985
shp_715_21,28.505434,77.276657,78,3429.985
shp_715_21,28.505629,77.276283,79,3472.408
shp_715_21,28.505714,77.27607,80,3495.613
shp_715_21,28.506437,77.273972,81,3715.512
shp_715_21,28.506895,77.27282,82,3839.642
shp_715_21,28.507082,77.272377,83,3887.316
shp_715_21,28.507082,77.272377,84,3887.316
shp_715_21,28.507767,77.27079,85,4060.621
shp_715_21,28.507807,77.270645,86,4075.393
shp_715_21,28.507816,77.270523,87,4087.239
shp_715_21,28.507792,77.269989,88,4139.678
shp_715_21,28.507803,77.269707,89,4167.069
shp_715_21,28.5079,77.26931,90,4207.251
shp_715_21,28.508377,77.267502,91,4392.443
shp_715_21,28.508598,77.266998,92,4447.26
shp_715_21,28.508625,77.266922,93,4455.119
shp_715_21,28.509205,77.264618,94,4689.592
shp_715_21,28.509268,77.26445,95,4707.798
shp_715_21,28.50938,77.264214,96,4733.675
shp_715_21,28.509638,77.263733,97,4788.882
shp_715_21,28.509951,77.263191,98,4852.346
shp_715_21,28.510643,77.262245,99,4972.967
shp_715_21,28.510714,77.262207,100,4981.558
shp_715_21,28.510805,77.262093,101,4996.565
shp_715_21,28.510839,77.262039,102,5003.39
shp_715_21,28.51087,77.261948,103,5013.136
shp_715_21,28.510958,77.261734,104,5035.841
shp_715_21,28.511202,77.261383,105,5079.681
shp_715_21,28.511408,77.261108,106,5114.956
shp_715_21,28.511633,77.260735,107,5159.32
shp_715_21,28.511753,77.260468,108,5188.917
shp_715_21,28.51198,77.259819,109,5257.226
shp_715_21,28.51202,77.25959,110,5279.802
shp_715_21,28.512032,77.259476,111,5291.011
shp_715_21,28.512018,77.259277,112,5310.541
shp_715_21,28.51199,77.259109,113,5326.971
shp_715_21,28.511969,77.259048,114,5333.804
shp_715_22,28.564566,77.334923,1,0.0
shp_715_22,28.564363,77.335205,2,35.476
shp_715_22,28.563517,77.336494,3,193.433
shp_715_22,28.563499,77.336624,4,205.959
shp_715_22,28.563004,77.337326,5,293.904
shp_715_22,28.562115,77.338608,6,453.667
shp_715_22,28.562061,77.338776,7,471.527
shp_715_22,28.562077,77.338882,8,481.73
shp_715_22,28.562222,77.339157,9,513.303
shp_715_22,28.562517,77.339577,10,566.016
shp_715_22,28.562567,77.339729,11,581.818
shp_715_22,28.562843,77.340027,12,623.784
shp_715_22,28.562841,77.340141,13,635.166
shp_715_22,28.562983,77.340294,14,656.724
shp_715_22,28.563,77.340317,15,660.026
shp_715_22,28.563009,77.340347,16,663.333
shp_715_22,28.563007,77.340385,17,666.638
shp_715_22,28.563,77.340416,18,669.943
shp_715_22,28.562981,77.340446,19,673.247
shp_715_22,28.562958,77.340462,20,676.561
shp_715_22,28.562929,77.340477,21,679.864
shp_715_22,28.562899,77.340477,22,683.17
shp_715_22,28.562872,77.340462,23,686.475
shp_715_22,28.562651,77.340263,24,718.021
shp_715_22,28.562429,77.339973,25,755.56
shp_715_22,28.561871,77.339203,26,853.361
shp_715_22,28.561775,77.339043,27,871.934
shp_715_22,28.56106,77.337326,28,1058.085
shp_715_22,28.560852,77.336876,29,1107.371
shp_715_22,28.56057,77.33609,30,1190.392
shp_715_22,28.560438,77.33567,31,1234.259
shp_715_22,28.560236,77.335426,32,1266.793
shp_715_22,28.560198,77.335388,33,1272.5
shp_715_22,28.560171,77.335381,34,1275.779
shp_715_22,28.560152,77.335381,35,1277.826
shp_715_22,28.557913,77.336502,36,1550.108
shp_715_22,28.556881,77.336906,37,1671.691
shp_715_22,28.555189,77.337502,38,1868.749
shp_715_22,28.555056,77.337524,39,1883.856
shp_715_22,28.554409,77.337479,40,1955.847
shp_715_22,28.554094,77.337463,41,1990.953
shp_715_22,28.553946,77.337448,42,2007.548
shp_715_22,28.553804,77.337418,43,2023.492
shp_715_22,28.553583,77.337349,44,2049.214
shp_715_22,28.553419,77.33728,45,2068.732
shp_715_22,28.552715,77.338264,46,2192.789
shp_715_22,28.552048,77.339157,47,2307.478
shp_715_22,28.55146,77.340057,48,2416.881
shp_715_22,28.551102,77.340515,49,2476.749
shp_715_22,28.551006,77.340668,50,2495.172
shp_715_22,28.550951,77.340836,51,2512.786
shp_715_22,28.550919,77.341072,52,2536.219
shp_715_22,28.550882,77.34150699999999,53,2579.016
shp_715_22,28.550817,77.341843,54,2612.346
shp_715_22,28.550575,77.34449,55,2873.167
shp_715_22,28.550547,77.34462,56,2886.324
shp_715_22,28.549833,77.344299,57,2971.843
shp_715_22,28.549427,77.344101,58,3020.994
shp_715_22,28.549004,77.34388,59,3072.747
shp_715_22,28.54846,77.343529,60,3142.587
shp_715_22,28.548315,77.343445,61,3160.525
shp_715_22,28.548334,77.343536,62,3169.74
shp_715_22,28.54833,77.343605,63,3176.297
shp_715_22,28.548191,77.344879,64,3301.913
shp_715_22,28.548008,77.346428,65,3454.795
shp_715_22,28.548008,77.346428,66,3454.795
shp_715_22,28.547956,77.346931,67,3504.205
shp_715_22,28.547653,77.349449,68,3752.414
shp_715_22,28.547611,77.349686,69,3776.426
shp_715_22,28.547579,77.349785,70,3786.667
shp_715_22,28.547129,77.350471,71,3870.245
shp_715_22,28.546139,77.352074,72,4061.796
shp_715_22,28.546227,77.35215,73,4074.064
shp_715_23,28.564566,77.334923,1,0.0
shp_715_23,28.564363,77.335205,2,35.476
shp_715_23,28.563517,77.336494,3,193.433
shp_715_23,28.563306999999998,77.336761,4,228.416
shp_715_23,28.562485,77.337921,5,373.8
shp_715_23,28.562056,77.338547,6,451.539
shp_715_23,28.561131,77.339828,7,613.905
shp_715_23,28.560848,77.340294,8,668.777
shp_715_23,28.560673,77.340675,9,710.903
shp_715_23,28.560537,77.341042,10,749.698
shp_715_23,28.560474,77.341362,11,781.855
shp_715_23,28.560436,77.341888,12,833.835
shp_715_23,28.56045,77.342255,13,869.421
shp_715_23,28.560507,77.342545,14,898.763
shp_715_23,28.560545,77.342674,15,911.995
shp_715_23,28.560816,77.344238,16,1068.154
shp_715_23,28.561129,77.346275,17,1270.092
shp_715_23,28.561289,77.346848,18,1329.176
shp_715_23,28.561457,77.347778,19,1421.703
shp_715_23,28.561565,77.348694,20,1512.342
shp_715_23,28.561644,77.349747,21,1615.216
shp_715_23,28.561775,77.35041,22,1681.767
shp_715_23,28.561848,77.351021,23,1741.909
shp_715_23,28.561899,77.352104,24,1847.956
shp_715_23,28.561905,77.352394,25,1876.607
shp_715_23,28.561941,77.35273,26,1909.861
shp_715_23,28.561939,77.352966,27,1932.809
shp_715_23,28.561869,77.353653,28,2000.023
shp_715_23,28.561825,77.353928,29,2027.865
shp_715_23,28.561758,77.354103,30,2046.253
shp_715_23,28.561674,77.355034,31,2137.922
shp_715_23,28.561411,77.358391,32,2467.09
shp_715_23,28.561226,77.358383,33,2487.731
shp_715_23,28.561279,77.357651,34,2559.195
shp_715_23,28.561275,77.35759,35,2565.562
shp_715_23,28.561214,77.357468,36,2579.096
shp_715_23,28.561123,77.357391,37,2591.627
shp_715_23,28.560947,77.357391,38,2611.014
shp_715_23,28.555477,77.356895,39,3221.928
shp_715_23,28.555325,77.359047,40,3433.078
shp_715_23,28.555218,77.360428,41,3568.637
shp_715_23,28.55508,77.362457,42,3767.594
shp_715_23,28.555046,77.362686,43,3790.625
shp_715_23,28.554983,77.362823,44,3805.165
shp_715_23,28.55492,77.362915,45,3816.555
shp_715_23,28.554817,77.363029,46,3832.447
shp_715_23,28.5536,77.364182,47,4008.782
shp_715_23,28.553495,77.364311,48,4026.121
shp_715_23,28.553442,77.364449,49,4040.96
shp_715_23,28.553391,77.364967,50,4091.654
shp_715_23,28.54714,77.364388,51,4789.799
shp_715_23,28.547064,77.364449,52,4800.187
shp_715_23,28.547016,77.364563,53,4812.65
shp_715_23,28.546915,77.365662,54,4921.225
shp_715_23,28.546804,77.366776,55,5030.15
shp_715_23,28.546513,77.369987,56,5346.417
shp_715_23,28.546301,77.371788,57,5523.794
shp_715_23,28.546162,77.373291,58,5671.591
shp_715_23,28.546114,77.37368,59,5710.406
shp_715_23,28.54604,77.374626,60,5802.918
shp_715_23,28.545549,77.374474,61,5859.45
shp_715_23,28.545219,77.374321,62,5899.209
shp_715_23,28.545021,77.374176,63,5925.391
shp_715_23,28.544813,77.37397,64,5955.882
shp_715_23,28.544662,77.373795,65,5980.148
shp_715_23,28.543797,77.372429,66,6144.603
shp_715_23,28.543446,77.371895,67,6210.218
shp_715_23,28.543446,77.371895,68,6210.218
shp_715_23,28.543135,77.371422,69,6267.902
shp_715_23,28.542719,77.370766,70,6347.178
shp_715_23,28.542559,77.370781,71,6365.13
shp_715_23,28.542467,77.370804,72,6375.819
shp_715_23,28.542389,77.370842,73,6385.023
shp_715_23,28.542065,77.37101,74,6424.75
shp_715_23,28.541845,77.371315,75,6462.968
shp_715_23,28.541235,77.372513,76,6598.552
shp_715_23,28.540516,77.373978,77,6762.699
shp_715_23,28.540503,77.374054,78,6770.323
shp_715_23,28.540514,77.374107,79,6775.57
shp_715_23,28.540552,77.374161,80,6782.235
shp_715_23,28.542192,77.375275,81,6995.033
shp_715_23,28.542526,77.375519,82,7039.22
shp_715_23,28.543606,77.376442,83,7189.365
shp_715_23,28.546576,77.379089,84,7609.463
shp_715_23,28.5481,77.380638,85,7836.482
shp_715_23,28.548241,77.380859,86,7863.409
shp_715_23,28.548071,77.381058,87,7890.32
shp_715_23,28.54793,77.381195,88,7910.962
shp_715_23,28.547548,77.381584,89,7968.147
shp_715_23,28.547548,77.381584,90,7968.147
shp_715_23,28.546923,77.382263,91,8064.564
shp_715_23,28.546444,77.382744,92,8135.277
shp_715_23,28.545883,77.383347,93,8221.456
shp_715_23,28.545017,77.384224,94,8350.198
shp_715_23,28.544443,77.384781,95,8434.372
shp_715_23,28.543766,77.38546,96,8534.927
shp_715_23,28.543221,77.385994,97,8614.595
shp_715_24,28.581581,77.057144,1,0.0
shp_715_24,28.581917,77.05719,2,37.601
shp_715_24,28.582993,77.057289,3,157.831
shp_715_24,28.582874,77.059494,4,373.603
shp_715_24,28.582808,77.060135,5,436.834
shp_715_24,28.58485,77.061852,6,719.655
shp_715_24,28.584911,77.061859,7,726.442
shp_715_24,28.584984,77.061844,8,734.61
shp_715_24,28.585754,77.060692,9,876.095
shp_715_24,28.586491,77.059578,10,1012.658
shp_715_24,28.586552,77.059532,11,1020.588
shp_715_24,28.586617,77.059532,12,1027.758
shp_715_24,28.587179,77.060005,13,1105.712
shp_715_24,28.587179,77.060005,14,1105.712
shp_715_24,28.588955,77.061523,15,1353.179
shp_715_24,28.58882,77.061729,16,1378.213
shp_715_24,28.58882,77.061729,17,1378.213
shp_715_24,28.587416,77.063873,18,1639.757
shp_715_24,28.587416,77.063873,19,1639.757
shp_715_24,28.586767,77.064865,20,1760.281
shp_715_24,28.586758,77.065109,21,1784.537
shp_715_24,28.58676,77.065346,22,1807.179
shp_715_24,28.586788,77.065514,23,1824.333
shp_715_24,28.586834,77.065704,24,1843.737
shp_715_24,28.586937,77.065933,25,1868.73
shp_715_24,28.590778,77.069229,26,2404.198
shp_715_24,28.590858,77.06913,27,2417.508
shp_715_24,28.592121,77.067184,28,2654.176
shp_715_24,28.59248,77.066666,29,2718.744
shp_715_24,28.593576,77.065025,30,2920.488
shp_715_24,28.593628,77.064873,31,2935.856
shp_715_24,28.593794,77.063309,32,3090.08
shp_715_25,28.581068,77.057167,1,0.0
shp_715_25,28.581573,77.056389,2,94.349
shp_715_25,28.581688,77.056198,3,117.061
shp_715_25,28.582457,77.055084,4,255.505
shp_715_25,28.582716,77.054688,5,303.636
shp_715_25,28.582798,77.05455,6,320.29
shp_715_25,28.582802,77.054474,7,327.568
shp_715_25,28.582762,77.054466,8,332.035
shp_715_25,28.582724,77.054443,9,336.917
shp_715_25,28.581715,77.053604,10,475.866
shp_715_25,28.58069,77.052734,11,618.436
shp_715_25,28.580509,77.052589,12,642.912
shp_715_25,28.58102,77.051819,13,737.488
shp_715_25,28.580347,77.051254,14,830.357
shp_715_25,28.58005,77.051048,15,869.021
shp_715_25,28.579433,77.050484,16,957.003
shp_715_25,28.57935,77.050446,17,967.264
shp_715_25,28.579294,77.050461,18,973.445
shp_715_25,28.579239,77.050491,19,980.512
shp_715_25,28.579231,77.050125,20,1016.294
shp_715_25,28.578934,77.050072,21,1049.792
shp_715_25,28.578901,77.049934,22,1063.435
shp_715_25,28.578857,77.049858,23,1072.815
shp_715_25,28.578583,77.049606,24,1111.655
shp_715_25,28.57831,77.049446,25,1145.86
shp_715_25,28.577513,77.049049,26,1242.958
shp_715_25,28.5772,77.048958,27,1278.911
shp_715_25,28.57723,77.048553,28,1318.451
shp_715_25,28.57725,77.048103,29,1362.889
shp_715_25,28.57725,77.048103,30,1362.889
shp_715_25,28.577276,77.047386,31,1432.645
shp_715_25,28.577293,77.045738,32,1593.732
shp_715_25,28.577288,77.045227,33,1643.572
shp_715_25,28.576746,77.045433,34,1706.957
shp_715_26,28.589035,77.169487,1,0.0
shp_715_26,28.588995,77.169327,2,16.19
shp_715_26,28.587914,77.167175,3,258.608
shp_715_26,28.587729,77.166847,4,296.258
shp_715_26,28.587595,77.166718,5,315.991
shp_715_26,28.587366,77.166534,6,346.947
shp_715_26,28.587126,77.166443,7,375.056
shp_715_26,28.586952,77.166405,8,394.839
shp_715_26,28.586689,77.166389,9,424.237
shp_715_26,28.585987,77.166344,10,502.556
shp_715_26,28.585699,77.166351,11,534.543
shp_715_26,28.585464,77.166351,12,560.66
shp_715_26,28.585218,77.166328,13,588.247
shp_715_26,28.585098,77.166298,14,601.857
shp_715_26,28.584963,77.166252,15,617.674
shp_715_26,28.584856,77.166183,16,631.213
shp_715_26,28.584726,77.166061,17,649.887
shp_715_26,28.584726,77.166061,18,649.887
shp_715_26,28.584524,77.16584,19,681.037
shp_715_26,28.584347,77.165627,20,710.001
shp_715_26,28.584103,77.165352,21,748.242
shp_715_26,28.58322,77.164391,22,883.996
shp_715_26,28.583023,77.164146,23,916.634
shp_715_26,28.58283,77.163948,24,945.229
shp_715_26,28.582743,77.163879,25,957.357
shp_715_26,28.582609,77.163849,26,972.399
shp_715_26,28.582157,77.163849,27,1022.717
shp_715_26,28.58189,77.163841,28,1052.468
shp_715_26,28.581707,77.163811,29,1073.049
shp_715_26,28.58149,77.163712,30,1099.113
shp_715_26,28.580755,77.1633,31,1190.232
shp_715_26,28.580441,77.163101,32,1230.339
shp_715_26,28.58004,77.16288,33,1279.981
shp_715_26,28.579754,77.16275,34,1314.323
shp_715_26,28.579315,77.162605,35,1365.123
shp_715_26,28.578951,77.162544,36,1406.064
shp_715_26,28.578232,77.162521,37,1486.097
shp_715_26,28.578131,77.162514,38,1497.359
shp_715_26,28.578131,77.162514,39,1497.359
shp_715_26,28.577774,77.162468,40,1537.456
shp_715_26,28.577486,77.162369,41,1570.786
shp_715_26,28.57736,77.162308,42,1585.994
shp_715_26,28.577187,77.162193,43,1608.4
shp_715_26,28.577187,77.162193,44,1608.4
shp_715_26,28.577135,77.162163,45,1614.948
shp_715_26,28.576948,77.162025,46,1639.653
shp_715_26,28.576796,77.161888,47,1661.385
shp_715_27,28.696701,77.208313,1,0.0
shp_715_27,28.697294,77.208702,2,76.118
shp_715_27,28.697716,77.207558,3,197.132
shp_715_27,28.697786,77.20739,4,215.37
shp_715_27,28.698641,77.204987,5,468.87
shp_715_27,28.698767,77.20462,6,506.842
shp_715_27,28.698895,77.204201,7,550.62
shp_715_27,28.699522,77.202423,8,737.389
shp_715_27,28.700331,77.20034,9,959.902
shp_715_27,28.70101,77.198463,10,1158.025
shp_715_27,28.702061,77.195648,11,1457.157
shp_715_27,28.702137,77.195457,12,1477.527
shp_715_27,28.702219,77.195198,13,1504.158
shp_715_27,28.703268,77.192513,14,1791.07
shp_715_27,28.703749,77.19136,15,1915.914
shp_715_27,28.704683,77.189148,16,2155.388
shp_715_27,28.706251,77.184204,17,2668.854
shp_715_27,28.706274,77.18409,18,2680.763
shp_715_27,28.706541,77.183296,19,2763.628
shp_715_27,28.707375,77.180687,20,3034.266
shp_715_27,28.707689,77.179535,21,3152.391
shp_715_27,28.707687,77.179474,22,3158.195
shp_715_27,28.707674,77.179413,23,3164.228
shp_715_27,28.707651,77.179359,24,3170.518
shp_715_27,28.707586,77.179245,25,3183.447
shp_715_27,28.707506,77.179169,26,3195.406
shp_715_27,28.707367,77.179092,27,3212.43
shp_715_27,28.707287,77.179008,28,3224.716
shp_715_27,28.707186,77.178871,29,3241.931
shp_715_27,28.707167,77.178749,30,3253.968
shp_715_27,28.707176,77.17868,31,3260.867
shp_715_27,28.707195,77.178627,32,3266.78
shp_715_27,28.707226,77.178581,33,3272.282
shp_715_27,28.707348,77.178429,34,3292.084
shp_715_27,28.707462,77.178337,35,3307.919
shp_715_27,28.707935,77.177971,36,3371.719
shp_715_27,28.708164,77.177856,37,3399.596
shp_715_27,28.709974,77.176224,38,3656.141
shp_715_27,28.710354,77.175903,39,3708.932
shp_715_27,28.711649,77.174767,40,3890.8
shp_715_27,28.712128,77.174316,41,3959.996
shp_715_27,28.712244,77.174103,42,3984.645
shp_715_27,28.714838,77.171875,43,4345.743
shp_715_27,28.718027,77.169022,44,4797.254
shp_715_27,28.718624,77.168533,45,4879.187
shp_715_27,28.718624,77.168533,46,4879.187
shp_715_27,28.719755,77.167603,47,5034.481
shp_715_27,28.719755,77.167603,48,5034.481
shp_715_27,28.72016,77.167267,49,5089.912
shp_715_27,28.720697,77.166763,50,5167.355
shp_715_27,28.720697,77.166763,51,5167.355
shp_715_27,28.722382,77.165192,52,5409.958
shp_715_27,28.722382,77.165192,53,5409.958
shp_715_27,28.722536,77.165047,54,5431.925
shp_715_27,28.723141,77.164619,55,5511.171
shp_715_27,28.72551,77.162834,56,5827.121
shp_715_27,28.72551,77.162834,57,5827.121
shp_715_27,28.725893,77.162544,58,5878.263
shp_715_28,28.696701,77.208313,1,0.0
shp_715_28,28.697294,77.208702,2,76.118
shp_715_28,28.697716,77.207558,3,197.132
shp_715_28,28.697786,77.20739,4,215.37
shp_715_28,28.698641,77.204987,5,468.87
shp_715_28,28.698767,77.20462,6,506.842
shp_715_28,28.698895,77.204201,7,550.62
shp_715_28,28.699522,77.202423,8,737.389
shp_715_28,28.700331,77.20034,9,959.902
shp_715_28,28.70101,77.198463,10,1158.025
shp_715_28,28.702061,77.195648,11,1457.157
shp_715_28,28.702137,77.195457,12,1477.527
shp_715_28,28.702219,77.195198,13,1504.158
shp_715_28,28.703268,77.192513,14,1791.07
shp_715_28,28.703749,77.19136,15,1915.914
shp_715_28,28.704683,77.189148,16,2155.388
shp_715_28,28.706251,77.184204,17,2668.854
shp_715_28,28.706274,77.18409,18,2680.763
shp_715_28,28.706541,77.183296,19,2763.628
shp_715_28,28.707375,77.180687,20,3034.266
shp_715_28,28.707689,77.179535,21,3152.391
shp_715_28,28.707687,77.179474,22,3158.195
shp_715_28,28.707674,77.179413,23,3164.228
shp_715_28,28.707651,77.179359,24,3170.518
shp_715_28,28.707586,77.179245,25,3183.447
shp_715_28,28.707506,77.179169,26,3195.406
shp_715_28,28.707367,77.179092,27,3212.43
shp_715_28,28.707287,77.179008,28,3224.716
shp_715_28,28.707186,77.178871,29,3241.931
shp_715_28,28.707167,77.178749,30,3253.968
shp_715_28,28.707176,77.17868,31,3260.867
shp_715_28,28.707195,77.178627,32,3266.78
shp_715_28,28.707226,77.178581,33,3272.282
shp_715_28,28.707348,77.178429,34,3292.084
shp_715_28,28.707462,77.178337,35,3307.919
shp_715_28,28.707935,77.177971,36,3371.719
shp_715_28,28.708164,77.177856,37,3399.596
shp_715_28,28.709974,77.176224,38,3656.141
shp_715_28,28.710354,77.175903,39,3708.932
shp_715_28,28.711649,77.174767,40,3890.8
shp_715_28,28.712128,77.174316,41,3959.996
shp_715_28,28.712244,77.174103,42,3984.645
shp_715_28,28.713478,77.17305,43,4156.265
shp_715_28,28.713587,77.17321,44,4176.487
shp_715_28,28.71385,77.173576,45,4222.376
shp_715_28,28.714834,77.172676,46,4362.74
shp_715_28,28.715136,77.172386,47,4406.717
shp_715_28,28.715115,77.172348,48,4410.542
shp_715_28,28.715637,77.171913,49,4482.77
shp_715_28,28.71579,77.171776,50,4504.457
shp_715_28,28.715647,77.171478,51,4537.017
shp_715_28,28.715647,77.171478,52,4537.017
shp_715_28,28.715595,77.171402,53,4546.578
shp_715_28,28.714725,77.172188,54,4669.922
shp_715_28,28.714725,77.172188,55,4669.922
shp_715_28,28.714342,77.172531,56,4724.202
shp_715_28,28.714342,77.172531,57,4724.202
shp_715_28,28.713612,77.173187,58,4827.915
shp_715_28,28.713612,77.173187,59,4827.915
shp_715_28,28.712542,77.174194,60,4982.182
shp_715_28,28.712542,77.174194,61,4982.182
shp_715_28,28.712404,77.174324,62,5001.969
shp_715_28,28.712269,77.174515,63,5025.837
shp_715_28,28.710693,77.175903,64,5247.689
shp_715_28,28.710646,77.176033,65,5261.047
shp_715_28,28.71063,77.176094,66,5267.315
shp_715_29,28.551912,77.056679,1,0.0
shp_715_29,28.553604,77.058128,2,235.66
shp_715_29,28.555334,77.055519,3,554.933
shp_715_29,28.557032,77.053009,4,865.171
shp_715_29,28.557226,77.052734,5,899.194
shp_715_29,28.557297,77.052818,6,910.517
shp_715_29,28.558056,77.053497,7,1017.722
shp_715_29,28.558056,77.053497,8,1017.722
shp_715_29,28.558487,77.053879,9,1078.556
shp_715_29,28.558878,77.054207,10,1132.927
shp_715_29,28.558878,77.054207,11,1132.927
shp_715_29,28.559399,77.054649,12,1205.099
shp_715_29,28.559586,77.054848,13,1233.2
shp_715_29,28.559586,77.054848,14,1233.2
shp_715_29,28.559629,77.054886,15,1239.788
shp_715_29,28.560595,77.055733,16,1375.038
shp_715_29,28.560595,77.055733,17,1375.038
shp_715_29,28.561054,77.056129,18,1439.45
shp_715_29,28.561054,77.056129,19,1439.45
shp_715_29,28.561889999999998,77.056839,20,1555.668
shp_715_29,28.561889999999998,77.056839,21,1555.668
shp_715_29,28.562832,77.05764,22,1686.558
shp_715_29,28.562941,77.057472,23,1707.01
shp_715_29,28.562941,77.057472,24,1707.01
shp_715_29,28.563791,77.056183,25,1864.951
shp_715_29,28.563791,77.056183,26,1864.951
shp_715_29,28.564371,77.055298,27,1972.896
shp_715_29,28.564371,77.055298,28,1972.896
shp_715_29,28.564568,77.055,29,2009.149
shp_715_29,28.563814,77.054352,30,2114.135
shp_715_29,28.563814,77.054352,31,2114.135
shp_715_29,28.563499,77.054077,32,2158.419
shp_715_29,28.562403,77.053146,33,2310.727
shp_715_29,28.562374,77.053108,34,2315.448
shp_715_29,28.562353,77.053055,35,2321.08
shp_715_29,28.561796,77.051186,36,2514.258
shp_715_29,28.561796,77.051186,37,2514.258
shp_715_29,28.561743,77.051018,38,2531.481
shp_715_29,28.563549,77.050339,39,2743.446
shp_715_29,28.563549,77.050339,40,2743.446
shp_715_29,28.564671,77.049904,41,2875.39
shp_715_29,28.564636,77.049866,42,2880.626
shp_715_29,28.564596,77.049843,43,2885.646
shp_715_29,28.564596,77.049843,44,2885.646
shp_715_29,28.564453,77.049774,45,2902.797
shp_715_29,28.563824,77.049545,46,2976.386
shp_715_29,28.563824,77.049545,47,2976.386
shp_715_29,28.563715,77.049515,48,2988.907
shp_715_29,28.563492,77.048195,49,3120.292
shp_715_29,28.563492,77.048195,50,3120.292
shp_715_29,28.563488,77.047882,51,3150.649
shp_715_29,28.563496,77.047668,52,3171.533
shp_715_29,28.563496,77.047668,53,3171.533
shp_715_29,28.563509,77.047318,54,3205.855
shp_715_29,28.563597,77.045952,55,3339.676
shp_715_29,28.563671,77.044617,56,3470.332
shp_715_29,28.563644,77.044464,57,3485.491
shp_715_29,28.563702,77.043083,58,3621.233
shp_715_30,28.59247,77.04071,1,0.0
shp_715_30,28.591852,77.041656,2,115.077
shp_715_30,28.592407,77.042145,3,193.416
shp_715_30,28.593969,77.043495,4,411.365
shp_715_30,28.593494,77.044212,5,499.023
shp_715_30,28.594812,77.045326,6,682.138
shp_715_30,28.595039,77.045013,7,722.007
shp_715_30,28.595257,77.045189,8,751.666
shp_715_30,28.595879,77.045708,9,837.632
shp_715_30,28.595938,77.045616,10,848.863
shp_715_30,28.595938,77.045616,11,848.863
shp_715_30,28.596277,77.04509,12,913.123
shp_715_30,28.597748,77.046364,13,1118.895
shp_715_30,28.597748,77.046364,14,1118.895
shp_715_30,28.598417,77.046944,15,1212.662
shp_715_30,28.59796,77.047623,16,1296.376
shp_715_30,28.59796,77.047623,17,1296.376
shp_715_30,28.597281,77.04863,18,1420.345
shp_715_30,28.597281,77.04863,19,1420.345
shp_715_30,28.596939,77.049133,20,1482.559
shp_715_30,28.596777,77.049408,21,1514.919
shp_715_30,28.596699,77.049492,22,1526.792
shp_715_30,28.596586,77.049538,23,1540.046
shp_715_30,28.596457,77.04953,24,1554.555
shp_715_30,28.596281,77.049431,25,1576.448
shp_715_30,28.595516,77.048782,26,1682.6
shp_715_31,28.59247,77.04071,1,0.0
shp_715_31,28.591852,77.041656,2,115.077
shp_715_31,28.592407,77.042145,3,193.416
shp_715_31,28.593887,77.043427,4,400.034
shp_715_31,28.594667,77.042274,5,542.206
shp_715_31,28.594667,77.042274,6,542.206
shp_715_31,28.595392,77.041206,7,674.157
shp_715_31,28.595392,77.041206,8,674.157
shp_715_31,28.595545,77.040977,9,701.959
shp_715_31,28.597851,77.042946,10,1022.819
shp_715_31,28.597931,77.043037,11,1035.051
shp_715_31,28.597965,77.043137,12,1045.386
shp_715_31,28.597975,77.044914,13,1219.472
shp_715_31,28.597984,77.045029,14,1230.702
shp_715_31,28.598036,77.045135,15,1242.435
shp_715_31,28.599085,77.045998,16,1386.425
shp_715_31,28.599085,77.045998,17,1386.425
shp_715_31,28.599169,77.046074,18,1398.494
shp_715_31,28.601757,77.04216,19,1877.338
shp_715_31,28.601843,77.042206,20,1887.963
shp_715_31,28.602341,77.042633,21,1957.612
shp_715_31,28.602791,77.043144,22,2028.194
shp_715_31,28.60323,77.043663,23,2098.668
shp_715_31,28.603666,77.044357,24,2181.891
shp_715_31,28.604042,77.045006,25,2258.108
shp_715_31,28.604404,77.045776,26,2343.551
shp_715_31,28.604691,77.046501,27,2420.786
shp_715_31,28.60483,77.046921,28,2464.977
shp_715_31,28.604956,77.047401,29,2513.921
shp_715_31,28.605122,77.04821,30,2594.79
shp_715_31,28.605291,77.049324,31,2705.895
shp_715_31,28.605312,77.050232,32,2794.155
shp_715_31,28.605305,77.050652,33,2835.564
shp_715_31,28.605211,77.051514,34,2920.078
shp_715_31,28.605127,77.051979,35,2966.418
shp_715_31,28.605045,77.052368,36,3006.14
shp_715_31,28.605005,77.052528,37,3022.129
shp_715_31,28.605005,77.052528,38,3022.129
shp_715_31,28.604921,77.052864,39,3056.038
shp_715_31,28.604761,77.053375,40,3109.493
shp_715_31,28.60457,77.053902,41,3164.804
shp_715_31,28.604151,77.054787,42,3263.499
shp_715_31,28.603884,77.055267,43,3318.939
shp_715_31,28.603741,77.055496,44,3346.437
shp_715_32,28.565977,77.064575,1,0.0
shp_715_32,28.568474,77.066696,2,346.855
shp_715_32,28.568642,77.066757,3,366.422
shp_715_32,28.56901,77.066765,4,407.345
shp_715_32,28.569689,77.06665,5,483.851
shp_715_32,28.570362,77.066498,6,560.22
shp_715_32,28.57102,77.066299,7,636.007
shp_715_32,28.571152,77.066246,8,651.622
shp_715_32,28.57128,77.066154,9,668.373
shp_715_32,28.57159,77.06588,10,712.24
shp_715_32,28.571772,77.065651,11,742.324
shp_715_32,28.571936,77.065384,12,774.088
shp_715_32,28.572412,77.065788,13,840.553
shp_715_32,28.572527,77.06588,14,855.805
shp_715_32,28.576645,77.069427,15,1430.883
shp_715_32,28.578125,77.070679,16,1635.978
shp_715_32,28.576731,77.072784,17,1893.63
shp_715_32,28.576683,77.072891,18,1904.859
shp_715_32,28.576601,77.073151,19,1932.009
shp_715_32,28.576426,77.07653,20,2263.148
shp_715_32,28.576429,77.076569,21,2266.988
shp_715_32,28.576458,77.076637,22,2274.074
shp_715_32,28.576487,77.07666,23,2278.065
shp_715_32,28.576529,77.076683,24,2283.432
shp_715_32,28.576828,77.076775,25,2317.981
shp_715_32,28.578333,77.077133,26,2489.011
shp_715_33,28.574356,77.065483,1,0.0
shp_715_33,28.574242,77.065544,2,14.105
shp_715_33,28.574701,77.066002,3,81.798
shp_715_33,28.574282,77.06665,4,160.656
shp_715_33,28.574076,77.066994,5,201.379
shp_715_33,28.57448,77.067345,6,258.115
shp_715_33,28.57448,77.067345,7,258.115
shp_715_33,28.574814,77.067635,8,304.882
shp_715_33,28.574734,77.067787,9,321.708
shp_715_33,28.574896,77.067924,10,344.322
shp_715_33,28.574896,77.067924,11,344.322
shp_715_33,28.576578,77.069374,12,578.986
shp_715_33,28.576578,77.069374,13,578.986
shp_715_33,28.578005,77.07058,14,777.222
shp_715_33,28.578005,77.07058,15,777.222
shp_715_33,28.579782,77.07209,16,1023.814
shp_715_33,28.579987,77.072144,17,1047.189
shp_715_33,28.580111,77.072151,18,1061.088
shp_715_33,28.58024,77.07209,19,1076.493
shp_715_33,28.580526,77.071884,20,1114.255
shp_715_33,28.581623,77.070206,21,1318.481
shp_715_33,28.581623,77.070206,22,1318.481
shp_715_33,28.581829,77.069885,23,1357.511
shp_715_33,28.582626,77.070572,24,1468.622
shp_715_33,28.582626,77.070572,25,1468.622
shp_715_33,28.58342,77.071243,26,1578.851
shp_715_33,28.583456,77.07132,27,1586.936
shp_715_33,28.583508,77.071335,28,1592.826
shp_715_33,28.583572,77.071342,29,1600.07
shp_715_33,28.584045,77.07132,30,1652.881
shp_715_34,28.602018,77.082413,1,0.0
shp_715_34,28.602036,77.082359,2,5.937
shp_715_34,28.601007,77.082146,3,122.335
shp_715_34,28.600731,77.0821,4,153.535
shp_715_34,28.600004,77.081932,5,235.937
shp_715_34,28.599669,77.081848,6,274.295
shp_715_34,28.599203,77.081757,7,326.92
shp_715_34,28.598511,77.081581,8,405.663
shp_715_34,28.59812,77.08149,9,450.107
shp_715_34,28.59745,77.081284,10,527.342
shp_715_34,28.596565,77.080963,11,630.87
shp_715_34,28.595839,77.080727,12,714.967
shp_715_34,28.595741,77.080711,13,725.852
shp_715_34,28.595522,77.080696,14,750.342
shp_715_34,28.59527,77.080719,15,778.381
shp_715_34,28.594843,77.080788,16,826.341
shp_715_34,28.593801,77.080917,17,943.125
shp_715_35,28.602018,77.082413,1,0.0
shp_715_35,28.602036,77.082359,2,5.937
shp_715_35,28.601007,77.082146,3,122.335
shp_715_35,28.600731,77.0821,4,153.535
shp_715_35,28.600594,77.082062,5,169.136
shp_715_35,28.600327,77.082809,6,248.072
shp_715_35,28.600273,77.083,7,267.362
shp_715_35,28.600143,77.083344,8,304.008
shp_715_35,28.599728,77.084526,9,428.131
shp_715_35,28.599819,77.084641,10,443.295
shp_715_35,28.599718,77.084923,11,473.582
shp_715_35,28.599709,77.085083,12,488.915
shp_715_35,28.600189,77.085434,13,552.485
shp_715_35,28.600004,77.085869,14,600.101
shp_715_35,28.599989,77.085968,15,609.407
shp_715_35,28.599998,77.086052,16,617.98
shp_715_35,28.600281,77.087646,17,776.739
shp_715_35,28.600334,77.088379,18,848.689
shp_715_35,28.60034,77.088654,19,875.856
shp_715_35,28.600428,77.090012,20,1008.435
shp_715_35,28.600431,77.090958,21,1101.373
shp_715_35,28.600368,77.091721,22,1175.973
shp_715_35,28.600348,77.091866,23,1190.35
shp_715_35,28.600296,77.092003,24,1205.366
shp_715_35,28.600084,77.092377,25,1248.698
shp_715_35,28.599531,77.093391,26,1365.356
shp_715_35,28.599167,77.094002,27,1437.109
shp_715_35,28.599197,77.094025,28,1441.5
shp_715_35,28.599237,77.094109,29,1450.407
shp_715_35,28.599257,77.094131,30,1453.391
shp_715_35,28.59976,77.094414,31,1516.193
shp_715_35,28.600134,77.093765,32,1592.231
shp_715_35,28.600134,77.093765,33,1592.231
shp_715_35,28.600761,77.092628,34,1723.543
shp_715_35,28.60103,77.092636,35,1753.405
shp_715_35,28.601427,77.092552,36,1798.344
shp_715_35,28.601532,77.092499,37,1811.1
shp_715_35,28.601595,77.092453,38,1819.395
shp_715_35,28.601742,77.09227,39,1843.651
shp_715_35,28.602535,77.091133,40,1985.531
shp_715_35,28.602783,77.090805,41,2028.028
shp_715_35,28.603867,77.089859,42,2180.174
shp_715_35,28.603935,77.089806,43,2189.216
shp_715_36,28.6019,77.082222,1,0.0
shp_715_36,28.602205,77.082283,2,34.412
shp_715_36,28.603083,77.082527,3,134.787
shp_715_36,28.603962,77.082832,4,237.415
shp_715_36,28.604214,77.082817,5,265.393
shp_715_36,28.604408,77.082649,6,292.36
shp_715_36,28.604742,77.082283,7,343.868
shp_715_36,28.605146,77.081757,8,412.436
shp_715_36,28.60553,77.08136,9,470.012
shp_715_36,28.605587,77.081314,10,477.628
shp_715_36,28.60586,77.081161,11,511.43
shp_715_36,28.606014,77.081108,12,529.501
shp_715_36,28.606255,77.081085,13,556.315
shp_715_36,28.606413,77.0811,14,574.005
shp_715_36,28.606462,77.081116,15,579.782
shp_715_36,28.606752,77.081253,16,614.75
shp_715_36,28.607191,77.081497,17,669.094
shp_715_36,28.607658,77.081825,18,730.029
shp_715_36,28.608753,77.082489,19,868.138
shp_715_36,28.609383,77.082878,20,948.101
shp_715_36,28.609602,77.083031,21,976.45
shp_715_36,28.610165,77.083443,22,1051.278
shp_715_36,28.610252,77.083496,23,1062.088
shp_715_36,28.610319,77.083504,24,1069.499
shp_715_36,28.610466,77.083397,25,1088.681
shp_715_36,28.610596,77.083366,26,1103.587
shp_715_36,28.610762,77.083366,27,1121.944
shp_715_36,28.610909,77.083412,28,1138.888
shp_715_36,28.611038,77.08374,29,1173.764
shp_715_36,28.611303,77.084145,30,1223.316
shp_715_36,28.611513,77.084488,31,1264.008
shp_715_36,28.611557,77.084549,32,1272.034
shp_715_36,28.611725,77.084663,33,1293.456
shp_715_36,28.611809,77.084808,34,1310.652
shp_715_36,28.611814,77.084846,35,1314.628
shp_715_36,28.612011,77.085457,36,1377.82
shp_715_36,28.61215,77.085716,37,1407.676
shp_715_36,28.612337,77.08593,38,1437.522
shp_715_36,28.612642,77.086143,39,1477.077
shp_715_36,28.613068,77.086365,40,1529.35
shp_715_37,28.611891,76.975433,1,0.0
shp_715_37,28.611921,76.975342,2,10.041
shp_715_37,28.611286,76.97506,3,85.656
shp_715_37,28.61134,76.975235,4,103.891
shp_715_37,28.611004,76.97509,5,144.084
shp_715_37,28.60914,76.974129,6,371.787
shp_715_37,28.608913,76.974007,7,399.761
shp_715_37,28.608305,76.973709,8,473.536
shp_715_37,28.607426,76.973251,9,581.036
shp_715_37,28.606754,76.972931,10,661.871
shp_715_37,28.603819,76.971367,11,1022.88
shp_715_37,28.603462,76.9711,12,1070.179
shp_715_37,28.603254,76.97094,13,1098.106
shp_715_37,28.602875,76.970596,14,1152.091
shp_715_37,28.602348,76.970154,15,1225.174
shp_715_37,28.600767,76.968719,16,1449.988
shp_715_37,28.600166,76.968201,17,1533.743
shp_715_37,28.599274,76.967361,18,1662.907
shp_715_37,28.59856,76.966743,19,1762.618
shp_715_37,28.598013,76.966309,20,1836.937
shp_715_37,28.597902,76.966225,21,1851.474
shp_715_37,28.597275,76.965828,22,1931.419
shp_715_37,28.596069,76.964912,23,2092.92
shp_715_37,28.59597,76.964828,24,2106.866
shp_715_37,28.595089,76.964203,25,2222.076
shp_715_37,28.594505,76.963837,26,2296.514
shp_715_37,28.588352,76.95945,27,3104.719
shp_715_37,28.5882,76.959358,28,3123.728
shp_715_37,28.5881,76.959312,29,3135.479
shp_715_37,28.587992,76.959297,30,3147.874
shp_715_37,28.587818,76.959282,31,3167.238
shp_715_37,28.587095,76.959259,32,3247.614
shp_715_37,28.583838,76.958466,33,3618.43
shp_715_37,28.582138,76.958038,34,3812.274
shp_715_37,28.581625,76.957878,35,3871.495
shp_715_37,28.581636,76.954002,36,4249.902
shp_715_37,28.581667,76.953606,37,4288.924
shp_715_37,28.582247,76.952492,38,4415.646
shp_715_37,28.582266,76.952293,39,4435.232
shp_715_37,28.582245,76.94944,40,4713.8
shp_715_37,28.58227,76.946259,41,5025.088
shp_715_37,28.582195,76.946075,42,5044.791
shp_715_37,28.581894,76.945694,43,5095.123
shp_715_37,28.581848,76.945526,44,5112.074
shp_715_37,28.581861,76.943939,45,5267.028
shp_715_37,28.581802,76.939209,46,5729.859
shp_715_37,28.581846,76.938744,47,5775.059
shp_715_37,28.581844,76.938675,48,5782.064
shp_715_37,28.581808,76.938652,49,5786.85
shp_715_37,28.580843,76.938637,50,5894.289
shp_715_37,28.580809,76.938637,51,5898.006
shp_715_37,28.580782,76.938614,52,5901.631
shp_715_37,28.580772,76.938568,53,5906.183
shp_715_37,28.58078,76.938454,54,5917.842
shp_715_37,28.580793,76.937492,55,6011.355
shp_715_37,28.580772,76.937408,56,6020.396
shp_715_37,28.580725,76.937386,57,6026.082
shp_715_37,28.579933,76.937294,58,6114.707
shp_715_37,28.578465,76.937134,59,6278.766
shp_715_37,28.577679,76.937027,60,6367.059
shp_715_37,28.577246,76.936867,61,6417.532
shp_715_37,28.576454,76.93647,62,6514.038
shp_715_37,28.575102,76.93576,63,6679.477
shp_715_37,28.574474,76.935471,64,6754.953
shp_715_37,28.5739,76.935272,65,6821.701
shp_715_37,28.573582,76.935181,66,6858.522
shp_715_37,28.571976,76.934822,67,7040.638
shp_715_37,28.57196,76.934402,68,7081.635
shp_715_38,28.611891,76.975433,1,0.0
shp_715_38,28.611921,76.975342,2,10.041
shp_715_38,28.611286,76.97506,3,85.656
shp_715_38,28.61134,76.975235,4,103.891
shp_715_38,28.611242,76.975197,5,115.495
shp_715_38,28.610725,76.973129,6,325.202
shp_715_38,28.610619,76.972763,7,363.27
shp_715_38,28.609716,76.96933,8,713.452
shp_715_38,28.609425,76.968185,9,829.847
shp_715_38,28.609299,76.967644,10,884.41
shp_715_38,28.609177,76.966675,11,980.159
shp_715_38,28.609089,76.965744,12,1071.691
shp_715_38,28.609068,76.965332,13,1111.721
shp_715_38,28.609015,76.964622,14,1181.678
shp_715_39,28.620127,77.305428,1,0.0
shp_715_39,28.620121,77.305687,2,25.422
shp_715_39,28.620138,77.305931,3,49.675
shp_715_39,28.620632,77.3078,4,240.415
shp_715_39,28.620632,77.3078,5,240.415
shp_715_39,28.620779,77.308357,6,297.116
shp_715_39,28.620197,77.308586,7,365.424
shp_715_39,28.620197,77.308586,8,365.424
shp_715_39,28.619242,77.308952,9,477.702
shp_715_39,28.618792,77.30912,10,530.356
shp_715_39,28.618713,77.309196,11,541.989
shp_715_39,28.618572,77.309258,12,558.856
shp_715_39,28.618471,77.309235,13,570.213
shp_715_39,28.617983,77.309418,14,627.399
shp_715_39,28.618389,77.310822,15,771.486
shp_715_40,28.685465,76.993599,1,0.0
shp_715_40,28.685249,76.996124,2,247.963
shp_715_40,28.684958,76.999771,3,605.646
shp_715_40,28.684637,77.003418,4,963.161
shp_715_40,28.684637,77.003418,5,963.161
shp_715_40,28.683693,77.014206,6,2022.14
shp_715_40,28.683578,77.016273,7,2224.674
shp_715_40,28.683554,77.016571,8,2253.339
shp_715_40,28.683554,77.016571,9,2253.339
shp_715_40,28.683432,77.018036,10,2397.297
shp_715_40,28.683298,77.019485,11,2539.452
shp_715_40,28.683058,77.022354,12,2821.021
shp_715_40,28.682856,77.024956,13,3075.864
shp_715_40,28.68261,77.027885,14,3363.682
shp_715_40,28.682512,77.028938,15,3466.986
shp_715_40,28.682493,77.029419,16,3513.786
shp_715_40,28.682493,77.029419,17,3513.786
shp_715_40,28.682472,77.02993,18,3564.303
shp_715_40,28.682447,77.032692,19,3833.799
shp_715_40,28.682367,77.037758,20,4328.27
shp_715_40,28.682367,77.037758,21,4328.27
shp_715_40,28.682346,77.039131,22,4462.808
shp_715_40,28.682346,77.039185,23,4467.66
shp_715_40,28.682346,77.039185,24,4467.66
shp_715_40,28.682293,77.043938,25,4932.026
shp_715_40,28.682293,77.043938,26,4932.026
shp_715_40,28.682276,77.045792,27,5113.102
shp_715_40,28.682276,77.045792,28,5113.102
shp_715_40,28.682222,77.052406,29,5759.102
shp_715_40,28.682222,77.052406,30,5759.102
shp_715_40,28.682215,77.054062,31,5921.146
shp_715_40,28.68224,77.056236,32,6133.193
shp_715_40,28.68224,77.056236,33,6133.193
shp_715_40,28.682268,77.058357,34,6340.035
shp_715_40,28.682289,77.059036,35,6406.797
shp_715_40,28.682245,77.059784,36,6480.064
shp_715_40,28.682207,77.060242,37,6524.718
shp_715_40,28.682184,77.063095,38,6803.764
shp_715_40,28.682184,77.064728,39,6962.813
shp_715_41,28.482063,77.102219,1,0.0
shp_715_41,28.482187,77.103226,2,99.036
shp_715_41,28.482195,77.103386,3,115.327
shp_715_41,28.482183,77.104431,4,217.505
shp_715_41,28.482208,77.104736,5,247.12
shp_715_41,28.482397,77.105873,6,360.758
shp_715_41,28.482613,77.106819,7,456.482
shp_715_41,28.482697,77.107361,8,510.198
shp_715_41,28.482712,77.107529,9,526.659
shp_715_41,28.482859,77.107597,10,544.349
shp_715_41,28.482916,77.107613,11,550.901
shp_715_41,28.483017,77.10759,12,562.374
shp_715_41,28.485945,77.105713,13,936.447
shp_715_41,28.486423,77.105385,14,998.455
shp_715_41,28.486423,77.105385,15,998.455
shp_715_41,28.486429,77.105385,16,999.103
shp_715_42,28.565977,77.064575,1,0.0
shp_715_42,28.568474,77.066696,2,346.855
shp_715_42,28.568642,77.066757,3,366.422
shp_715_42,28.56901,77.066765,4,407.345
shp_715_42,28.569689,77.06665,5,483.851
shp_715_42,28.570362,77.066498,6,560.22
shp_715_42,28.57102,77.066299,7,636.007
shp_715_42,28.571152,77.066246,8,651.622
shp_715_42,28.57128,77.066154,9,668.373
shp_715_42,28.57159,77.06588,10,712.24
shp_715_42,28.571772,77.065651,11,742.324
shp_715_42,28.572342,77.06472,12,853.13
shp_715_42,28.574316,77.06176,13,1216.521
shp_715_42,28.575212,77.060509,14,1374.518
shp_715_42,28.575518,77.060043,15,1431.296
shp_715_42,28.576496,77.058647,16,1606.031
shp_715_42,28.577076,77.057701,17,1718.638
shp_715_42,28.577538,77.057037,18,1801.771
shp_715_42,28.578876,77.055038,19,2046.965
shp_715_42,28.578949,77.054947,20,2059.336
shp_715_42,28.582335,77.049843,21,2684.493
shp_715_42,28.582411,77.049904,22,2694.872
shp_715_42,28.583029,77.050461,23,2782.532
shp_715_42,28.584429,77.051628,24,2975.948
shp_715_42,28.584579,77.05159,25,2993.104
shp_715_42,28.584621,77.051605,26,2997.921
shp_715_42,28.584648,77.051628,27,3001.749
shp_715_42,28.584686,77.051682,28,3008.276
shp_715_42,28.584707,77.051773,29,3017.437
shp_715_42,28.584745,77.051857,30,3027.167
shp_715_42,28.584757,77.051888,31,3030.01
shp_715_42,28.584793,77.051918,32,3035.178
shp_715_42,28.585028,77.051987,33,3061.951
shp_715_42,28.585066,77.05201,34,3066.9
shp_715_42,28.585115,77.052132,35,3080.421
shp_715_42,28.58511,77.052223,36,3089.362
shp_715_42,28.58795,77.054642,37,3483.919
shp_715_42,28.58795,77.054642,38,3483.919
shp_715_42,28.590858,77.057091,39,3886.838
shp_715_42,28.590858,77.057091,40,3886.838
shp_715_42,28.591537,77.057671,41,3981.031
shp_715_42,28.591167,77.058235,42,4050.52
shp_715_42,28.590675,77.058975,43,4140.827
shp_715_43,28.565977,77.064575,1,0.0
shp_715_43,28.568474,77.066696,2,346.855
shp_715_43,28.568642,77.066757,3,366.422
shp_715_43,28.56901,77.066765,4,407.345
shp_715_43,28.569689,77.06665,5,483.851
shp_715_43,28.570362,77.066498,6,560.22
shp_715_43,28.57102,77.066299,7,636.007
shp_715_43,28.571152,77.066246,8,651.622
shp_715_43,28.57128,77.066154,9,668.373
shp_715_43,28.57159,77.06588,10,712.24
shp_715_43,28.571772,77.065651,11,742.324
shp_715_43,28.572342,77.06472,12,853.13
shp_715_43,28.574316,77.06176,13,1216.521
shp_715_43,28.575212,77.060509,14,1374.518
shp_715_43,28.575518,77.060043,15,1431.296
shp_715_43,28.576496,77.058647,16,1606.031
shp_715_43,28.577076,77.057701,17,1718.638
shp_715_43,28.577538,77.057037,18,1801.771
shp_715_43,28.578876,77.055038,19,2046.965
shp_715_43,28.578949,77.054947,20,2059.336
shp_715_43,28.582239,77.04998,21,2667.167
shp_715_43,28.583618,77.047943,22,2918.753
shp_715_43,28.584801,77.04612,23,3140.326
shp_715_43,28.584927,77.046173,24,3155.162
shp_715_43,28.585382,77.046593,25,3220.723
shp_715_43,28.585979,77.047104,26,3303.933
shp_715_43,28.585924,77.047195,27,3314.399
shp_715_43,28.585924,77.047195,28,3314.399
shp_715_43,28.585333,77.046677,29,3397.654
shp_715_43,28.585093,77.046478,30,3430.257
shp_715_43,28.584866,77.046257,31,3463.46
shp_715_43,28.584801,77.04612,32,3479.015
shp_715_43,28.585573,77.04496,33,3621.477
shp_715_43,28.585573,77.04496,34,3621.477
shp_715_43,28.586784,77.043144,35,3844.575
shp_715_44,28.703033,77.286118,1,0.0
shp_715_44,28.702169,77.285507,2,112.995
shp_715_44,28.702129,77.285461,3,119.289
shp_715_44,28.702116,77.2854,4,125.266
shp_715_44,28.702112,77.285004,5,164.248
shp_715_44,28.702234,77.283455,6,316.123
shp_715_44,28.702354,77.282761,7,384.784
shp_715_44,28.702065,77.282722,8,417.23
shp_715_44,28.701981,77.283691,9,512.83
shp_715_44,28.701977,77.283806,10,523.332
shp_715_44,28.701685,77.283775,11,556.076
shp_715_44,28.701729,77.283272,12,605.392
shp_715_44,28.701729,77.283272,13,605.392
shp_715_44,28.701838,77.281647,14,764.447
shp_715_44,28.702087,77.279503,15,975.669
shp_715_44,28.702156,77.279099,16,1016.175
shp_715_44,28.702429,77.275887,17,1331.254
shp_715_44,28.702587,77.274239,18,1492.932
shp_715_45,28.543287,77.276176,1,0.0
shp_715_45,28.543255,77.276192,2,3.903
shp_715_45,28.54319,77.276237,3,12.321
shp_715_45,28.543028,77.276443,4,39.541
shp_715_45,28.543024,77.276497,5,44.941
shp_715_45,28.543009,77.276535,6,48.604
shp_715_45,28.54248,77.277046,7,125.929
shp_715_45,28.541826,77.277527,8,212.681
shp_715_45,28.541273,77.277855,9,282.144
shp_715_45,28.540285,77.278465,10,407.235
shp_715_45,28.539633,77.278877,11,490.277
shp_715_45,28.539585,77.278801,12,499.474
shp_715_45,28.538864,77.27742,13,656.477
shp_715_45,28.537682,77.275116,14,917.265
shp_715_45,28.536821,77.273376,15,1112.854
shp_715_45,28.536146,77.273796,16,1198.548
shp_715_45,28.534918,77.274597,17,1355.991
shp_715_45,28.534918,77.274597,18,1355.991
shp_715_45,28.534431,77.27491,19,1418.225
shp_715_45,28.534014,77.2752,20,1472.78
shp_715_45,28.533533,77.27549,21,1533.427
shp_715_45,28.533075,77.27581,22,1593.154
shp_715_45,28.532423,77.276245,23,1677.442
shp_715_45,28.531841,77.276619,24,1751.688
shp_715_45,28.531773,77.276672,25,1760.974
shp_715_45,28.531839,77.276802,26,1775.687
shp_715_45,28.531839,77.276802,27,1775.687
shp_715_45,28.532633,77.278351,28,1951.213
shp_715_45,28.532446,77.278481,29,1975.423
shp_715_45,28.531816,77.278854,30,2054.533
shp_715_45,28.531576,77.279022,31,2085.756
shp_715_45,28.531576,77.279022,32,2085.756
shp_715_45,28.529669,77.280296,33,2331.876
shp_715_45,28.529825,77.28067,34,2372.901
shp_715_45,28.52989,77.280914,35,2397.51
shp_715_45,28.529959,77.28138,36,2443.626
shp_715_45,28.530128,77.282722,37,2575.982
shp_715_45,28.530144,77.282791,38,2583.428
shp_715_45,28.528147,77.283127,39,2808.121
shp_715_45,28.526588,77.283401,40,2983.608
shp_715_45,28.52548,77.283607,41,3108.668
shp_715_45,28.524857,77.283707,42,3178.767
shp_715_45,28.524857,77.283707,43,3178.767
shp_715_45,28.523899,77.283882,44,3286.73
shp_715_45,28.523615,77.283928,45,3318.661
shp_715_46,28.543287,77.276176,1,0.0
shp_715_46,28.543255,77.276192,2,3.903
shp_715_46,28.54319,77.276237,3,12.321
shp_715_46,28.543028,77.276443,4,39.541
shp_715_46,28.543024,77.276497,5,44.941
shp_715_46,28.543009,77.276535,6,48.604
shp_715_46,28.54248,77.277046,7,125.929
shp_715_46,28.541826,77.277527,8,212.681
shp_715_46,28.541273,77.277855,9,282.144
shp_715_46,28.540751,77.278183,10,348.449
shp_715_46,28.540751,77.278183,11,348.449
shp_715_46,28.540285,77.278465,12,407.235
shp_715_46,28.539633,77.278877,13,490.278
shp_715_46,28.539585,77.278801,14,499.474
shp_715_46,28.538864,77.27742,15,656.477
shp_715_46,28.537682,77.275116,16,917.266
shp_715_46,28.537333,77.274422,17,995.961
shp_715_46,28.537333,77.274422,18,995.961
shp_715_46,28.536821,77.273376,19,1112.857
shp_715_46,28.536146,77.273796,20,1198.551
shp_715_46,28.534708,77.274734,21,1383.035
shp_715_46,28.534431,77.27491,22,1418.23
shp_715_46,28.534014,77.2752,23,1472.785
shp_715_46,28.533533,77.27549,24,1533.432
shp_715_46,28.533075,77.27581,25,1593.158
shp_715_46,28.532654,77.276093,26,1647.659
shp_715_46,28.532654,77.276093,27,1647.659
shp_715_46,28.532423,77.276245,28,1677.446
shp_715_46,28.531841,77.276619,29,1751.692
shp_715_46,28.531773,77.276672,30,1760.979
shp_715_46,28.532633,77.278351,31,1951.217
shp_715_46,28.532446,77.278481,32,1975.427
shp_715_46,28.531816,77.278854,33,2054.537
shp_715_46,28.531322,77.27919,34,2118.41
shp_715_46,28.531322,77.27919,35,2118.41
shp_715_46,28.529669,77.280296,36,2331.88
shp_715_46,28.529825,77.28067,37,2372.905
shp_715_46,28.52989,77.280914,38,2397.513
shp_715_46,28.529959,77.28138,39,2443.63
shp_715_46,28.530128,77.282722,40,2575.986
shp_715_46,28.530144,77.282791,41,2583.432
shp_715_46,28.528147,77.283127,42,2808.125
shp_715_46,28.526588,77.283401,43,2983.612
shp_715_46,28.52548,77.283607,44,3108.672
shp_715_46,28.524956,77.283684,45,3167.378
shp_715_46,28.523899,77.283882,46,3286.74
shp_715_46,28.523613,77.283928,47,3318.88
shp_715_47,28.664675,77.284836,1,0.0
shp_715_47,28.665421,77.284241,2,101.257
shp_715_47,28.665344,77.284096,3,117.75
shp_715_47,28.665344,77.284096,4,117.75
shp_715_47,28.665304,77.284004,5,127.439
shp_715_47,28.665279,77.283936,6,134.65
shp_715_47,28.665213,77.28373,7,156.202
shp_715_47,28.665157,77.283524,8,177.214
shp_715_47,28.665047,77.282898,9,239.956
shp_715_47,28.665031,77.282867,10,243.314
shp_715_47,28.664988,77.282837,11,248.847
shp_715_47,28.664951,77.282845,12,252.859
shp_715_47,28.664917,77.28286,13,257.018
shp_715_47,28.664143,77.283348,14,355.623
shp_715_47,28.663961,77.28347,15,379.172
shp_715_47,28.662975,77.283752,16,492.198
shp_715_47,28.662603,77.283104,17,567.85
shp_715_47,28.662447,77.282867,18,597.063
shp_715_47,28.662336,77.282639,19,622.354
shp_715_47,28.662216,77.282303,20,657.934
shp_715_47,28.662216,77.282303,21,657.934
shp_715_47,28.662184,77.282204,22,667.789
shp_715_47,28.661938,77.281357,23,754.844
shp_715_47,28.661818,77.281082,24,785.397
shp_715_47,28.661037,77.279106,25,996.551
shp_715_47,28.660955,77.278923,26,1016.857
shp_715_47,28.660955,77.278923,27,1016.857
shp_715_47,28.660851,77.278664,28,1044.917
shp_715_47,28.659548,77.274536,29,1473.412
shp_715_47,28.659548,77.274536,30,1473.412
shp_715_47,28.659164,77.273315,31,1599.768
shp_715_47,28.65897,77.272598,32,1673.051
shp_715_48,28.664675,77.284836,1,0.0
shp_715_48,28.665421,77.284241,2,101.257
shp_715_48,28.665644,77.284744,3,156.402
shp_715_48,28.6663,77.286339,4,328.469
shp_715_48,28.6663,77.286339,5,328.469
shp_715_48,28.666367,77.286499,6,346.161
shp_715_48,28.667183,77.288231,7,538.255
shp_715_48,28.667486,77.288933,8,614.169
shp_715_48,28.667486,77.288933,9,614.169
shp_715_48,28.667616,77.28923,10,646.694
shp_715_48,28.667679,77.28936,11,661.094
shp_715_48,28.667715,77.289421,12,668.357
shp_715_48,28.667738,77.289436,13,671.421
shp_715_48,28.667755,77.289436,14,673.314
shp_715_48,28.667837,77.289391,15,683.293
shp_715_48,28.667837,77.289391,16,683.293
shp_715_48,28.668175,77.289215,17,724.767
shp_715_48,28.668451,77.289124,18,756.885
shp_715_48,28.668602,77.289093,19,774.019
shp_715_48,28.668602,77.289093,20,774.019
shp_715_48,28.668858,77.289032,21,803.027
shp_715_48,28.668919,77.289032,22,809.675
shp_715_48,28.669586,77.288818,23,886.915
shp_715_48,28.669727,77.288811,24,902.725
shp_715_48,28.671797,77.288635,25,1133.79
shp_715_48,28.672681999999998,77.288582,26,1232.312
shp_715_48,28.673878,77.288445,27,1366.171
shp_715_49,28.543655,77.206154,1,0.0
shp_715_49,28.543722,77.205109,2,102.45
shp_715_49,28.543671,77.204979,3,115.827
shp_715_49,28.543694,77.204063,4,205.696
shp_715_49,28.54373,77.203758,5,235.826
shp_715_49,28.5438,77.203438,6,268.007
shp_715_49,28.543983,77.202858,7,328.409
shp_715_49,28.544399,77.201759,8,445.059
shp_715_49,28.544399,77.201668,9,454.654
shp_715_49,28.544384,77.201569,10,464.242
shp_715_49,28.54435,77.201477,11,473.841
shp_715_49,28.544302,77.201393,12,483.433
shp_715_49,28.544239,77.201332,13,493.026
shp_715_49,28.544165,77.201279,14,502.618
shp_715_49,28.544004,77.201187,15,522.755
shp_715_49,28.540989,77.199699,16,888.496
shp_715_49,28.540554,77.199524,17,939.846
shp_715_49,28.539326,77.199097,18,1082.968
shp_715_49,28.538145,77.198418,19,1230.09
shp_715_49,28.537771,77.198273,20,1274.081
shp_715_49,28.536358,77.197571,21,1445.447
shp_715_49,28.536211,77.197487,22,1463.731
shp_715_49,28.53627,77.197372,23,1477.049
shp_715_49,28.536427,77.196983,24,1519.012
shp_715_49,28.536615,77.196564,25,1564.969
shp_715_49,28.536879,77.195892,26,1636.651
shp_715_49,28.537235,77.194923,27,1739.347
shp_715_49,28.537354,77.194572,28,1776.168
shp_715_49,28.538153,77.19236,29,2010.007
shp_715_49,28.538416,77.191589,30,2091.262
shp_715_49,28.538731,77.190742,31,2180.929
shp_715_49,28.539131,77.189583,32,2303.209
shp_715_49,28.539389,77.188873,33,2377.894
shp_715_49,28.539486,77.188583,34,2408.539
shp_715_49,28.539631,77.188171,35,2451.687
shp_715_49,28.539772,77.187698,36,2500.65
shp_715_49,28.539938,77.187088,37,2562.827
shp_715_49,28.54006,77.186516,38,2620.421
shp_715_49,28.540306,77.185493,39,2724.023
shp_715_50,28.45857,77.072777,1,0.0
shp_715_50,28.458607,77.072876,2,10.819
shp_715_50,28.458609,77.072906,3,13.395
shp_715_50,28.458591,77.072929,4,16.541
shp_715_50,28.458389,77.073036,5,41.152
shp_715_50,28.458355,77.073029,6,45.043
shp_715_50,28.45834,77.073013,7,47.664
shp_715_50,28.458296,77.072914,8,58.305
shp_715_50,28.45789,77.071831,9,173.592
shp_715_50,28.457668,77.071327,10,228.321
shp_715_50,28.457401,77.071106,11,265.252
shp_715_50,28.454962,77.068901,12,612.188
shp_715_50,28.454498,77.068466,13,679.018
shp_715_50,28.454498,77.068466,14,679.018
shp_715_50,28.454117,77.068115,15,733.794
shp_715_50,28.452404,77.06646,16,983.997
shp_715_50,28.451797,77.065903,17,1070.552
shp_715_50,28.446711,77.060959,18,1815.394
shp_715_50,28.44647,77.06073,19,1850.237
shp_715_50,28.44647,77.06073,20,1850.237
shp_715_50,28.44441,77.058792,21,2147.784
shp_715_50,28.44441,77.058792,22,2147.784
shp_715_50,28.44383,77.058258,23,2231.119
shp_715_50,28.442802,77.057213,24,2384.814
shp_715_50,28.441717,77.056168,25,2542.694
shp_715_50,28.440302,77.054794,26,2750.201
shp_715_50,28.436857,77.051529,27,3249.118
shp_715_50,28.436016,77.050705,28,3372.726
shp_715_50,28.436016,77.050705,29,3372.726
shp_715_50,28.434544,77.049271,30,3588.708
shp_715_50,28.434074,77.048828,31,3656.476
shp_715_50,28.432819,77.047569,32,3842.892
shp_715_50,28.432497,77.047279,33,3888.67
shp_715_50,28.43079,77.045654,34,4136.261
shp_715_50,28.430704,77.045555,35,4150.098
shp_715_50,28.430704,77.045555,36,4150.098
shp_715_50,28.430529,77.045319,37,4180.37
shp_715_50,28.430399,77.04493,38,4220.876
shp_715_50,28.430052,77.043495,39,4366.844
shp_715_50,28.42963,77.041656,40,4552.303
shp_715_50,28.42963,77.041656,41,4552.303
shp_715_50,28.429365,77.040504,42,4668.806
shp_715_50,28.429207,77.040047,43,4717.011
shp_715_50,28.428659,77.037659,44,4959.039
shp_715_51,28.45857,77.072777,1,0.0
shp_715_51,28.458607,77.072876,2,10.819
shp_715_51,28.458609,77.072906,3,13.395
shp_715_51,28.458591,77.072929,4,16.541
shp_715_51,28.458389,77.073036,5,41.152
shp_715_51,28.458355,77.073029,6,45.043
shp_715_51,28.45834,77.073013,7,47.664
shp_715_51,28.458296,77.072914,8,58.305
shp_715_51,28.45789,77.071831,9,173.592
shp_715_51,28.457668,77.071327,10,228.321
shp_715_51,28.457401,77.071106,11,265.252
shp_715_51,28.454962,77.068901,12,612.188
shp_715_51,28.454117,77.068115,13,733.794
shp_715_51,28.452404,77.06646,14,983.997
shp_715_51,28.451797,77.065903,15,1070.552
shp_715_51,28.451506,77.06562,16,1113.103
shp_715_51,28.451506,77.06562,17,1113.103
shp_715_51,28.446711,77.060959,18,1815.394
shp_715_51,28.44614,77.060425,19,1897.865
shp_715_51,28.44614,77.060425,20,1897.865
shp_715_51,28.44383,77.058258,21,2231.118
shp_715_51,28.443182,77.057594,22,2328.135
shp_715_51,28.443182,77.057594,23,2328.135
shp_715_51,28.442802,77.057213,24,2384.813
shp_715_51,28.441717,77.056168,25,2542.694
shp_715_51,28.440302,77.054794,26,2750.2
shp_715_51,28.439245,77.053787,27,2903.507
shp_715_51,28.439245,77.053787,28,2903.507
shp_715_51,28.436857,77.051529,29,3249.117
shp_715_51,28.434544,77.049271,30,3588.707
shp_715_51,28.435215,77.048355,31,3705.317
shp_715_51,28.435215,77.048355,32,3705.317
shp_715_51,28.436552,77.046532,33,3937.729
shp_715_51,28.437347,77.045563,34,4067.609
shp_715_51,28.437347,77.045563,35,4067.609
shp_715_51,28.438208,77.044365,36,4219.112
shp_715_51,28.440063,77.041946,37,4533.249
shp_715_52,28.544413,77.264359,1,0.0
shp_715_52,28.544369,77.264374,2,5.103
shp_715_52,28.54439,77.264473,3,15.146
shp_715_52,28.544842,77.266388,4,208.718
shp_715_52,28.544903,77.266685,5,238.677
shp_715_52,28.544935,77.26693,6,263.023
shp_715_52,28.545019,77.267914,7,359.829
shp_715_52,28.545055,77.267982,8,367.548
shp_715_52,28.545212,77.268417,9,413.541
shp_715_52,28.545315,77.268738,10,446.994
shp_715_52,28.54533,77.268883,11,460.679
shp_715_52,28.545315,77.269592,12,530.46
shp_715_52,28.545303,77.26973,13,543.487
shp_715_52,28.545279,77.269829,14,553.784
shp_715_52,28.545254,77.269875,15,559.311
shp_715_52,28.545218,77.26992,16,565.219
shp_715_52,28.54508,77.27002,17,583.361
shp_715_52,28.54508,77.27002,18,583.361
shp_715_52,28.545218,77.26992,19,601.503
shp_715_52,28.545254,77.269875,20,607.41
shp_715_52,28.545279,77.269829,21,612.937
shp_715_52,28.545303,77.26973,22,623.234
shp_715_52,28.545315,77.269592,23,636.261
shp_715_52,28.54533,77.268883,24,706.043
shp_715_52,28.545315,77.268738,25,719.727
shp_715_52,28.545212,77.268417,26,753.18
shp_715_52,28.545055,77.267982,27,799.174
shp_715_52,28.545155,77.268021,28,810.743
shp_715_52,28.545658,77.268021,29,866.626
shp_715_52,28.545689,77.268028,30,870.184
shp_715_52,28.545727,77.268066,31,876.015
shp_715_52,28.546013,77.268631,32,939.823
shp_715_52,28.54603,77.268707,33,947.228
shp_715_52,28.546049,77.269249,34,1000.379
shp_715_52,28.546099,77.269417,35,1017.641
shp_715_52,28.54649,77.270187,36,1104.854
shp_715_52,28.546692,77.270546,37,1146.56
shp_715_52,28.546692,77.270546,38,1146.56
shp_715_52,28.546791,77.270721,39,1166.85
shp_715_52,28.547388,77.271919,40,1301.029
shp_715_52,28.547422,77.271965,41,1307.359
shp_715_52,28.547499,77.271988,42,1315.887
shp_715_52,28.547171,77.27224,43,1360.131
shp_715_53,28.544413,77.264259,1,0.0
shp_715_53,28.53968,77.272903,2,996.015
shp_715_53,28.53968,77.272903,3,996.015
shp_715_53,28.534609,77.268303,4,1718.022
shp_715_53,28.534609,77.268303,5,1718.022
shp_715_53,28.534609,77.268303,6,1718.022
shp_715_54,28.544413,77.264359,1,0.0
shp_715_54,28.544029,77.264542,2,46.498
shp_715_54,28.543751,77.264671,3,79.774
shp_715_54,28.54323,77.264854,4,140.371
shp_715_54,28.541555,77.265526,5,338.231
shp_715_54,28.541077,77.265686,6,393.68
shp_715_54,28.539339,77.266457,7,601.417
shp_715_54,28.538795,77.266663,8,665.024
shp_715_54,28.538656,77.266724,9,681.617
shp_715_54,28.53826,77.266869,10,728.156
shp_715_54,28.537828,77.267059,11,779.558
shp_715_54,28.537004,77.26738,12,876.458
shp_715_54,28.536825,77.267479,13,898.602
shp_715_54,28.536514,77.267616,14,935.596
shp_715_54,28.53591,77.26786,15,1007.158
shp_715_54,28.53591,77.26786,16,1007.158
shp_715_54,28.534645,77.268379,17,1156.785
shp_715_54,28.534067,77.268578,18,1223.882
shp_715_54,28.532894,77.269066,19,1363.085
shp_715_54,28.532114,77.269402,20,1455.963
shp_715_54,28.532114,77.269402,21,1455.963
shp_715_54,28.531685,77.269623,22,1508.278
shp_715_54,28.531282,77.269867,23,1559.176
shp_715_54,28.52943,77.271172,24,1801.567
shp_715_54,28.52943,77.271172,25,1801.567
shp_715_54,28.52812,77.272087,26,1972.548
shp_715_54,28.526348,77.273338,27,2204.783
shp_715_54,28.526348,77.273338,28,2204.783
shp_715_54,28.525648,77.273834,29,2296.631
shp_715_54,28.524961,77.274345,30,2387.855
shp_715_54,28.522705,77.275902,31,2681.683
shp_715_54,28.522705,77.275902,32,2681.683
shp_715_54,28.522039,77.276367,33,2768.444
shp_715_54,28.518875,77.278618,34,3183.91
shp_715_54,28.518875,77.278618,35,3183.91
shp_715_54,28.516359,77.280357,36,3511.912
shp_715_54,28.515083,77.281059,37,3669.539
shp_715_54,28.514837,77.281174,38,3699.114
shp_715_54,28.514408,77.281273,39,3747.855
shp_715_54,28.514311,77.281288,40,3758.813
shp_715_55,28.544413,77.264359,1,0.0
shp_715_55,28.544369,77.264374,2,5.103
shp_715_55,28.54439,77.264473,3,15.146
shp_715_55,28.544842,77.266388,4,208.718
shp_715_55,28.544903,77.266685,5,238.677
shp_715_55,28.544935,77.26693,6,263.023
shp_715_55,28.544973,77.267372,7,306.505
shp_715_55,28.544973,77.267372,8,306.505
shp_715_55,28.548243,77.269852,9,743.665
shp_715_55,28.548243,77.269852,10,743.665
shp_715_55,28.551168,77.269203,11,1075.487
shp_715_55,28.551168,77.269203,12,1075.487
shp_715_55,28.554104,77.268272,13,1414.693
shp_715_55,28.554104,77.268272,14,1414.693
shp_715_55,28.554558,77.267815,15,1482.199
shp_715_56,28.544413,77.264359,1,0.0
shp_715_56,28.544029,77.264542,2,46.498
shp_715_56,28.543751,77.264671,3,79.774
shp_715_56,28.543434,77.263756,4,175.427
shp_715_56,28.543388,77.263672,5,185.188
shp_715_56,28.543329,77.263603,6,194.824
shp_715_56,28.543238,77.263527,7,207.234
shp_715_56,28.543104,77.263466,8,223.42
shp_715_56,28.539915,77.262238,9,597.993
shp_715_56,28.539701,77.262161,10,622.954
shp_715_56,28.538836,77.261818,11,725.235
shp_715_56,28.537989,77.261497,12,824.369
shp_715_56,28.537989,77.261497,13,824.369
shp_715_56,28.536713,77.261024,14,973.938
shp_715_56,28.536215,77.260811,15,1033.094
shp_715_56,28.536003,77.260742,16,1057.595
shp_715_56,28.5357,77.26062,17,1093.47
shp_715_56,28.53536,77.260506,18,1132.74
shp_715_56,28.534695,77.260223,19,1211.77
shp_715_56,28.534695,77.260223,20,1211.77
shp_715_56,28.534595,77.260178,21,1223.726
shp_715_56,28.533026,77.259621,22,1406.681
shp_715_56,28.530415,77.258606,23,1713.99
shp_715_56,28.52997,77.258415,24,1766.661
shp_715_56,28.52997,77.258415,25,1766.661
shp_715_56,28.529819,77.258354,26,1784.705
shp_715_56,28.529453,77.258224,27,1827.395
shp_715_56,28.527119,77.257324,28,2101.79
shp_715_56,28.526634,77.257126,29,2159.11
shp_715_56,28.526251,77.256981,30,2203.966
shp_715_56,28.526043,77.25692,31,2227.951
shp_715_56,28.524305,77.256256,32,2431.781
shp_715_56,28.524305,77.256256,33,2431.781
shp_715_56,28.523594,77.255997,34,2515.264
shp_715_56,28.52062,77.254845,35,2864.676
shp_715_56,28.517643,77.253761,36,3212.872
shp_715_56,28.517441,77.253677,37,3236.657
shp_715_56,28.517441,77.253677,38,3236.657
shp_715_56,28.516354,77.253304,39,3363.258
shp_715_56,28.515017,77.252808,40,3519.575
shp_715_56,28.515017,77.252808,41,3519.575
shp_715_56,28.51453,77.252632,42,3576.331
shp_715_56,28.512684,77.252007,43,3790.92
shp_715_56,28.512543,77.251976,44,3806.972
shp_715_56,28.512352,77.251953,45,3828.156
shp_715_56,28.511866,77.251923,46,3882.564
shp_715_56,28.511757,77.251907,47,3894.726
shp_715_56,28.511768,77.251663,48,3918.857
shp_715_56,28.511875,77.250359,49,4046.65
shp_715_57,28.718657,77.149956,1,0.0
shp_715_57,28.72945,77.152222,2,1221.737
shp_715_57,28.72945,77.152222,3,1221.737
shp_715_57,28.729221,77.152428,4,1254.348
shp_715_57,28.727686,77.150337,5,1520.393
shp_715_57,28.726727,77.149277,6,1669.041
shp_715_57,28.726381,77.148796,7,1729.989
shp_715_57,28.726334,77.148865,8,1739.052
shp_715_57,28.726334,77.148865,9,1739.052
shp_715_57,28.726166,77.149117,10,1769.724
shp_715_57,28.725777,77.148857,11,1819.961
shp_715_57,28.725658,77.149071,12,1844.931
shp_715_57,28.725536,77.149246,13,1866.298
shp_715_57,28.725397,77.149132,14,1885.044
shp_715_57,28.724655,77.148613,15,1982.15
shp_715_57,28.724174,77.148262,16,2045.367
shp_715_57,28.723883,77.148155,17,2079.508
shp_715_57,28.723923,77.147934,18,2102.098
shp_715_58,28.718657,77.149956,1,0.0
shp_715_58,28.721821,77.141113,2,932.513
shp_715_59,28.718657,77.149956,1,0.0
shp_715_59,28.727186,77.144585,2,1084.615
shp_715_59,28.727186,77.144585,3,1084.615
shp_715_59,28.726976,77.144325,4,1119.164
shp_715_59,28.726728,77.144005,5,1161.36
shp_715_59,28.726244,77.143471,6,1236.024
shp_715_59,28.725969,77.143196,7,1276.566
shp_715_59,28.725113,77.142479,8,1395.186
shp_715_59,28.724754,77.14222,9,1442.37
shp_715_59,28.724234,77.141907,10,1507.976
shp_715_59,28.72394,77.141747,11,1544.0
shp_715_59,28.723772,77.14167,12,1564.161
shp_715_59,28.723518,77.141541,13,1595.309
shp_715_59,28.723099,77.141335,14,1645.835
shp_715_59,28.722168,77.14093,15,1756.732
shp_715_59,28.722168,77.14093,16,1756.732
shp_715_59,28.721519,77.140701,17,1832.542
shp_715_59,28.721067,77.140579,18,1884.177
shp_715_59,28.720924,77.140549,19,1900.288
shp_715_59,28.720924,77.140549,20,1900.288
shp_715_59,28.720068,77.140366,21,1997.261
shp_715_59,28.719505,77.140259,22,2060.929
shp_715_59,28.719505,77.140259,23,2060.929
shp_715_59,28.71908,77.140175,24,2108.915
shp_715_59,28.71771,77.139885,25,2263.985
shp_715_59,28.717636,77.13987,26,2272.474
shp_715_59,28.717636,77.13987,27,2272.474
shp_715_59,28.716532,77.139656,28,2397.057
shp_715_59,28.71545,77.139404,29,2520.0
shp_715_59,28.715008,77.139282,30,2570.521
shp_715_59,28.715008,77.139282,31,2570.521
shp_715_59,28.714788,77.139229,32,2595.545
shp_715_59,28.714788,77.139229,33,2595.545
shp_715_59,28.714396,77.139122,34,2640.59
shp_715_59,28.713839,77.138962,35,2704.417
shp_715_59,28.713839,77.138962,36,2704.417
shp_715_59,28.713102,77.138687,37,2790.744
shp_715_59,28.712431,77.138359,38,2871.865
shp_715_59,28.712105,77.138153,39,2913.576
shp_715_59,28.71125,77.137589,40,3023.707
shp_715_59,28.710503,77.136986,41,3125.384
shp_715_59,28.710421,77.136848,42,3141.42
shp_715_59,28.709476,77.136009,43,3274.938
shp_715_59,28.709476,77.136009,44,3274.938
shp_715_59,28.707542,77.134285,45,3548.369
shp_715_59,28.707542,77.134285,46,3548.369
shp_715_59,28.70632,77.133194,47,3720.885
shp_715_59,28.706022,77.13308,48,3755.91
shp_715_59,28.704937,77.132156,49,3906.95
shp_715_59,28.704508,77.131798,50,3965.812
shp_715_59,28.704409,77.131714,51,3979.996
shp_715_60,28.472319,77.07235,1,0.0
shp_715_60,28.475475,77.071823,2,355.161
shp_715_60,28.475693,77.071693,3,382.556
shp_715_60,28.476017,77.07164,4,419.133
shp_715_60,28.476479,77.071571,5,470.81
shp_715_60,28.476871,77.071526,6,514.895
shp_715_60,28.477459,77.071434,7,581.012
shp_715_60,28.477646,77.071388,8,602.094
shp_715_60,28.47776,77.071297,9,617.614
shp_715_60,28.47776,77.071297,10,617.614
shp_715_60,28.477848,77.071167,11,633.713
shp_715_60,28.477877,77.07093,12,657.46
shp_715_60,28.477854,77.07077,13,673.373
shp_715_60,28.477602,77.069504,14,800.596
shp_715_60,28.477468,77.069267,15,827.634
shp_715_60,28.477333,77.069084,16,851.154
shp_715_60,28.476902,77.068565,17,921.066
shp_715_60,28.474339,77.065353,18,1345.453
shp_715_60,28.473778,77.064713,19,1434.299
shp_715_60,28.473097,77.063881,20,1545.569
shp_715_60,28.472446,77.063179,21,1645.294
shp_715_60,28.4723,77.06295,22,1672.739
shp_715_60,28.472149,77.062683,23,1703.543
shp_715_60,28.471872,77.06234,24,1749.205
shp_715_60,28.4718,77.062202,25,1764.771
shp_715_60,28.471685,77.061874,26,1799.704
shp_715_60,28.471706,77.061668,27,1819.534
shp_715_60,28.471691,77.061569,28,1829.382
shp_715_60,28.471188,77.060928,29,1913.794
shp_715_60,28.471226,77.060715,30,1935.264
shp_715_60,28.46892,77.057793,31,2319.56
shp_715_60,28.468527,77.057312,32,2383.698
shp_715_60,28.468069,77.056885,33,2449.474
shp_715_60,28.467627,77.056549,34,2508.77
shp_715_60,28.466125,77.05558,35,2700.793
shp_715_60,28.465673,77.055206,36,2763.244
shp_715_60,28.464752,77.054375,37,2893.941
shp_715_60,28.464384,77.054008,38,2948.56
shp_715_60,28.464384,77.054008,39,2948.56
shp_715_60,28.463306,77.052933,40,3108.085
shp_715_60,28.46172,77.051445,41,3336.828
shp_715_60,28.456526,77.046455,42,4093.828
shp_715_60,28.454773,77.044754,43,4350.419
shp_715_60,28.454378,77.044395,44,4406.631
shp_715_60,28.44869,77.038979,45,5232.064
shp_715_60,28.448505,77.038857,46,5256.221
shp_715_60,28.447569,77.038017,47,5388.724
shp_715_60,28.447098,77.037491,48,5462.215
shp_715_60,28.446695,77.037064,49,5523.454
shp_715_60,28.446444,77.036743,50,5565.808
shp_715_60,28.446209,77.036392,51,5608.736
shp_715_60,28.445929,77.035881,52,5667.626
shp_715_60,28.44577,77.035484,53,5710.641
shp_715_60,28.44565,77.035042,54,5755.469
shp_715_60,28.44556,77.034531,55,5806.6
shp_715_60,28.445518,77.034004,56,5858.157
shp_715_61,28.698208,77.206558,1,0.0
shp_715_61,28.697908,77.207382,2,87.055
shp_715_61,28.699286,77.208046,3,253.328
shp_715_61,28.699286,77.208046,4,253.328
shp_715_61,28.700691,77.208717,5,422.864
shp_715_61,28.701441,77.209053,6,512.734
shp_715_61,28.701834,77.209244,7,560.248
shp_715_61,28.701963,77.20932,8,576.367
shp_715_61,28.702198,77.20948,9,607.164
shp_715_61,28.702198,77.20948,10,607.164
shp_715_61,28.702393,77.209633,11,633.066
shp_715_61,28.703257,77.210342,12,751.558
shp_715_61,28.70397,77.210953,13,851.065
shp_715_61,28.704165,77.211098,14,877.061
shp_715_61,28.704197,77.211037,15,884.089
shp_715_61,28.704453,77.210312,16,960.93
shp_715_61,28.704699,77.210419,17,990.349
shp_715_61,28.704458,77.211075,18,1059.771
shp_715_61,28.704458,77.211075,19,1059.771
shp_715_61,28.704401,77.211243,20,1076.969
shp_715_61,28.705591,77.211792,21,1220.08
shp_715_61,28.705927,77.211922,22,1259.532
shp_715_61,28.705927,77.211922,23,1259.532
shp_715_61,28.706575,77.212242,24,1338.087
shp_715_61,28.707031,77.212486,25,1394.405
shp_715_61,28.707031,77.212486,26,1394.405
shp_715_61,28.707748,77.212883,27,1483.016
shp_715_61,28.709085,77.213684,28,1651.152
shp_715_61,28.709085,77.213684,29,1651.152
shp_715_61,28.709311,77.213814,30,1679.322
shp_715_61,28.709862,77.214119,31,1747.654
shp_715_61,28.709862,77.214119,32,1747.654
shp_715_61,28.710567,77.214508,33,1834.746
shp_715_62,28.698071,77.206589,1,0.0
shp_715_62,28.698734,77.204712,2,197.461
shp_715_62,28.698587,77.204674,3,214.267
shp_715_62,28.698053,77.204575,4,274.396
shp_715_62,28.695211,77.204109,5,594.134
shp_715_62,28.695,77.204109,6,617.7
shp_715_62,28.694736,77.204124,7,646.963
shp_715_62,28.694614,77.20417,8,661.332
shp_715_62,28.694553,77.204208,9,668.985
shp_715_62,28.694553,77.204208,10,668.985
shp_715_62,28.693483,77.204834,11,803.0
shp_715_62,28.693483,77.204834,12,803.0
shp_715_62,28.69326,77.204964,13,830.889
shp_715_62,28.693205,77.205025,14,839.082
shp_715_62,28.692907,77.205399,15,888.685
shp_715_62,28.692827,77.205521,16,903.55
shp_715_62,28.692736,77.205711,17,924.837
shp_715_62,28.692736,77.205711,18,924.837
shp_715_62,28.692705,77.20578,19,932.436
shp_715_62,28.692587,77.205696,20,948.314
shp_715_62,28.692526,77.205635,21,957.275
shp_715_62,28.692095,77.205124,22,1026.225
shp_715_62,28.691526,77.204529,23,1112.649
shp_715_62,28.690573,77.203423,24,1263.709
shp_715_62,28.689474,77.202194,25,1434.931
shp_715_62,28.689474,77.202194,26,1434.931
shp_715_62,28.689426,77.202141,27,1442.313
shp_715_62,28.689138,77.202477,28,1488.111
shp_715_62,28.689121,77.202515,29,1491.969
shp_715_62,28.689026,77.202782,30,1520.518
shp_715_62,28.688868,77.203163,31,1561.649
shp_715_62,28.688793,77.203262,32,1574.456
shp_715_62,28.688702,77.203354,33,1587.867
shp_715_62,28.688528,77.203445,34,1609.038
shp_715_62,28.688528,77.203445,35,1609.038
shp_715_62,28.68807,77.203682,36,1665.139
shp_715_62,28.688034,77.203728,37,1671.012
shp_715_62,28.687628,77.204567,38,1765.133
shp_715_62,28.687069,77.205902,39,1909.422
shp_715_62,28.687069,77.205902,40,1909.422
shp_715_62,28.687067,77.20591,41,1909.876
shp_715_62,28.687038,77.205894,42,1913.411
shp_715_62,28.686916,77.205879,43,1927.044
shp_715_62,28.685114,77.205009,44,2144.947
shp_715_62,28.684933,77.204895,45,2168.066
shp_715_62,28.684881,77.204826,46,2176.782
shp_715_62,28.68483,77.204735,47,2187.544
shp_715_62,28.684795,77.204597,48,2201.423
shp_715_62,28.684549,77.203171,49,2343.25
shp_715_62,28.684494,77.20314,50,2350.195
shp_715_62,28.684458,77.203094,51,2356.052
shp_715_62,28.684458,77.203094,52,2356.052
shp_715_62,28.684439,77.203072,53,2359.364
shp_715_62,28.684418,77.20298,54,2368.527
shp_715_62,28.684437,77.202888,55,2377.689
shp_715_62,28.683025,77.200745,56,2639.579
shp_715_62,28.682697,77.200287,57,2697.406
shp_715_62,28.681789,77.198807,58,2873.685
shp_715_63,28.698071,77.206589,1,0.0
shp_715_63,28.698734,77.204712,2,197.461
shp_715_63,28.698587,77.204674,3,214.267
shp_715_63,28.698053,77.204575,4,274.396
shp_715_63,28.695211,77.204109,5,594.134
shp_715_63,28.695,77.204109,6,617.7
shp_715_63,28.694736,77.204124,7,646.963
shp_715_63,28.694614,77.20417,8,661.332
shp_715_63,28.694429,77.204277,9,684.497
shp_715_63,28.694429,77.204277,10,684.497
shp_715_63,28.69326,77.204964,11,830.889
shp_715_63,28.693205,77.205025,12,839.082
shp_715_63,28.692907,77.205399,13,888.685
shp_715_63,28.692827,77.205521,14,903.55
shp_715_63,28.692705,77.20578,15,932.432
shp_715_63,28.69241,77.206589,16,1017.816
shp_715_63,28.69241,77.206589,17,1017.816
shp_715_63,28.692181,77.207214,18,1083.696
shp_715_63,28.692181,77.207214,19,1083.696
shp_715_63,28.691872,77.208054,20,1172.685
shp_715_63,28.691807,77.208122,21,1182.81
shp_715_63,28.69174,77.208321,22,1203.464
shp_715_63,28.690948,77.210396,23,1424.132
shp_715_63,28.690746,77.210518,24,1449.86
shp_715_63,28.690638,77.210556,25,1462.502
shp_715_63,28.690516,77.210571,26,1476.176
shp_715_63,28.690296,77.210464,27,1502.727
shp_715_63,28.690296,77.210464,28,1502.727
shp_715_63,28.688585,77.209633,29,1709.843
shp_715_63,28.688585,77.209633,30,1709.843
shp_715_63,28.68775,77.209229,31,1810.962
shp_715_63,28.687044,77.208855,32,1897.601
shp_715_63,28.687044,77.208855,33,1897.601
shp_715_63,28.686352,77.208488,34,1982.281
shp_715_63,28.686352,77.208488,35,1982.281
shp_715_63,28.68602,77.208313,36,2023.037
shp_715_63,28.685953,77.208328,37,2030.599
shp_715_63,28.685171,77.207939,38,2125.332
shp_715_63,28.685171,77.207939,39,2125.332
shp_715_63,28.684053,77.207382,40,2261.125
shp_715_63,28.684019,77.207382,41,2264.88
shp_715_63,28.683992,77.207397,42,2268.142
shp_715_63,28.683956,77.207436,43,2273.573
shp_715_63,28.683842,77.207703,44,2302.875
shp_715_63,28.683842,77.207703,45,2302.875
shp_715_63,28.683765,77.207886,46,2322.86
shp_715_63,28.68363,77.208115,47,2349.578
shp_715_63,28.683458,77.208374,48,2381.441
shp_715_63,28.683258,77.208626,49,2414.458
shp_715_63,28.683176,77.208694,50,2426.054
shp_715_63,28.683096,77.20874,51,2436.006
shp_715_63,28.683014,77.208778,52,2445.739
shp_715_63,28.682915,77.208786,53,2456.782
shp_715_63,28.682178,77.208832,54,2538.875
shp_715_63,28.681532,77.208839,55,2610.769
shp_715_63,28.681309,77.208817,56,2635.673
shp_715_63,28.680861,77.208748,57,2686.08
shp_715_63,28.680119,77.208595,58,2769.978
shp_715_63,28.679459,77.208397,59,2846.067
shp_715_63,28.679459,77.208397,60,2846.067
shp_715_63,28.678389,77.208061,61,2969.509
shp_715_63,28.678337,77.208,62,2977.999
shp_715_63,28.678265,77.207954,63,2987.346
shp_715_63,28.677757,77.207848,64,3044.715
shp_715_63,28.677538,77.207817,65,3069.226
shp_715_63,28.677538,77.207817,66,3069.226
shp_715_63,28.676605,77.207718,67,3173.657
shp_715_63,28.676489,77.20845,68,3246.37
shp_715_63,28.676445,77.208817,69,3282.127
shp_715_63,28.676399,77.208817,70,3287.258
shp_715_63,28.676357,77.208839,71,3292.398
shp_715_63,28.676329,77.208885,72,3297.53
shp_715_63,28.676313,77.208931,73,3302.669
shp_715_63,28.675961,77.208878,74,3342.175
shp_715_63,28.675848,77.209435,75,3398.563
shp_715_63,28.675714,77.20948,76,3413.998
shp_715_63,28.675503,77.209999,77,3469.94
shp_715_63,28.675797,77.210136,78,3505.297
shp_715_64,28.698071,77.206589,1,0.0
shp_715_64,28.698767,77.20462,2,207.175
shp_715_64,28.698923,77.204674,3,225.269
shp_715_64,28.699448,77.204796,4,284.86
shp_715_64,28.700159,77.204933,5,365.16
shp_715_64,28.702391,77.205383,6,617.482
shp_715_64,28.7027,77.205429,7,652.349
shp_715_64,28.702845,77.205437,8,668.369
shp_715_64,28.703226,77.205399,9,711.085
shp_715_64,28.703495,77.205345,10,741.396
shp_715_64,28.703678,77.205299,11,762.337
shp_715_64,28.703678,77.205299,12,762.337
shp_715_64,28.705477,77.204849,13,967.381
shp_715_64,28.706217,77.204674,14,1051.52
shp_715_64,28.706856,77.204544,15,1123.661
shp_715_64,28.707142,77.204514,16,1155.677
shp_715_64,28.707142,77.204514,17,1155.677
shp_715_64,28.707232,77.204506,18,1165.745
shp_715_64,28.707783,77.204498,19,1226.974
shp_715_64,28.709208,77.204453,20,1385.651
shp_715_64,28.709948,77.204422,21,1468.115
shp_715_64,28.710264,77.204422,22,1503.429
shp_715_64,28.711926,77.2043,23,1688.675
shp_715_64,28.713638,77.204117,24,1880.139
shp_715_64,28.714195,77.204079,25,1942.315
shp_715_64,28.714195,77.204079,26,1942.315
shp_715_64,28.714479,77.204056,27,1973.918
shp_715_64,28.715261,77.203979,28,2061.406
shp_715_64,28.715261,77.203979,29,2061.406
shp_715_64,28.715517,77.203957,30,2089.913
shp_715_64,28.715649,77.203941,31,2104.65
shp_715_64,28.715761,77.203911,32,2117.5
shp_715_64,28.715899,77.203873,33,2133.189
shp_715_64,28.716106,77.203773,34,2158.37
shp_715_64,28.716312,77.203651,35,2183.944
shp_715_64,28.716404,77.203644,36,2194.181
shp_715_64,28.716694,77.2034,37,2234.562
shp_715_64,28.717125,77.203072,38,2292.393
shp_715_64,28.717222,77.203003,39,2304.853
shp_715_64,28.718027,77.202354,40,2414.494
shp_715_64,28.718075,77.202225,41,2428.372
shp_715_64,28.71883,77.201622,42,2530.966
shp_715_64,28.719948,77.200775,43,2680.5
shp_715_64,28.720476,77.200325,44,2754.1
shp_715_64,28.721111,77.199821,45,2839.933
shp_715_64,28.721111,77.199821,46,2839.933
shp_715_64,28.721527,77.199478,47,2897.092
shp_715_64,28.721857,77.199364,48,2935.589
shp_715_64,28.722042,77.199326,49,2956.366
shp_715_64,28.722219,77.19931,50,2976.189
shp_715_64,28.722759,77.19928,51,3036.331
shp_715_64,28.723219,77.199249,52,3087.648
shp_715_64,28.72366,77.199127,53,3138.152
shp_715_64,28.723928,77.19899,54,3170.773
shp_715_64,28.724228,77.198753,55,3211.557
shp_715_64,28.724606,77.198318,56,3271.329
shp_715_64,28.724867,77.198006,57,3313.494
shp_715_64,28.724968,77.197906,58,3328.362
shp_715_64,28.724968,77.197906,59,3328.362
shp_715_64,28.725107,77.197784,60,3347.871
shp_715_64,28.725185,77.197739,61,3357.547
shp_715_64,28.725252,77.197723,62,3365.069
shp_715_64,28.7255,77.197746,63,3392.763
shp_715_64,28.727983,77.197868,64,3669.542
shp_715_64,28.728121,77.197853,65,3684.866
shp_715_64,28.728415,77.197716,66,3720.177
shp_715_64,28.728453,77.19767,67,3726.212
shp_715_64,28.728519,77.197632,68,3734.651
shp_715_64,28.728594,77.197617,69,3743.088
shp_715_64,28.728668,77.197632,70,3751.529
shp_715_64,28.728733,77.197678,71,3759.972
shp_715_64,28.728783,77.197746,72,3768.407
shp_715_64,28.728809,77.197823,73,3776.846
shp_715_64,28.728813,77.197891,74,3782.979
shp_715_64,28.72888,77.198006,75,3796.734
shp_715_64,28.728901,77.198029,76,3799.724
shp_715_64,28.728954,77.198051,77,3806.1
shp_715_64,28.730009,77.198288,78,3925.885
shp_715_64,28.730122,77.198303,79,3938.387
shp_715_64,28.730635,77.198326,80,3995.583
shp_715_64,28.731213,77.198257,81,4060.35
shp_715_64,28.732471,77.197968,82,4203.294
shp_715_64,28.732712,77.197929,83,4230.174
shp_715_64,28.734112,77.197639,84,4388.511
shp_715_64,28.735271,77.197319,85,4521.407
shp_715_64,28.735491,77.197273,86,4546.285
shp_715_64,28.735491,77.197273,87,4546.285
shp_715_64,28.73562,77.19725,88,4560.812
shp_715_64,28.73604,77.19725,89,4607.488
shp_715_64,28.73691,77.197334,90,4704.766
shp_715_64,28.737,77.197327,91,4714.599
shp_715_64,28.737608,77.197357,92,4782.364
shp_715_64,28.737608,77.197357,93,4782.364
shp_715_64,28.737942,77.19738,94,4819.748
shp_715_64,28.738293,77.197433,95,4859.053
shp_715_64,28.738411,77.197495,96,4873.565
shp_715_64,28.738558,77.197533,97,4890.511
shp_715_64,28.738735,77.197548,98,4910.177
shp_715_65,28.698071,77.206589,1,0.0
shp_715_65,28.698767,77.20462,2,207.175
shp_715_65,28.698923,77.204674,3,225.269
shp_715_65,28.699448,77.204796,4,284.86
shp_715_65,28.700159,77.204933,5,365.16
shp_715_65,28.702391,77.205383,6,617.482
shp_715_65,28.7027,77.205429,7,652.349
shp_715_65,28.702845,77.205437,8,668.369
shp_715_65,28.703226,77.205399,9,711.085
shp_715_65,28.703495,77.205345,10,741.396
shp_715_65,28.705477,77.204849,11,967.38
shp_715_65,28.706217,77.204674,12,1051.518
shp_715_65,28.706856,77.204544,13,1123.659
shp_715_65,28.707039,77.204521,14,1144.237
shp_715_65,28.707232,77.204506,15,1165.753
shp_715_65,28.707783,77.204498,16,1226.982
shp_715_65,28.709208,77.204453,17,1385.659
shp_715_65,28.709948,77.204422,18,1468.122
shp_715_65,28.710264,77.204422,19,1503.436
shp_715_65,28.711563,77.20433,20,1648.219
shp_715_65,28.711926,77.2043,21,1688.685
shp_715_65,28.713638,77.204117,22,1880.149
shp_715_65,28.714479,77.204056,23,1973.929
shp_715_65,28.715269,77.203979,24,2062.191
shp_715_65,28.715517,77.203957,25,2089.923
shp_715_65,28.715649,77.203941,26,2104.66
shp_715_65,28.715761,77.203911,27,2117.51
shp_715_65,28.715899,77.203873,28,2133.199
shp_715_65,28.716106,77.203773,29,2158.38
shp_715_65,28.716312,77.203651,30,2183.954
shp_715_65,28.716404,77.203644,31,2194.191
shp_715_65,28.716694,77.2034,32,2234.572
shp_715_65,28.717125,77.203072,33,2292.403
shp_715_65,28.717222,77.203003,34,2304.864
shp_715_65,28.718027,77.202354,35,2414.504
shp_715_65,28.718075,77.202225,36,2428.382
shp_715_65,28.71883,77.201622,37,2530.976
shp_715_65,28.719948,77.200775,38,2680.511
shp_715_65,28.720476,77.200325,39,2754.11
shp_715_65,28.721079,77.199844,40,2835.658
shp_715_65,28.721527,77.199478,41,2897.104
shp_715_65,28.721857,77.199364,42,2935.6
shp_715_65,28.722042,77.199326,43,2956.377
shp_715_65,28.722219,77.19931,44,2976.2
shp_715_65,28.722759,77.19928,45,3036.342
shp_715_65,28.723219,77.199249,46,3087.659
shp_715_65,28.72366,77.199127,47,3138.164
shp_715_65,28.723928,77.19899,48,3170.784
shp_715_65,28.724228,77.198753,49,3211.568
shp_715_65,28.724606,77.198318,50,3271.34
shp_715_65,28.724867,77.198006,51,3313.505
shp_715_65,28.725018,77.197861,52,3335.534
shp_715_65,28.725107,77.197784,53,3347.895
shp_715_65,28.725185,77.197739,54,3357.57
shp_715_65,28.725252,77.197723,55,3365.092
shp_715_65,28.7255,77.197746,56,3392.786
shp_715_65,28.727983,77.197868,57,3669.565
shp_715_65,28.728121,77.197853,58,3684.89
shp_715_65,28.728415,77.197716,59,3720.2
shp_715_65,28.728453,77.19767,60,3726.235
shp_715_65,28.728519,77.197632,61,3734.675
shp_715_65,28.728594,77.197617,62,3743.111
shp_715_65,28.728668,77.197632,63,3751.552
shp_715_65,28.728733,77.197678,64,3759.995
shp_715_65,28.728783,77.197746,65,3768.43
shp_715_65,28.728809,77.197823,66,3776.869
shp_715_65,28.728813,77.197891,67,3783.002
shp_715_65,28.72888,77.198006,68,3796.758
shp_715_65,28.728901,77.198029,69,3799.747
shp_715_65,28.728954,77.198051,70,3806.123
shp_715_65,28.730009,77.198288,71,3925.908
shp_715_65,28.730122,77.198303,72,3938.41
shp_715_65,28.730635,77.198326,73,3995.606
shp_715_65,28.731213,77.198257,74,4060.374
shp_715_65,28.732471,77.197968,75,4203.318
shp_715_65,28.732712,77.197929,76,4230.198
shp_715_65,28.734112,77.197639,77,4388.534
shp_715_65,28.735271,77.197319,78,4521.43
shp_715_65,28.73562,77.19725,79,4560.834
shp_715_65,28.73604,77.19725,80,4607.511
shp_715_65,28.73691,77.197334,81,4704.789
shp_715_65,28.737,77.197327,82,4714.622
shp_715_65,28.737942,77.19738,83,4819.771
shp_715_65,28.738293,77.197433,84,4859.076
shp_715_65,28.738411,77.197495,85,4873.588
shp_715_65,28.738558,77.197533,86,4890.534
shp_715_65,28.739738,77.197609,87,5022.151
shp_715_65,28.740936,77.197739,88,5155.973
shp_715_65,28.740936,77.197739,89,5155.973
shp_715_65,28.743069,77.197937,90,5394.355
shp_715_65,28.744101,77.198006,91,5509.424
shp_715_65,28.744957,77.198097,92,5605.144
shp_715_65,28.744957,77.198097,93,5605.144
shp_715_65,28.745516,77.198158,94,5667.561
shp_715_65,28.74704,77.198273,95,5837.48
shp_715_65,28.747728,77.198341,96,5914.546
shp_715_65,28.748287,77.19838,97,5976.839
shp_715_65,28.749565,77.198509,98,6119.597
shp_715_65,28.751196,77.198647,99,6301.609
shp_715_66,28.698071,77.206589,1,0.0
shp_715_66,28.698641,77.204987,2,169.205
shp_715_66,28.698767,77.20462,3,207.176
shp_715_66,28.698895,77.204201,4,250.955
shp_715_66,28.699522,77.202423,5,437.724
shp_715_66,28.700331,77.20034,6,660.237
shp_715_66,28.70101,77.198463,7,858.36
shp_715_66,28.702061,77.195648,8,1157.492
shp_715_66,28.702137,77.195457,9,1177.862
shp_715_66,28.702204,77.195244,10,1199.61
shp_715_66,28.702204,77.195244,11,1199.61
shp_715_66,28.702204,77.195244,12,1199.667
shp_715_66,28.702204,77.195244,13,1199.667
shp_715_66,28.703268,77.192513,14,1491.393
shp_715_66,28.703825,77.191177,15,1635.782
shp_715_66,28.703825,77.191177,16,1635.782
shp_715_66,28.704683,77.189148,17,1855.711
shp_715_66,28.704926,77.188385,18,1935.254
shp_715_66,28.704926,77.188385,19,1935.254
shp_715_66,28.705942,77.185181,20,2268.21
shp_715_66,28.705942,77.185181,21,2268.21
shp_715_66,28.706251,77.184204,22,2369.176
shp_715_66,28.706274,77.18409,23,2381.086
shp_715_66,28.706615,77.18306,24,2488.03
shp_715_66,28.706615,77.18306,25,2488.03
shp_715_66,28.707375,77.180687,26,2734.586
shp_715_66,28.707689,77.179535,27,2852.711
shp_715_66,28.707687,77.179474,28,2858.515
shp_715_66,28.707674,77.179413,29,2864.547
shp_715_66,28.707651,77.179359,30,2870.838
shp_715_66,28.707586,77.179245,31,2883.766
shp_715_66,28.707506,77.179169,32,2895.725
shp_715_66,28.707367,77.179092,33,2912.75
shp_715_66,28.707287,77.179008,34,2925.035
shp_715_66,28.707186,77.178871,35,2942.25
shp_715_66,28.707167,77.178749,36,2954.287
shp_715_66,28.707176,77.17868,37,2961.187
shp_715_66,28.707195,77.178627,38,2967.099
shp_715_66,28.707226,77.178581,39,2972.601
shp_715_66,28.707348,77.178429,40,2992.404
shp_715_66,28.707462,77.178337,41,3008.238
shp_715_67,28.614803,77.022972,1,0.0
shp_715_67,28.615646,77.023232,2,97.223
shp_715_67,28.616253,77.023376,3,166.233
shp_715_67,28.616583,77.023415,4,203.128
shp_715_67,28.617004,77.023445,5,250.13
shp_715_67,28.617085,77.023438,6,259.216
shp_715_67,28.617062,77.023369,7,266.086
shp_715_67,28.617071,77.022964,8,305.824
shp_715_67,28.617071,77.022964,9,305.824
shp_715_67,28.617104,77.022179,10,382.424
shp_715_67,28.617088,77.022125,11,387.705
shp_715_67,28.617058,77.022087,12,393.263
shp_715_67,28.616665,77.021744,13,447.906
shp_715_67,28.61651,77.021576,14,471.641
shp_715_67,28.615749,77.020653,15,595.48
shp_715_67,28.615105,77.019852,16,701.82
shp_715_67,28.614771,77.019333,17,764.837
shp_715_67,28.614691,77.019249,18,777.076
shp_715_67,28.614582,77.019165,19,791.472
shp_715_67,28.613689,77.018623,20,904.05
shp_715_67,28.613689,77.018623,21,904.05
shp_715_67,28.612967,77.018181,22,995.273
shp_715_67,28.612707,77.018044,23,1027.165
shp_715_67,28.612364,77.017937,24,1066.847
shp_715_67,28.612015,77.017807,25,1107.796
shp_715_67,28.61157,77.017586,26,1161.708
shp_715_67,28.611364,77.017464,27,1187.39
shp_715_67,28.611156,77.017319,28,1214.615
shp_715_67,28.610928,77.01712,29,1246.896
shp_715_67,28.610855,77.017044,30,1257.917
shp_715_67,28.609766,77.015625,31,1441.792
shp_715_67,28.609114,77.014793,32,1551.142
shp_715_67,28.608643,77.014107,33,1636.253
shp_715_67,28.60817,77.013657,34,1704.728
shp_715_68,28.615576,77.022072,1,0.0
shp_715_68,28.615559,77.022041,2,3.562
shp_715_68,28.615644,77.020874,3,117.892
shp_715_68,28.615662,77.020821,4,123.47
shp_715_68,28.615749,77.020653,5,142.356
shp_715_68,28.615105,77.019852,6,248.695
shp_715_68,28.614771,77.019333,7,311.712
shp_715_68,28.614691,77.019249,8,323.952
shp_715_68,28.614582,77.019165,9,338.347
shp_715_68,28.612967,77.018181,10,542.148
shp_715_68,28.612707,77.018044,11,574.041
shp_715_68,28.612364,77.017937,12,613.723
shp_715_68,28.612015,77.017807,13,654.671
shp_715_68,28.61157,77.017586,14,708.583
shp_715_68,28.611364,77.017464,15,734.265
shp_715_68,28.611156,77.017319,16,761.491
shp_715_68,28.610928,77.01712,17,793.771
shp_715_68,28.610855,77.017044,18,804.792
shp_715_68,28.609766,77.015625,19,988.667
shp_715_68,28.609114,77.014793,20,1098.017
shp_715_68,28.608643,77.014107,21,1183.128
shp_715_68,28.607958,77.013458,22,1281.985
shp_715_68,28.607088,77.012665,23,1406.236
shp_715_68,28.606905,77.012466,24,1434.319
shp_715_68,28.606552,77.012192,25,1481.745
shp_715_68,28.606386,77.012154,26,1500.638
shp_715_68,28.60606,77.012146,27,1536.949
shp_715_68,28.606001,77.012161,28,1543.663
shp_715_68,28.606014,77.011467,29,1611.738
shp_715_68,28.606026,77.011238,30,1634.128
shp_715_68,28.606041,77.009918,31,1763.015
shp_715_68,28.606041,77.009918,32,1763.015
shp_715_68,28.606043,77.009651,33,1789.093
shp_715_68,28.606071,77.009216,34,1831.56
shp_715_68,28.60611,77.00885,35,1867.752
shp_715_68,28.606295,77.005005,36,2243.894
shp_715_68,28.606295,77.005005,37,2243.894
shp_715_68,28.606316,77.004547,38,2288.483
shp_715_68,28.606337,77.003532,39,2388.0
shp_715_68,28.601036,77.003372,40,2978.29
shp_715_68,28.598625,77.003357,41,3246.571
shp_715_68,28.597834,77.003349,42,3334.789
shp_715_68,28.596975,77.003349,43,3430.334
shp_715_68,28.596128,77.003334,44,3524.532
shp_715_68,28.59334,77.003258,45,3835.221
shp_715_68,28.592442,77.003273,46,3935.184
shp_715_68,28.591623,77.003281,47,4026.288
shp_715_68,28.590658,77.003235,48,4133.696
shp_715_69,28.562988,77.286415,1,0.0
shp_715_69,28.562557,77.286041,2,60.132
shp_715_69,28.562395,77.286041,3,78.268
shp_715_69,28.56237,77.286064,4,82.202
shp_715_69,28.562328,77.287521,5,224.123
shp_715_69,28.561945,77.287827,6,276.469
shp_715_69,28.561455,77.287415,7,344.312
shp_715_69,28.56135,77.287346,8,357.909
shp_715_69,28.56102,77.287201,9,397.018
shp_715_69,28.559891,77.286781,10,529.377
shp_715_69,28.559641,77.286705,11,558.116
shp_715_69,28.559561,77.28669,12,567.055
shp_715_69,28.559439,77.28669,13,580.652
shp_715_69,28.558218,77.286858,14,717.666
shp_715_69,28.558273,77.288002,15,829.797
shp_715_69,28.558262,77.288048,16,834.511
shp_715_69,28.558241,77.288094,17,839.189
shp_715_69,28.558212,77.288109,18,843.021
shp_715_69,28.55818,77.288116,19,846.67
shp_715_69,28.557974,77.288086,20,869.652
shp_715_69,28.55788,77.288086,21,880.024
shp_715_69,28.557856,77.288094,22,882.972
shp_715_69,28.557819,77.288109,23,887.415
shp_715_69,28.557781,77.288147,24,893.14
shp_715_69,28.557682,77.288284,25,910.088
shp_715_69,28.557543,77.288521,26,938.426
shp_715_69,28.557503,77.288567,27,944.48
shp_715_69,28.557425,77.288628,28,954.907
shp_715_69,28.557373,77.288651,29,961.174
shp_715_69,28.557333,77.288658,30,965.803
shp_715_69,28.557276,77.288651,31,972.127
shp_715_69,28.557123,77.288589,32,990.086
shp_715_69,28.556955,77.288536,33,1009.77
shp_715_69,28.556915,77.288536,34,1014.245
shp_715_69,28.556868,77.288559,35,1020.204
shp_715_69,28.556829,77.288605,36,1026.036
shp_715_69,28.556818,77.288628,37,1029.081
shp_715_69,28.556808,77.288849,38,1050.579
shp_715_69,28.55583,77.289108,39,1162.488
shp_715_69,28.555859,77.289253,40,1177.294
shp_715_69,28.555859,77.289253,41,1177.294
shp_715_69,28.555891,77.289406,42,1192.638
shp_715_69,28.555429,77.28952,43,1245.261
shp_715_69,28.555195,77.289604,44,1272.418
shp_715_69,28.555281,77.289932,45,1306.435
shp_715_69,28.555473,77.290535,46,1368.62
shp_715_69,28.55526,77.290642,47,1394.831
shp_715_69,28.5548,77.290863,48,1450.238
shp_715_69,28.554699,77.290894,49,1461.914
shp_715_69,28.554159,77.29113,50,1526.388
shp_715_69,28.553875,77.291183,51,1558.505
shp_715_70,28.562988,77.286415,1,0.0
shp_715_70,28.562557,77.286041,2,60.132
shp_715_70,28.562395,77.286041,3,78.268
shp_715_70,28.56237,77.286064,4,82.202
shp_715_70,28.562328,77.287521,5,224.123
shp_715_70,28.561945,77.287827,6,276.469
shp_715_70,28.561455,77.287415,7,344.312
shp_715_70,28.56135,77.287346,8,357.909
shp_715_70,28.56102,77.287201,9,397.018
shp_715_70,28.559891,77.286781,10,529.377
shp_715_70,28.559641,77.286705,11,558.116
shp_715_70,28.559561,77.28669,12,567.055
shp_715_70,28.559439,77.28669,13,580.652
shp_715_70,28.558218,77.286858,14,717.666
shp_715_70,28.55798,77.286842,15,744.252
shp_715_70,28.55789,77.286766,16,756.949
shp_715_70,28.557743,77.286545,17,784.074
shp_715_70,28.557417,77.285873,18,858.806
shp_715_70,28.557396,77.285851,19,862.23
shp_715_70,28.557364,77.285843,20,865.914
shp_715_70,28.557253,77.285912,21,879.86
shp_715_70,28.557215,77.285912,22,884.03
shp_715_70,28.556911,77.286163,23,925.672
shp_715_70,28.556791,77.28627,24,942.558
shp_715_70,28.556763,77.286285,25,946.181
shp_715_70,28.556395,77.286789,26,1010.434
shp_715_70,28.556145,77.286636,27,1042.103
shp_715_70,28.5557,77.28643,28,1095.268
shp_715_70,28.555647,77.286499,29,1103.962
shp_715_70,28.555597,77.28653,30,1110.412
shp_715_70,28.555412,77.28653,31,1131.007
shp_715_70,28.555397,77.286537,32,1132.886
shp_715_70,28.555378,77.28656,33,1136.214
shp_715_70,28.554981,77.286461,34,1181.391
shp_715_70,28.554888,77.286407,35,1192.947
shp_715_70,28.554642,77.286362,36,1220.725
shp_715_70,28.55459,77.286705,37,1255.1
shp_715_70,28.554586,77.286873,38,1271.453
shp_715_71,28.563065,77.286293,1,0.0
shp_715_71,28.563185,77.286369,2,15.462
shp_715_71,28.5634,77.286568,3,46.609
shp_715_71,28.563719,77.286942,4,97.221
shp_715_71,28.564486,77.287857,5,220.665
shp_715_71,28.564678,77.288162,6,257.468
shp_715_71,28.564802,77.288376,7,282.524
shp_715_71,28.564882,77.288658,8,311.773
shp_715_71,28.56492,77.288933,9,339.18
shp_715_71,28.564913,77.28923,10,368.125
shp_715_71,28.564901,77.289345,11,379.6
shp_715_71,28.564869,77.289482,12,393.207
shp_715_71,28.564783,77.289673,13,414.398
shp_715_71,28.564695,77.289848,14,433.975
shp_715_71,28.564566,77.290062,15,459.434
shp_715_71,28.564005,77.291061,16,575.214
shp_715_71,28.563906,77.291199,17,592.792
shp_715_71,28.563829,77.291267,18,603.511
shp_715_71,28.563654,77.291321,19,623.911
shp_715_71,28.562567,77.291374,20,745.004
shp_715_71,28.562525,77.291397,21,749.97
shp_715_71,28.562492,77.291435,22,754.922
shp_715_71,28.562473,77.291481,23,759.875
shp_715_71,28.562387,77.291885,24,800.997
shp_715_71,28.562359,77.291985,25,810.824
shp_715_71,28.562111,77.292305,26,852.961
shp_715_71,28.561905,77.292595,27,889.451
shp_715_71,28.56181,77.292831,28,914.659
shp_715_71,28.561783,77.292946,29,926.461
shp_715_71,28.56163,77.293861,30,1017.605
shp_715_71,28.561514,77.294655,31,1095.793
shp_715_71,28.56144,77.295082,32,1138.687
shp_715_71,28.56134,77.295593,33,1190.024
shp_715_71,28.561298,77.29567,34,1198.634
shp_715_71,28.561224,77.295738,35,1209.221
shp_715_71,28.561171,77.295761,36,1215.535
shp_715_71,28.561115,77.295776,37,1221.851
shp_715_71,28.561026,77.295776,38,1231.736
shp_715_71,28.560541,77.295837,39,1286.174
shp_715_71,28.560455,77.295883,40,1296.682
shp_715_71,28.559732,77.295975,41,1377.681
shp_715_71,28.559475,77.296028,42,1406.808
shp_715_71,28.559219,77.296089,43,1435.92
shp_715_71,28.558439,77.296341,44,1526.231
shp_715_71,28.557533,77.296707,45,1633.142
shp_715_71,28.557396,77.296776,46,1649.939
shp_715_71,28.557396,77.296776,47,1649.939
shp_715_71,28.557022,77.296967,48,1695.637
shp_715_71,28.556402,77.297348,49,1773.901
shp_715_71,28.555609,77.297882,50,1876.521
shp_715_71,28.555054,77.298218,51,1946.453
shp_715_71,28.554977,77.298271,52,1956.739
shp_715_71,28.554043,77.298866,53,2075.796
shp_715_71,28.553051,77.299515,54,2202.972
shp_715_71,28.552731,77.299736,55,2244.86
shp_715_71,28.552328,77.299988,56,2295.851
shp_715_71,28.551708,77.300392,57,2375.463
shp_715_71,28.551317,77.300674,58,2427.005
shp_715_71,28.551138,77.300888,59,2455.752
shp_715_71,28.550982,77.301109,60,2483.524
shp_715_71,28.550911,77.301247,61,2499.273
shp_715_71,28.550838,77.301422,62,2518.221
shp_715_71,28.550734,77.301826,63,2559.64
shp_715_71,28.550646,77.302132,64,2590.945
shp_715_71,28.550591,77.302277,65,2606.567
shp_715_71,28.550486,77.30246,66,2627.592
shp_715_71,28.55024,77.302765,67,2668.052
shp_715_71,28.549646,77.303444,68,2761.893
shp_715_71,28.549194,77.303978,69,2834.549
shp_715_71,28.546967,77.306549,70,3187.19
shp_715_71,28.546568,77.306969,71,3247.9
shp_715_71,28.546495,77.306992,72,3256.209
shp_715_72,28.563065,77.286293,1,0.0
shp_715_72,28.563185,77.286369,2,15.462
shp_715_72,28.5634,77.286568,3,46.609
shp_715_72,28.563719,77.286942,4,97.221
shp_715_72,28.564329,77.287666,5,195.469
shp_715_72,28.564371,77.287666,6,200.201
shp_715_72,28.564405,77.287674,7,204.046
shp_715_72,28.564518,77.287766,8,219.51
shp_715_72,28.564545,77.287773,9,222.552
shp_715_72,28.564573,77.287758,10,226.048
shp_715_72,28.564632,77.287666,11,237.343
shp_715_72,28.56481,77.287148,12,291.737
shp_715_72,28.565001,77.286369,13,370.494
shp_715_72,28.565048,77.286293,14,379.547
shp_715_72,28.565264,77.28566,15,446.226
shp_715_72,28.565365,77.285461,16,468.089
shp_715_72,28.565443,77.285339,17,483.055
shp_715_72,28.565889,77.284767,18,558.044
shp_715_72,28.566135,77.284378,19,605.138
shp_715_72,28.566156,77.284332,20,610.127
shp_715_72,28.566172,77.284241,21,618.798
shp_715_72,28.566168,77.284035,22,639.404
shp_715_72,28.566238,77.283829,23,661.046
shp_715_72,28.566242,77.28376,24,667.818
shp_715_72,28.566137,77.283524,25,693.411
shp_715_72,28.566122,77.283463,26,699.986
shp_715_72,28.566111,77.283264,27,719.337
shp_715_72,28.56612,77.283134,28,731.513
shp_715_72,28.56621,77.282799,29,766.019
shp_715_72,28.566242,77.282738,30,773.308
shp_715_72,28.566595,77.282387,31,824.994
shp_715_72,28.567045,77.281258,32,946.518
shp_715_72,28.567308,77.280464,33,1029.135
shp_715_72,28.567385,77.280251,34,1052.245
shp_715_72,28.567553,77.279816,35,1098.261
shp_715_72,28.567572,77.279755,36,1104.972
shp_715_72,28.567709,77.279518,37,1132.342
shp_715_72,28.567619,77.279434,38,1145.214
shp_715_72,28.567575,77.279388,39,1152.133
shp_715_72,28.567526,77.279312,40,1161.564
shp_715_72,28.567451,77.279144,41,1179.658
shp_715_72,28.566952,77.278244,42,1283.678
shp_715_72,28.566738,77.277954,43,1320.785
shp_715_73,28.563065,77.286293,1,0.0
shp_715_73,28.563185,77.286369,2,15.462
shp_715_73,28.5634,77.286568,3,46.609
shp_715_73,28.563719,77.286942,4,97.221
shp_715_73,28.564486,77.287857,5,220.665
shp_715_73,28.564678,77.288162,6,257.468
shp_715_73,28.564802,77.288376,7,282.524
shp_715_73,28.564819,77.288452,8,290.078
shp_715_73,28.565168,77.28849,9,329.001
shp_715_73,28.565357,77.288536,10,350.768
shp_715_73,28.565712,77.288681,11,392.531
shp_715_73,28.565756,77.288704,12,397.945
shp_715_73,28.565813,77.28875,13,405.78
shp_715_73,28.566021,77.288986,14,438.219
shp_715_73,28.566908,77.288361,15,554.394
shp_715_73,28.56698,77.28833,16,562.855
shp_715_73,28.567028,77.28833,17,568.18
shp_715_73,28.567104,77.288368,18,577.531
shp_715_73,28.567192,77.288239,19,593.87
shp_715_73,28.567295,77.287918,20,626.832
shp_715_73,28.56745,77.287514,21,670.424
shp_715_73,28.567701,77.287613,22,700.079
shp_715_73,28.568159,77.286377,23,831.332
shp_715_73,28.568232,77.286095,24,859.713
shp_715_73,28.568806,77.286377,25,928.99
shp_715_74,28.583141,77.239769,1,0.0
shp_715_74,28.582933,77.239601,2,28.54
shp_715_74,28.582668,77.239403,3,63.724
shp_715_74,28.582407,77.239166,4,101.086
shp_715_74,28.580994,77.238098,5,289.807
shp_715_74,28.58083,77.237999,6,310.696
shp_715_74,28.580679,77.237984,7,327.447
shp_715_74,28.580379,77.237923,8,361.234
shp_715_74,28.580311,77.237961,9,369.574
shp_715_74,28.579899,77.237923,10,415.608
shp_715_74,28.579523,77.237839,11,458.289
shp_715_74,28.579489,77.237846,12,462.023
shp_715_74,28.579464,77.237854,13,465.099
shp_715_74,28.579437,77.237892,14,469.787
shp_715_74,28.579344,77.238121,15,494.477
shp_715_74,28.579315,77.238358,16,517.484
shp_715_74,28.579317,77.238731,17,553.958
shp_715_74,28.579241,77.238731,18,562.408
shp_715_74,28.579248,77.238861,19,575.474
shp_715_74,28.579248,77.238861,20,575.474
shp_715_74,28.579258,77.238998,21,588.712
shp_715_74,28.579281,77.240196,22,705.96
shp_715_74,28.579317,77.24118,23,801.945
shp_715_74,28.579306,77.241318,24,815.82
shp_715_74,28.579311,77.241386,25,822.633
shp_715_74,28.579296,77.241791,26,862.343
shp_715_74,28.579296,77.241791,27,862.343
shp_715_74,28.579309,77.242409,28,922.302
shp_715_74,28.580139,77.242378,29,1014.749
shp_715_74,28.580166,77.24321,30,1096.558
shp_715_74,28.580166,77.24321,31,1096.558
shp_715_74,28.580215,77.245331,32,1303.894
shp_715_74,28.580181,77.245331,33,1307.806
shp_715_74,28.580181,77.245331,34,1307.806
shp_715_74,28.579451,77.245338,35,1389.188
shp_715_74,28.57946,77.245674,36,1422.123
shp_715_74,28.579449,77.246086,37,1462.231
shp_715_74,28.57946,77.247101,38,1561.899
shp_715_74,28.579611,77.247391,39,1594.746
shp_715_74,28.579643,77.247406,40,1598.603
shp_715_74,28.579685,77.247444,41,1604.819
shp_715_74,28.5797,77.247498,42,1609.93
shp_715_74,28.579693,77.247543,43,1615.044
shp_715_74,28.579666,77.247589,44,1620.155
shp_715_74,28.579962,77.248077,45,1678.079
shp_715_74,28.580357,77.248695,46,1752.67
shp_715_74,28.580154,77.248863,47,1780.632
shp_715_74,28.580385,77.249214,48,1823.428
shp_715_74,28.580816,77.249847,49,1901.749
shp_715_74,28.580816,77.249847,50,1901.749
shp_715_74,28.58098,77.250099,51,1932.356
shp_715_74,28.581068,77.250023,52,1944.635
shp_715_75,28.538179,77.285797,1,0.0
shp_715_75,28.538389,77.285721,2,24.491
shp_715_75,28.538557,77.285629,3,45.229
shp_715_75,28.538576,77.285713,4,53.247
shp_715_75,28.540094,77.289406,5,451.922
shp_715_75,28.54011,77.289619,6,473.44
shp_715_75,28.54015,77.289673,7,480.083
shp_715_75,28.540169,77.289742,8,487.238
shp_715_75,28.540165,77.28981,9,494.132
shp_715_75,28.540138,77.289871,10,500.6
shp_715_75,28.540121,77.289894,11,503.183
shp_715_75,28.540592,77.290985,12,622.149
shp_715_75,28.540592,77.290985,13,622.149
shp_715_75,28.541437,77.292946,14,835.638
shp_715_75,28.54372,77.291626,15,1120.697
shp_715_75,28.543819,77.291542,16,1134.358
shp_715_75,28.543987,77.291367,17,1159.87
shp_715_75,28.544027,77.291306,18,1166.879
shp_715_75,28.544027,77.291306,19,1166.879
shp_715_75,28.544352,77.290855,20,1224.203
shp_715_75,28.544846,77.291336,21,1296.551
shp_715_75,28.544846,77.291336,22,1296.551
shp_715_75,28.545099,77.291542,23,1331.488
shp_715_75,28.545137,77.291565,24,1336.095
shp_715_75,28.545416,77.291679,25,1369.28
shp_715_75,28.545897,77.291862,26,1425.595
shp_715_76,28.644384,77.199951,1,0.0
shp_715_76,28.644257,77.200226,2,30.583
shp_715_76,28.644188,77.200409,3,50.253
shp_715_76,28.643627,77.201591,4,181.016
shp_715_76,28.643414,77.202133,5,239.047
shp_715_76,28.643658,77.202278,6,269.825
shp_715_76,28.6437,77.202332,7,276.774
shp_715_76,28.64373,77.202362,8,280.994
shp_715_76,28.645369,77.203583,9,499.088
shp_715_76,28.645369,77.203583,10,499.088
shp_715_76,28.644995,77.204201,11,572.371
shp_715_76,28.645897,77.204956,12,696.811
shp_715_76,28.646219,77.205162,13,738.262
shp_715_76,28.64633,77.205215,14,751.554
shp_715_76,28.646482,77.205215,15,768.524
shp_715_76,28.646524,77.205177,16,774.485
shp_715_76,28.646574,77.205154,17,780.348
shp_715_76,28.646616,77.205154,18,785.07
shp_715_76,28.646687,77.205177,19,793.266
shp_715_76,28.64673,77.205215,20,799.538
shp_715_76,28.646832,77.205421,21,822.848
shp_715_76,28.647045,77.205513,22,848.101
shp_715_76,28.647686,77.205582,23,919.741
shp_715_76,28.64842,77.205475,24,1002.107
shp_715_76,28.649597,77.205246,25,1135.027
shp_715_76,28.649818,77.205215,26,1159.751
shp_715_76,28.64999,77.205193,27,1179.13
shp_715_76,28.650179,77.205154,28,1200.306
shp_715_76,28.650566,77.205086,29,1243.967
shp_715_76,28.651609,77.204895,30,1361.53
shp_715_76,28.652401,77.20472,31,1451.515
shp_715_76,28.654739,77.204239,32,1715.756
shp_715_76,28.654913,77.204185,33,1735.947
shp_715_76,28.655079,77.204056,34,1758.22
shp_715_76,28.655104,77.203987,35,1765.656
shp_715_76,28.655149,77.203934,36,1773.101
shp_715_76,28.655216,77.203888,37,1781.533
shp_715_76,28.655291,77.20388,38,1789.952
shp_715_76,28.655363,77.203903,39,1798.377
shp_715_76,28.65547,77.203964,40,1811.571
shp_715_76,28.655699,77.203964,41,1837.141
shp_715_76,28.65587,77.203903,42,1857.123
shp_715_76,28.656725,77.203751,43,1953.384
shp_715_76,28.656935,77.203697,44,1977.2
shp_715_76,28.657076,77.203644,45,1993.873
shp_715_76,28.657076,77.203644,46,1993.873
shp_715_76,28.657806,77.203354,47,2080.003
shp_715_76,28.657726,77.203102,48,2106.412
shp_715_76,28.657707,77.203018,49,2114.83
shp_715_76,28.658009,77.202454,50,2179.594
shp_715_76,28.65646,77.201378,51,2381.27
shp_715_77,28.619408,77.033264,1,0.0
shp_715_77,28.619551,77.034157,2,88.835
shp_715_77,28.620905,77.034134,3,239.61
shp_715_77,28.620918,77.033241,4,326.837
shp_715_77,28.620935,77.032944,5,355.926
shp_715_77,28.621473,77.032928,6,415.899
shp_715_77,28.622114,77.032967,7,487.211
shp_715_77,28.622116,77.032768,8,506.424
shp_715_77,28.622803,77.032784,9,582.946
shp_715_77,28.622807,77.032532,10,607.496
shp_715_77,28.623781,77.032555,11,715.864
shp_715_77,28.623781,77.032555,12,715.864
shp_715_77,28.623951,77.032555,13,734.752
shp_715_77,28.623953,77.032333,14,756.486
shp_715_77,28.624203,77.032318,15,784.305
shp_715_77,28.624205,77.031235,16,890.042
shp_715_77,28.624397,77.031242,17,911.494
shp_715_77,28.624397,77.031242,18,911.494
shp_715_77,28.625221,77.031242,19,1003.279
shp_715_77,28.625254,77.03125,20,1006.824
shp_715_77,28.625645,77.03125,21,1050.453
shp_715_77,28.627752,77.031281,22,1285.01
shp_715_77,28.62958,77.031342,23,1488.507
shp_715_77,28.630238,77.031342,24,1561.744
shp_715_77,28.630213,77.031372,25,1565.908
shp_715_77,28.629883,77.031952,26,1633.245
shp_715_77,28.631889,77.032005,27,1856.774
shp_715_77,28.631889,77.032005,28,1856.774
shp_715_77,28.632849,77.032028,29,1963.454
shp_715_77,28.633558,77.032036,30,2042.503
shp_715_77,28.633558,77.032036,31,2042.503
shp_715_77,28.634113,77.032059,32,2104.291
shp_715_77,28.63517,77.032059,33,2222.022
shp_715_77,28.636669,77.032112,34,2388.877
shp_715_77,28.63727,77.032104,35,2455.94
shp_715_77,28.637653,77.032112,36,2498.501
shp_715_78,28.619211,77.033295,1,0.0
shp_715_78,28.618994,77.031883,2,140.154
shp_715_78,28.618862,77.031837,3,155.362
shp_715_78,28.618696,77.031776,4,174.889
shp_715_78,28.618492,77.031685,5,199.521
shp_715_78,28.618114,77.031776,6,242.457
shp_715_78,28.617311,77.03199,7,334.304
shp_715_78,28.616842,77.032135,8,388.414
shp_715_78,28.615305,77.032639,9,566.519
shp_715_78,28.613111,77.033386,10,821.128
shp_715_78,28.612242,77.033661,11,921.673
shp_715_78,28.607317,77.035294,12,1492.9
shp_715_78,28.607317,77.035294,13,1492.9
shp_715_78,28.606321,77.035622,14,1608.217
shp_715_78,28.606236,77.035675,15,1618.956
shp_715_78,28.605766,77.036377,16,1705.142
shp_715_79,28.619408,77.033264,1,0.0
shp_715_79,28.619726,77.035263,2,198.317
shp_715_79,28.619804,77.035919,3,263.628
shp_715_79,28.619904,77.036613,4,332.0
shp_715_79,28.620066,77.036621,5,350.128
shp_715_79,28.620449,77.036606,6,392.717
shp_715_79,28.622665,77.036644,7,639.386
shp_715_79,28.623991,77.036682,8,787.024
shp_715_79,28.625448,77.036697,9,949.336
shp_715_79,28.627457,77.036736,10,1172.97
shp_715_79,28.628519,77.036713,11,1291.172
shp_715_79,28.628717,77.036125,12,1352.726
shp_715_79,28.629017,77.034904,13,1476.311
shp_715_79,28.629053,77.03492,14,1480.359
shp_715_80,28.619211,77.033295,1,0.0
shp_715_80,28.618935,77.031464,2,181.755
shp_715_80,28.619129,77.031418,3,203.725
shp_715_80,28.619274,77.032425,4,303.856
shp_715_80,28.619453,77.03244,5,323.857
shp_715_80,28.619431,77.031967,6,369.876
shp_715_80,28.619434,77.031937,7,372.796
shp_715_80,28.619446,77.031921,8,375.0
shp_715_80,28.619495,77.031868,9,382.558
shp_715_80,28.619516,77.031761,10,392.807
shp_715_80,28.619537,77.031105,11,457.667
shp_715_80,28.619947,77.031105,12,503.375
shp_715_80,28.619896,77.030708,13,542.795
shp_715_80,28.620174,77.030632,14,574.639
shp_715_80,28.620722,77.030396,15,639.633
shp_715_80,28.621363,77.030212,16,713.115
shp_715_80,28.622097,77.030052,17,796.338
shp_715_80,28.622488,77.029892,18,842.588
shp_715_80,28.622931,77.029747,19,893.88
shp_715_80,28.623495,77.029564,20,959.051
shp_715_80,28.623608,77.029518,21,972.601
shp_715_80,28.624367,77.029251,22,1061.035
shp_715_80,28.624981,77.029053,23,1132.058
shp_715_80,28.625008,77.027206,24,1312.207
shp_715_80,28.625008,77.027206,25,1312.207
shp_715_80,28.625008,77.027153,26,1317.563
shp_715_80,28.627918,77.027229,27,1641.606
shp_715_80,28.628685,77.027229,28,1726.927
shp_715_80,28.628685,77.027229,29,1726.927
shp_715_80,28.629333,77.027229,30,1799.074
shp_715_81,28.619211,77.033295,1,0.0
shp_715_81,28.618935,77.031464,2,181.755
shp_715_81,28.618908,77.03067,3,259.055
shp_715_81,28.61891,77.030197,4,305.346
shp_715_81,28.619022,77.029099,5,413.365
shp_715_81,28.619123,77.027596,6,560.952
shp_715_81,28.619228,77.026642,7,654.724
shp_715_81,28.619228,77.026436,8,674.464
shp_715_81,28.619366,77.026276,9,696.642
shp_715_81,28.619497,77.025917,10,734.315
shp_715_81,28.619675,77.025375,11,791.126
shp_715_81,28.620003,77.024307,12,901.297
shp_715_81,28.620071,77.02404,13,928.74
shp_715_81,28.620184,77.023689,14,964.954
shp_715_81,28.620279,77.023201,15,1013.95
shp_715_81,28.620304,77.02253,16,1079.688
shp_715_81,28.620543,77.021355,17,1197.902
shp_715_81,28.620657,77.020889,18,1245.157
shp_715_81,28.620684,77.020737,19,1260.262
shp_715_81,28.620689,77.02063,20,1270.173
shp_715_81,28.620678,77.020386,21,1294.146
shp_715_81,28.620661,77.020302,22,1302.693
shp_715_81,28.620532999999998,77.019829,23,1351.565
shp_715_81,28.620285,77.019051,24,1431.825
shp_715_81,28.620285,77.019051,25,1431.825
shp_715_81,28.619944,77.017998,26,1541.443
shp_715_81,28.61887,77.014938,27,1863.561
shp_715_81,28.617788,77.01194,28,2180.642
shp_715_81,28.617867,77.01194,29,2189.346
shp_715_81,28.617867,77.01194,30,2189.346
shp_715_81,28.618692,77.011932,31,2281.343
shp_715_81,28.62018,77.012001,32,2446.931
shp_715_81,28.621189,77.012054,33,2559.414
shp_715_81,28.621258,77.012062,34,2567.143
shp_715_81,28.621469,77.012115,35,2591.247
shp_715_81,28.62155,77.012123,36,2600.248
shp_715_81,28.623409,77.012154,37,2807.27
shp_715_81,28.623718,77.012154,38,2841.619
shp_715_81,28.624954,77.012184,39,2979.201
shp_715_81,28.626163,77.012199,40,3113.955
shp_715_81,28.626125,77.011986,41,3135.576
shp_715_81,28.626125,77.011986,42,3135.576
shp_715_81,28.625942,77.01104,43,3229.806
shp_715_81,28.625765,77.010323,44,3302.713
shp_715_81,28.625452,77.00898,45,3438.589
shp_715_81,28.625092,77.007118,46,3624.911
shp_715_81,28.625055,77.006851,47,3651.219
shp_715_81,28.625069,77.006416,48,3693.948
shp_715_81,28.625713,77.004875,49,3860.338
shp_715_82,28.619211,77.033295,1,0.0
shp_715_82,28.618935,77.031464,2,181.755
shp_715_82,28.618908,77.03067,3,259.055
shp_715_82,28.61891,77.030197,4,305.346
shp_715_82,28.619022,77.029099,5,413.365
shp_715_82,28.619123,77.027596,6,560.952
shp_715_82,28.619228,77.026642,7,654.724
shp_715_82,28.619228,77.026436,8,674.464
shp_715_82,28.619366,77.026276,9,696.642
shp_715_82,28.619497,77.025917,10,734.315
shp_715_82,28.619675,77.025375,11,791.126
shp_715_82,28.620003,77.024307,12,901.297
shp_715_82,28.620071,77.02404,13,928.74
shp_715_82,28.620184,77.023689,14,964.954
shp_715_82,28.620279,77.023201,15,1013.95
shp_715_82,28.620304,77.02253,16,1079.688
shp_715_82,28.620543,77.021355,17,1197.902
shp_715_82,28.620657,77.020889,18,1245.157
shp_715_82,28.620821,77.020912,19,1263.562
shp_715_82,28.620958,77.020966,20,1279.758
shp_715_82,28.621721,77.021065,21,1365.283
shp_715_82,28.624229,77.02121,22,1644.887
shp_715_82,28.625412,77.021309,23,1776.808
shp_715_82,28.626383,77.021507,24,1886.627
shp_715_82,28.626575,77.021538,25,1908.299
shp_715_82,28.626604,77.02153,26,1911.57
shp_715_82,28.626699,77.021454,27,1924.517
shp_715_82,28.62672,77.021408,28,1929.736
shp_715_82,28.626724,77.020866,29,1982.542
shp_715_82,28.626783,77.020279,30,2040.047
shp_715_82,28.626799,77.020241,31,2044.455
shp_715_82,28.626869,77.020142,32,2056.842
shp_715_82,28.626898,77.020126,33,2060.479
shp_715_82,28.627037,77.020111,34,2076.125
shp_715_82,28.627037,77.020111,35,2076.125
shp_715_82,28.627346,77.020081,36,2110.551
shp_715_82,28.627415,77.019623,37,2156.396
shp_715_82,28.627457,77.019417,38,2177.118
shp_715_82,28.627573,77.019005,39,2219.344
shp_715_82,28.627655,77.018745,40,2246.418
shp_715_82,28.62776,77.018272,41,2294.123
shp_715_82,28.629354,77.018288,42,2471.486
shp_715_82,28.629648,77.018318,43,2504.323
shp_715_82,28.632292,77.018356,44,2798.82
shp_715_82,28.634695,77.018387,45,3066.254
shp_715_82,28.636288,77.018463,46,3243.704
shp_715_82,28.636288,77.019806,47,3374.734
shp_715_82,28.636366,77.019806,48,3383.466
shp_715_83,28.673019,77.169472,1,0.0
shp_715_83,28.672819,77.169579,2,24.807
shp_715_83,28.672625,77.16967,3,48.197
shp_715_83,28.672445,77.169731,4,69.055
shp_715_83,28.672422,77.169579,5,84.481
shp_715_83,28.672672,77.169456,6,114.594
shp_715_83,28.672974,77.169266,7,152.986
shp_715_83,28.673277,77.169144,8,188.847
shp_715_83,28.674261,77.168724,9,305.789
shp_715_83,28.674589,77.168594,10,344.526
shp_715_83,28.675425,77.168137,11,447.673
shp_715_83,28.675461,77.168236,12,458.631
shp_715_83,28.67631,77.170311,13,681.895
shp_715_83,28.676634,77.171265,14,781.787
shp_715_83,28.676846,77.172028,15,859.875
shp_715_83,28.67696,77.172539,16,911.331
shp_715_83,28.676998,77.172783,17,936.085
shp_715_83,28.677095,77.173889,18,1044.262
shp_715_83,28.677116,77.174034,19,1059.01
shp_715_83,28.677179,77.174072,20,1066.87
shp_715_83,28.677639,77.174103,21,1118.23
shp_715_83,28.677786,77.17411800000001,22,1134.693
shp_715_83,28.67783,77.174133,23,1139.543
shp_715_83,28.677891,77.174194,24,1148.985
shp_715_83,28.677963,77.174507,25,1180.448
shp_715_83,28.678528,77.174583,26,1243.631
shp_715_83,28.679108,77.174698,27,1309.064
shp_715_83,28.679108,77.174698,28,1309.064
shp_715_83,28.679155,77.174713,29,1314.564
shp_715_83,28.680021,77.175156,30,1420.467
shp_715_83,28.680204,77.175262,31,1443.248
shp_715_83,28.680567,77.175522,32,1490.693
shp_715_83,28.680567,77.175522,33,1490.693
shp_715_83,28.6817,77.176331,34,1639.732
shp_715_83,28.681667,77.176399,35,1647.035
shp_715_83,28.681667,77.176399,36,1647.035
shp_715_83,28.681152,77.177437,37,1763.916
shp_715_83,28.681152,77.177437,38,1763.916
shp_715_83,28.680906,77.17794,39,1820.19
shp_715_83,28.680683,77.178474,40,1877.68
shp_715_83,28.680683,77.178474,41,1877.68
shp_715_83,28.68067,77.178543,42,1884.637
shp_715_83,28.680683,77.178886,43,1918.075
shp_715_83,28.680708,77.179092,44,1938.609
shp_715_83,28.680712,77.179344,45,1963.192
shp_715_83,28.680689,77.179634,46,1991.738
shp_715_83,28.680193,77.182335,47,2261.24
shp_715_83,28.680145,77.18277,48,2303.893
shp_715_83,28.680155,77.182869,49,2313.527
shp_715_83,28.680178,77.182961,50,2323.08
shp_715_83,28.680426,77.183372,51,2371.444
shp_715_83,28.680426,77.183372,52,2371.444
shp_715_83,28.680574,77.183617,53,2400.773
shp_715_83,28.681084,77.185188,54,2564.493
shp_715_83,28.681004,77.185219,55,2574.086
shp_715_84,28.673019,77.169472,1,0.0
shp_715_84,28.672819,77.169579,2,24.807
shp_715_84,28.672625,77.16967,3,48.197
shp_715_84,28.672445,77.169731,4,69.055
shp_715_84,28.672422,77.169579,5,84.481
shp_715_84,28.672672,77.169456,6,114.594
shp_715_84,28.672974,77.169266,7,152.986
shp_715_84,28.673277,77.169144,8,188.847
shp_715_84,28.674261,77.168724,9,305.789
shp_715_84,28.674589,77.168594,10,344.526
shp_715_84,28.676048,77.167793,11,524.811
shp_715_84,28.676102,77.16777,12,530.958
shp_715_84,28.676254,77.167679,13,550.075
shp_715_84,28.676254,77.167679,14,550.075
shp_715_84,28.677116,77.167175,15,658.281
shp_715_84,28.678377,77.166565,16,810.453
shp_715_84,28.678377,77.166565,17,810.453
shp_715_84,28.680628,77.165489,18,1082.27
shp_715_84,28.680628,77.165489,19,1082.27
shp_715_84,28.681465,77.165085,20,1183.499
shp_715_84,28.6817,77.164955,21,1212.543
shp_715_84,28.6817,77.164955,22,1212.543
shp_715_84,28.681925,77.164833,23,1240.356
shp_715_84,28.682768,77.164459,24,1341.249
shp_715_85,28.672821,77.170067,1,0.0
shp_715_85,28.672737,77.170387,2,32.487
shp_715_85,28.672668,77.170525,3,47.817
shp_715_85,28.672541,77.17131,4,126.04
shp_715_85,28.672419,77.171722,5,168.775
shp_715_85,28.671671,77.173523,6,362.831
shp_715_85,28.671581,77.173851,7,396.794
shp_715_85,28.671486,77.174599,8,470.199
shp_715_85,28.67141,77.174988,9,509.522
shp_715_85,28.67141,77.174988,10,509.522
shp_715_85,28.671085,77.176666,11,677.47
shp_715_85,28.671085,77.176666,12,677.47
shp_715_85,28.670851,77.177795,13,790.267
shp_715_85,28.670851,77.177795,14,790.267
shp_715_85,28.670345,77.180313,15,1042.92
shp_715_85,28.670172,77.181419,16,1152.811
shp_715_85,28.67017,77.181458,17,1156.156
shp_715_85,28.67017,77.181458,18,1156.156
shp_715_85,28.670168,77.181557,19,1166.107
shp_715_85,28.670109,77.182182,20,1227.506
shp_715_85,28.67008,77.182571,21,1265.279
shp_715_85,28.669884,77.18676,22,1675.34
shp_715_85,28.669827,77.187164,23,1715.478
shp_715_85,28.669701,77.187813,24,1780.092
shp_715_85,28.668577,77.192009,25,2208.376
shp_715_85,28.668577,77.192009,26,2208.376
shp_715_85,28.667997,77.194153,27,2428.088
shp_715_85,28.667997,77.194153,28,2428.088
shp_715_85,28.667469,77.196114,29,2627.954
shp_715_85,28.666945,77.198097,30,2830.36
shp_715_86,28.673019,77.169472,1,0.0
shp_715_86,28.672819,77.169579,2,24.807
shp_715_86,28.672625,77.16967,3,48.197
shp_715_86,28.672445,77.169731,4,69.055
shp_715_86,28.672422,77.169579,5,84.481
shp_715_86,28.672142,77.16893,6,154.919
shp_715_86,28.671316,77.167473,7,324.26
shp_715_86,28.670851,77.166626,8,421.712
shp_715_86,28.670851,77.166626,9,421.712
shp_715_86,28.670694,77.166367,10,452.88
shp_715_86,28.67034,77.166046,11,502.938
shp_715_86,28.67016,77.165901,12,527.426
shp_715_86,28.669321,77.165413,13,632.447
shp_715_86,28.669176,77.165375,14,648.943
shp_715_86,28.668997,77.165359,15,668.981
shp_715_86,28.668871,77.165329,16,683.396
shp_715_86,28.668802,77.165276,17,692.662
shp_715_86,28.668642,77.165092,18,717.825
shp_715_86,28.668552,77.165031,19,729.325
shp_715_86,28.668486,77.16494,20,741.311
shp_715_86,28.668459,77.164864,21,749.201
shp_715_86,28.668453,77.164825,22,753.055
shp_715_86,28.668453,77.164825,23,753.055
shp_715_86,28.668453,77.164742,24,761.006
shp_715_86,28.668266,77.164642,25,783.971
shp_715_86,28.668179,77.164589,26,795.294
shp_715_86,28.666756,77.163879,27,968.119
shp_715_86,28.666716,77.163849,28,973.4
shp_715_86,28.666662,77.163918,29,982.313
shp_715_86,28.66659,77.163956,30,991.23
shp_715_86,28.666502,77.163963,31,1000.974
shp_715_86,28.666422,77.163918,32,1010.723
shp_715_86,28.666355,77.163826,33,1022.566
shp_715_86,28.666342,77.163704,34,1034.413
shp_715_86,28.666382,77.163597,35,1045.87
shp_715_86,28.666363,77.163399,36,1065.671
shp_715_86,28.666208,77.162933,37,1114.291
shp_715_86,28.666208,77.162933,38,1114.291
shp_715_86,28.665037,77.159401,39,1483.008
shp_715_86,28.665037,77.159401,40,1483.008
shp_715_86,28.664667,77.158287,41,1599.272
shp_715_86,28.664494,77.157822,42,1648.729
shp_715_86,28.664253,77.157234,43,1712.119
shp_715_86,28.663704,77.156075,44,1840.409
shp_715_86,28.66309,77.154625,45,1998.031
shp_715_86,28.66309,77.154625,46,1998.031
shp_715_86,28.66288,77.154129,47,2051.636
shp_715_86,28.66288,77.154129,48,2051.636
shp_715_86,28.662174,77.152466,49,2232.301
shp_715_86,28.661243,77.150513,50,2449.265
shp_715_86,28.661102,77.150085,51,2493.408
shp_715_86,28.661102,77.150085,52,2493.408
shp_715_86,28.661047,77.149918,53,2510.991
shp_715_86,28.660553,77.147858,54,2719.554
shp_715_86,28.660553,77.147858,55,2719.554
shp_715_86,28.660471,77.147583,56,2747.866
shp_715_86,28.660187,77.147125,57,2802.793
shp_715_86,28.658834,77.144615,58,3090.461
shp_715_86,28.658834,77.144615,59,3090.461
shp_715_86,28.658407,77.143829,60,3181.148
shp_715_86,28.657881,77.142876,61,3291.126
shp_715_86,28.657881,77.142876,62,3291.126
shp_715_86,28.657589,77.142349,63,3352.08
shp_715_86,28.657345,77.141983,64,3396.826
shp_715_86,28.656656,77.140633,65,3549.536
shp_715_87,28.587242,77.212593,1,0.0
shp_715_87,28.589355,77.21283,2,236.418
shp_715_87,28.589514,77.21283,3,254.099
shp_715_87,28.58952,77.213135,4,283.879
shp_715_87,28.589693,77.214798,5,447.447
shp_715_87,28.589781,77.215767,6,542.597
shp_715_87,28.590071,77.218491,7,810.399
shp_715_87,28.59021,77.219673,8,927.662
shp_715_87,28.59021,77.219673,9,927.662
shp_715_87,28.59026,77.220299,10,988.809
shp_715_88,28.545881,77.296547,1,0.0
shp_715_88,28.548553,77.295013,2,333.16
shp_715_88,28.55076,77.293732,3,609.029
shp_715_88,28.55114,77.293579,4,653.706
shp_715_88,28.55135,77.29348,5,678.998
shp_715_88,28.551487,77.293404,6,696.029
shp_715_88,28.551012,77.292389,7,808.208
shp_715_88,28.550812,77.292015,8,851.286
shp_715_88,28.550322,77.290947,9,968.939
shp_715_88,28.550323,77.290924,10,971.385
shp_715_88,28.550352,77.290886,11,976.242
shp_715_89,28.545856,77.2967,1,0.0
shp_715_89,28.543941,77.297791,2,238.325
shp_715_89,28.542763,77.2985,3,386.585
shp_715_89,28.542187,77.298889,4,461.018
shp_715_89,28.541685,77.299164,5,523.179
shp_715_89,28.54162,77.299347,6,542.217
shp_715_89,28.542078,77.300484,7,664.894
shp_715_89,28.542179,77.300758,8,693.75
shp_715_89,28.542257,77.30085,9,706.57
shp_715_89,28.542263,77.300812,10,710.926
shp_715_89,28.542286,77.300758,11,716.764
shp_715_89,28.542345,77.300713,12,724.494
shp_715_89,28.542999,77.300323,13,806.7
shp_715_89,28.543055,77.300453,14,821.095
shp_715_90,28.545881,77.296547,1,0.0
shp_715_90,28.546177,77.296371,2,36.93
shp_715_90,28.545361,77.294548,3,237.329
shp_715_90,28.545174,77.294121,4,284.192
shp_715_90,28.544987,77.293663,5,333.626
shp_715_90,28.544601,77.292862,6,422.877
shp_715_90,28.543934,77.29142,7,581.853
shp_715_90,28.543819,77.291542,8,599.132
shp_715_90,28.54372,77.291626,9,612.793
shp_715_90,28.541342,77.292999,10,909.652
shp_715_90,28.540028,77.289948,11,1241.802
shp_715_90,28.539965,77.28994,12,1248.811
shp_715_90,28.539904,77.289902,13,1256.718
shp_715_90,28.539867,77.289856,14,1262.849
shp_715_90,28.539846,77.28978,15,1270.77
shp_715_90,28.539852,77.289719,16,1276.881
shp_715_90,28.539877,77.289658,17,1283.372
shp_715_90,28.539928,77.289604,18,1290.922
shp_715_90,28.539984,77.289581,19,1297.408
shp_715_90,28.540014,77.289581,20,1300.853
shp_715_90,28.540014,77.289421,21,1316.627
shp_715_90,28.539652,77.288528,22,1412.91
shp_715_90,28.539383,77.287895,23,1482.01
shp_715_90,28.539383,77.287895,24,1482.01
shp_715_90,28.538483,77.285767,25,1712.524
shp_715_90,28.538456,77.28569,26,1721.054
shp_715_90,28.538448,77.285622,27,1727.663
shp_715_90,28.538441,77.285027,28,1785.563
shp_715_90,28.53841,77.284935,29,1795.301
shp_715_90,28.538414,77.284821,30,1806.64
shp_715_90,28.538456,77.284714,31,1817.77
shp_715_90,28.538521,77.284645,32,1827.951
shp_715_90,28.538618,77.284599,33,1839.379
shp_715_90,28.538712,77.284607,34,1849.845
shp_715_90,28.538778,77.284569,35,1858.025
shp_715_90,28.53919,77.283409,36,1980.729
shp_715_90,28.539217,77.283272,37,1994.008
shp_715_91,28.676075,77.312378,1,0.0
shp_715_91,28.676102,77.313057,2,66.822
shp_715_91,28.676207,77.313049,3,78.486
shp_715_91,28.677103,77.312996,4,178.426
shp_715_91,28.678017,77.313011,5,280.122
shp_715_91,28.67889,77.312462,6,391.226
shp_715_91,28.67889,77.312462,7,391.226
shp_715_91,28.679502,77.312073,8,469.143
shp_715_91,28.679502,77.312073,9,469.143
shp_715_91,28.679672,77.311966,10,490.561
shp_715_91,28.680075,77.311668,11,544.231
shp_715_91,28.681026,77.313416,12,744.991
shp_715_91,28.681139,77.313324,13,760.498
shp_715_91,28.681139,77.313324,14,760.498
shp_715_91,28.681332,77.313164,15,786.753
shp_715_91,28.682144,77.312607,16,892.363
shp_715_91,28.682312,77.3125,17,913.723
shp_715_91,28.682699,77.312233,18,964.361
shp_715_91,28.682699,77.312233,19,964.361
shp_715_91,28.682825,77.312126,20,981.762
shp_715_91,28.683758,77.31147,21,1103.611
shp_715_91,28.685133,77.310493,22,1283.939
shp_715_91,28.685133,77.310493,23,1283.939
shp_715_91,28.685646,77.310127,24,1351.238
shp_715_91,28.686638,77.309387,25,1483.163
shp_715_91,28.687531,77.308784,26,1599.025
shp_715_91,28.687645,77.308716,27,1613.235
shp_715_91,28.688913,77.307831,28,1778.891
shp_715_91,28.689396,77.307503,29,1841.328
shp_715_91,28.689875,77.307205,30,1902.028
shp_715_91,28.689983,77.307152,31,1915.242
shp_715_91,28.690008,77.307434,32,1943.362
shp_715_91,28.690008,77.307434,33,1943.362
shp_715_91,28.690075,77.308083,34,2007.271
shp_715_91,28.690123,77.308212,35,2021.016
shp_715_91,28.690279,77.308441,36,2049.213
shp_715_91,28.691235,77.309998,37,2234.767
shp_715_92,28.676075,77.312378,1,0.0
shp_715_92,28.676233,77.316299,2,383.778
shp_715_92,28.675228,77.31633,3,495.634
shp_715_92,28.672581,77.316368,4,790.385
shp_715_92,28.67168,77.316383,5,890.567
shp_715_92,28.671423,77.31649,6,920.964
shp_715_92,28.670994,77.316696,7,972.852
shp_715_92,28.671328,77.317581,8,1066.811
shp_715_92,28.671328,77.317581,9,1066.811
shp_715_92,28.67136,77.317665,10,1075.739
shp_715_92,28.671137,77.317772,11,1102.779
shp_715_92,28.671137,77.317772,12,1102.779
shp_715_92,28.670712,77.317993,13,1154.815
shp_715_92,28.67005,77.318344,14,1235.962
shp_715_92,28.669704,77.318535,15,1278.818
shp_715_92,28.669279,77.318771,16,1331.393
shp_715_92,28.669279,77.318771,17,1331.393
shp_715_92,28.667816,77.319458,18,1507.635
shp_715_92,28.667166,77.317871,19,1678.976
shp_715_92,28.667166,77.317871,20,1678.976
shp_715_92,28.666239,77.315605,21,1922.94
shp_715_92,28.666239,77.315605,22,1922.94
shp_715_92,28.666159,77.315414,23,1944.056
shp_715_92,28.665211,77.315178,24,2051.986
shp_715_92,28.664267,77.314972,25,2158.962
shp_715_93,28.682991,77.274918,1,0.0
shp_715_93,28.683386,77.27504,2,45.633
shp_715_93,28.683807,77.275101,3,92.872
shp_715_93,28.684029,77.275162,4,118.177
shp_715_93,28.684309,77.275269,5,151.196
shp_715_93,28.685757,77.275948,6,325.324
shp_715_93,28.685869,77.276009,7,339.366
shp_715_93,28.685869,77.276009,8,339.366
shp_715_93,28.688189,77.277298,9,626.476
shp_715_93,28.688189,77.277298,10,626.476
shp_715_93,28.689493,77.278023,11,787.9
shp_715_93,28.689493,77.278023,12,787.9
shp_715_93,28.690268,77.278427,13,883.038
shp_715_93,28.690809,77.27874,14,950.461
shp_715_93,28.690954,77.278809,15,967.942
shp_715_93,28.69133,77.279022,16,1014.871
shp_715_93,28.69133,77.279022,17,1014.871
shp_715_93,28.693441,77.280083,18,1271.568
shp_715_93,28.694109,77.280388,19,1351.717
shp_715_93,28.694109,77.280388,20,1351.717
shp_715_93,28.694223,77.280441,21,1365.565
shp_715_93,28.69603,77.281387,22,1586.788
shp_715_93,28.69603,77.281387,23,1586.788
shp_715_93,28.697289,77.282051,24,1741.03
shp_715_93,28.699554,77.283203,25,2017.256
shp_715_93,28.699932,77.283348,26,2061.662
shp_715_93,28.700029,77.283394,27,2073.334
shp_715_93,28.700357,77.283478,28,2110.788
shp_715_93,28.7013,77.283592,29,2216.265
shp_715_93,28.70142,77.283592,30,2229.604
shp_715_93,28.701534,77.283546,31,2242.942
shp_715_93,28.701637,77.283478,32,2256.287
shp_715_93,28.701721,77.283379,33,2269.622
shp_715_93,28.701838,77.281647,34,2439.266
shp_715_93,28.702087,77.279503,35,2650.489
shp_715_93,28.702156,77.279099,36,2690.995
shp_715_93,28.702215,77.278366,37,2762.906
shp_715_93,28.702215,77.278366,38,2762.906
shp_715_93,28.702429,77.275887,39,3006.075
shp_715_93,28.702576,77.274353,40,3156.508
shp_715_94,28.682957,77.275024,1,0.0
shp_715_94,28.682892,77.275009,2,7.657
shp_715_94,28.682095,77.274651,3,102.815
shp_715_94,28.680792,77.274048,4,259.51
shp_715_94,28.68041,77.273842,5,306.558
shp_715_94,28.678417,77.272797,6,550.687
shp_715_94,28.678326,77.272743,7,562.188
shp_715_94,28.67688,77.271965,8,740.135
shp_715_94,28.67643,77.271744,9,794.597
shp_715_94,28.67643,77.271744,10,794.597
shp_715_94,28.67469,77.270767,11,1010.553
shp_715_94,28.674139,77.27047,12,1078.283
shp_715_94,28.67347,77.270149,13,1159.361
shp_715_94,28.67347,77.270149,14,1159.361
shp_715_94,28.671591,77.269234,15,1386.697
shp_715_95,28.55459,77.239716,1,0.0
shp_715_95,28.554052,77.240448,2,93.369
shp_715_95,28.554888,77.24144,3,227.505
shp_715_95,28.554188,77.242432,4,352.209
shp_715_95,28.553471,77.243423,5,477.224
shp_715_95,28.553917,77.243759,6,536.649
shp_715_95,28.554804,77.242584,7,687.658
shp_715_95,28.554876,77.242668,8,698.884
shp_715_95,28.554949,77.242699,9,707.456
shp_715_95,28.556124,77.243881,10,881.824
shp_715_95,28.556511,77.244255,11,938.317
shp_715_95,28.556835,77.244591,12,987.485
shp_715_95,28.557331,77.24514,13,1064.641
shp_715_95,28.557386,77.245216,14,1073.839
shp_715_95,28.557121,77.245598,15,1121.665
shp_715_95,28.557121,77.245598,16,1121.665
shp_715_95,28.556929,77.24588,17,1156.724
shp_715_95,28.556595,77.24646,18,1224.334
shp_715_95,28.556301,77.24704,19,1289.768
shp_715_95,28.556093,77.247543,20,1343.99
shp_715_95,28.556015,77.247879,21,1378.628
shp_715_95,28.556007,77.247948,22,1385.214
shp_715_95,28.556004,77.248184,23,1408.245
shp_715_95,28.556004,77.248184,24,1408.245
shp_715_95,28.556005,77.249557,25,1542.402
shp_715_95,28.556005,77.249557,26,1542.402
shp_715_95,28.556015,77.249977,27,1583.432
shp_715_95,28.556013,77.251328,28,1715.779
shp_715_95,28.556013,77.251328,29,1715.779
shp_715_95,28.55604,77.251892,30,1770.954
shp_715_95,28.55604,77.251892,31,1770.954
shp_715_95,28.556046,77.252022,32,1783.208
shp_715_95,28.556078,77.252144,33,1796.261
shp_715_95,28.556288,77.252708,34,1855.964
shp_715_95,28.556576,77.253304,35,1922.121
shp_715_95,28.556576,77.253304,36,1922.121
shp_715_95,28.556765,77.2537,37,1966.311
shp_715_96,28.543224,77.309837,1,0.0
shp_715_96,28.543015,77.309593,2,33.263
shp_715_96,28.542906,77.309425,3,53.601
shp_715_96,28.542713,77.309036,4,97.619
shp_715_96,28.542583,77.308853,5,120.764
shp_715_96,28.542473,77.308731,6,137.776
shp_715_96,28.541681,77.308029,7,249.384
shp_715_96,28.538616,77.30545,8,673.667
shp_715_96,28.538021,77.305016,9,752.616
shp_715_96,28.537455,77.304688,10,823.282
shp_715_96,28.536568,77.304276,11,929.665
shp_715_96,28.535294,77.30397,12,1074.746
shp_715_96,28.534351,77.303879,13,1180.011
shp_715_96,28.533522,77.303879,14,1272.34
shp_715_96,28.533138,77.303871,15,1315.203
shp_715_96,28.533003,77.303879,16,1330.097
shp_715_96,28.532856,77.303917,17,1346.875
shp_715_96,28.532145,77.304214,18,1431.43
shp_715_96,28.531937,77.304276,19,1455.33
shp_715_96,28.530218,77.304733,20,1651.767
shp_715_96,28.527988,77.30542,21,1908.857
shp_715_96,28.527161,77.305695,22,2004.995
shp_715_96,28.525972,77.306038,23,2141.406
shp_715_96,28.525213,77.306343,24,2231.014
shp_715_96,28.524553,77.306679,25,2311.354
shp_715_96,28.523838,77.307137,26,2402.789
shp_715_96,28.523005,77.307747,27,2513.279
shp_715_96,28.521894,77.308609,28,2662.632
shp_715_96,28.519829,77.310089,29,2934.398
shp_715_96,28.519436,77.310341,30,2984.723
shp_715_96,28.519024,77.310577,31,3036.109
shp_715_96,28.518566,77.310814,32,3091.877
shp_715_96,28.517845,77.311104,33,3177.004
shp_715_96,28.517288,77.311295,34,3241.841
shp_715_96,28.516878,77.311417,35,3289.063
shp_715_96,28.516262,77.311554,36,3358.888
shp_715_96,28.513708,77.312447,37,3656.232
shp_715_96,28.512108,77.312973,38,3841.708
shp_715_96,28.511822,77.313156,39,3878.495
shp_715_96,28.511633,77.313301,40,3903.487
shp_715_96,28.511503,77.313354,41,3919.204
shp_715_96,28.511368,77.313347,42,3934.189
shp_715_96,28.51112,77.313293,43,3962.217
shp_715_96,28.510998,77.313332,44,3976.152
shp_715_96,28.509827,77.31369,45,4111.187
shp_715_96,28.509363,77.31385,46,4165.044
shp_715_96,28.508965,77.313995,47,4211.691
shp_715_96,28.508726,77.314087,48,4239.662
shp_715_96,28.508522,77.314178,49,4264.05
shp_715_96,28.50791,77.314354,50,4334.342
shp_715_96,28.507584,77.314468,51,4372.363
shp_715_96,28.507036,77.314644,52,4435.614
shp_715_96,28.505606,77.31501,53,4598.953
shp_715_96,28.505022,77.315109,54,4664.628
shp_715_96,28.503662,77.315277,55,4816.94
shp_715_96,28.502394,77.315392,56,4958.589
shp_715_96,28.501534,77.315453,57,5054.459
shp_715_96,28.501406,77.315536,58,5071.015
shp_715_96,28.501347,77.315567,59,5078.233
shp_715_96,28.501123,77.315659,60,5104.698
shp_715_96,28.501053,77.315712,61,5114.061
shp_715_96,28.500847,77.315903,62,5143.901
shp_715_97,28.648836,77.304382,1,0.0
shp_715_97,28.649551,77.304832,2,90.95
shp_715_97,28.649836,77.305008,3,126.722
shp_715_97,28.650124,77.305222,4,165.072
shp_715_97,28.650286,77.305305,5,184.993
shp_715_97,28.651436,77.304176,6,354.054
shp_715_97,28.652164,77.303474,7,460.126
shp_715_97,28.652164,77.303474,8,460.126
shp_715_97,28.652372,77.303276,9,490.485
shp_715_97,28.653444,77.3022,10,649.665
shp_715_97,28.653444,77.3022,11,649.665
shp_715_97,28.654398,77.301224,12,792.021
shp_715_97,28.654539,77.301086,13,812.608
shp_715_97,28.654697,77.301071,14,830.341
shp_715_97,28.654871,77.30098,15,851.722
shp_715_97,28.654902,77.300903,16,859.62
shp_715_97,28.655024,77.300842,17,874.716
shp_715_97,28.655073,77.300926,18,884.827
shp_715_97,28.655315,77.301292,19,929.358
shp_715_97,28.655813,77.30191,20,1011.362
shp_715_97,28.656246,77.302315,21,1074.03
shp_715_97,28.656736,77.302666,22,1138.217
shp_715_97,28.657257,77.302979,23,1203.819
shp_715_97,28.657547,77.303123,24,1239.089
shp_715_97,28.657547,77.303123,25,1239.089
shp_715_97,28.657654,77.303177,26,1252.027
shp_715_97,28.65806,77.303322,27,1299.369
shp_715_97,28.65848,77.303444,28,1347.56
shp_715_97,28.658945,77.30352,29,1399.876
shp_715_97,28.659611,77.303558,30,1474.06
shp_715_97,28.661034,77.303558,31,1632.401
shp_715_97,28.661354,77.303551,32,1668.176
shp_715_97,28.661354,77.303551,33,1668.176
shp_715_97,28.661596,77.303543,34,1695.177
shp_715_97,28.661596,77.303543,35,1695.177
shp_715_97,28.664192,77.303467,36,1984.264
shp_715_97,28.666603,77.303368,37,2252.755
shp_715_97,28.666866,77.303352,38,2282.125
shp_715_97,28.666866,77.303352,39,2282.125
shp_715_97,28.667547,77.303307,40,2358.101
shp_715_97,28.668839,77.303299,41,2501.699
shp_715_97,28.669624,77.303276,42,2589.315
shp_715_97,28.669561,77.303429,43,2606.263
shp_715_97,28.669579,77.304756,44,2735.942
shp_715_97,28.669579,77.304756,45,2735.942
shp_715_97,28.669662,77.310944,46,3340.334
shp_715_97,28.669662,77.310944,47,3340.334
shp_715_97,28.66968,77.312187,48,3461.725
shp_715_97,28.669029,77.312225,49,3534.168
shp_715_98,28.644053,77.188515,1,0.0
shp_715_98,28.644312,77.190018,2,149.423
shp_715_98,28.644711,77.189972,3,194.001
shp_715_98,28.644714,77.189919,4,198.905
shp_715_98,28.644732,77.189896,5,202.185
shp_715_98,28.644754,77.189873,6,205.359
shp_715_98,28.644781,77.189865,7,208.548
shp_715_98,28.64481,77.189857,8,211.721
shp_715_98,28.644836,77.189873,9,214.899
shp_715_98,28.645496,77.188705,10,350.158
shp_715_98,28.646208,77.189224,11,444.032
shp_715_98,28.646622,77.189507,12,497.712
shp_715_98,28.647337,77.190025,13,592.051
shp_715_98,28.648182,77.19059,14,701.127
shp_715_98,28.648836,77.189384,15,839.886
shp_715_98,28.649744,77.190033,16,959.432
shp_715_98,28.649849,77.190125,17,974.36
shp_715_98,28.649944,77.190193,18,986.639
shp_715_98,28.650049,77.190277,19,1001.073
shp_715_98,28.650412,77.190536,20,1048.509
shp_715_98,28.650515,77.19062,21,1062.694
shp_715_98,28.650671,77.19072,22,1082.735
shp_715_98,28.650803,77.190834,23,1100.954
shp_715_98,28.652534,77.192101,24,1330.0
shp_715_98,28.652931,77.192368,25,1381.449
shp_715_99,28.644053,77.188515,1,0.0
shp_715_99,28.644312,77.190018,2,149.423
shp_715_99,28.644711,77.189972,3,194.001
shp_715_99,28.644714,77.189919,4,198.905
shp_715_99,28.644732,77.189896,5,202.185
shp_715_99,28.644754,77.189873,6,205.359
shp_715_99,28.644781,77.189865,7,208.548
shp_715_99,28.64481,77.189857,8,211.721
shp_715_99,28.644836,77.189873,9,214.899
shp_715_99,28.644859,77.189888,10,218.079
shp_715_99,28.644876,77.189919,11,221.255
shp_715_99,28.644884,77.189949,12,224.443
shp_715_99,28.644882,77.18998,13,227.62
shp_715_99,28.644873,77.19001,14,230.8
shp_715_99,28.644854,77.190041,15,234.083
shp_715_99,28.645683,77.190727,16,348.632
shp_715_99,28.645744,77.19075,17,355.695
shp_715_99,28.645882,77.190849,18,373.982
shp_715_99,28.646933,77.191711,19,517.905
shp_715_99,28.64735,77.192032,20,573.947
shp_715_99,28.647873,77.192444,21,644.793
shp_715_99,28.648262,77.192757,22,697.957
shp_715_99,28.648479,77.192963,23,729.029
shp_715_99,28.649647,77.193916,24,888.914
shp_715_99,28.650105,77.194267,25,950.532
shp_715_99,28.65024,77.194405,26,970.388
shp_715_99,28.650814,77.194862,27,1048.706
shp_715_99,28.650963,77.195,28,1069.964
shp_715_99,28.651426,77.195374,29,1133.048
shp_715_99,28.650797,77.196358,30,1251.762
shp_715_99,28.650797,77.196358,31,1251.762
shp_715_99,28.650356,77.197044,32,1335.151
shp_715_99,28.650928,77.197464,33,1411.002
shp_715_99,28.65147,77.19783,34,1480.851
shp_715_99,28.652752,77.19873,35,1648.821
shp_715_99,28.653496,77.19928,36,1747.394
shp_715_99,28.653496,77.19928,37,1747.394
shp_715_99,28.653759,77.199478,38,1782.391
shp_715_99,28.653843,77.199547,39,1793.944
shp_715_99,28.654818,77.200241,40,1921.752
shp_715_99,28.656376,77.201317,41,2124.885
shp_715_100,28.64389,77.188629,1,0.0
shp_715_100,28.643356,77.188728,2,60.291
shp_715_100,28.643343,77.188622,3,70.708
shp_715_100,28.642498,77.188797,4,166.267
shp_715_100,28.642048,77.189659,5,264.78
shp_715_100,28.641785,77.19014,6,319.75
shp_715_100,28.640533,77.189293,7,481.65
shp_715_100,28.639284,77.188347,8,648.63
shp_715_100,28.638393,77.187759,9,763.29
shp_715_100,28.638371,77.187737,10,766.659
shp_715_101,28.64389,77.188629,1,0.0
shp_715_101,28.643356,77.188728,2,60.291
shp_715_101,28.643343,77.188622,3,70.708
shp_715_101,28.642498,77.188797,4,166.267
shp_715_101,28.642048,77.189659,5,264.78
shp_715_101,28.641785,77.19014,6,319.75
shp_715_101,28.640533,77.189293,7,481.65
shp_715_101,28.639284,77.188347,8,648.63
shp_715_101,28.639189,77.188286,9,661.05
shp_715_102,28.712875,77.290108,1,0.0
shp_715_102,28.713133,77.290054,2,29.094
shp_715_102,28.713039,77.289314,3,102.184
shp_715_102,28.712938,77.288956,4,139.198
shp_715_102,28.712904,77.288925,5,143.882
shp_715_102,28.712698,77.288803,6,169.639
shp_715_102,28.712053,77.288452,7,249.211
shp_715_102,28.712509,77.287354,8,367.816
shp_715_102,28.712528,77.287262,9,376.891
shp_715_102,28.712723,77.286842,10,423.488
shp_715_102,28.713373,77.285271,11,592.832
shp_715_102,28.713425,77.285194,12,602.628
shp_715_102,28.713425,77.285194,13,602.628
shp_715_102,28.71385,77.284546,14,681.783
shp_715_102,28.714401,77.283813,15,775.889
shp_715_102,28.715097,77.282822,16,899.967
shp_715_102,28.7153,77.282272,17,957.723
shp_715_102,28.715353,77.282158,18,970.651
shp_715_102,28.715797,77.281532,19,1049.138
shp_715_102,28.716255,77.280708,20,1144.607
shp_715_102,28.716282,77.280609,21,1154.321
shp_715_102,28.716497,77.280357,22,1188.669
shp_715_102,28.716606,77.280296,23,1202.172
shp_715_102,28.717125,77.2799,24,1272.017
shp_715_102,28.717432,77.279724,25,1309.936
shp_715_102,28.717432,77.279724,26,1309.936
shp_715_102,28.718052,77.279358,27,1387.671
shp_715_102,28.718616,77.27887,28,1466.912
shp_715_102,28.718616,77.27887,29,1466.912
shp_715_102,28.718739,77.278763,30,1483.864
shp_715_102,28.719021,77.27858,31,1519.955
shp_715_102,28.719021,77.27858,32,1519.955
shp_715_102,28.71932,77.278389,33,1558.324
shp_715_102,28.719486,77.278267,34,1580.183
shp_715_102,28.719486,77.278267,35,1580.183
shp_715_102,28.719631,77.27816,36,1599.459
shp_715_102,28.721468,77.276688,37,1849.228
shp_715_102,28.72154,77.276611,38,1860.189
shp_715_102,28.72154,77.276611,39,1860.189
shp_715_102,28.722399,77.275719,40,1989.685
shp_715_102,28.723249,77.274712,41,2126.271
shp_715_102,28.723421,77.274498,42,2154.298
shp_715_102,28.723633,77.274193,43,2192.456
shp_715_102,28.723848,77.273849,44,2233.759
shp_715_102,28.723848,77.273849,45,2233.759
shp_715_102,28.724312,77.273102,46,2323.141
shp_715_102,28.724541,77.272766,47,2364.4
shp_715_103,28.712875,77.290108,1,0.0
shp_715_103,28.713247,77.290031,2,42.117
shp_715_103,28.714119,77.289894,3,139.919
shp_715_103,28.714281,77.289879,4,158.217
shp_715_103,28.714281,77.289879,5,158.217
shp_715_103,28.714586,77.289848,6,192.231
shp_715_103,28.716873,77.289688,7,447.293
shp_715_103,28.716873,77.289688,8,447.293
shp_715_103,28.717031,77.28968,9,464.914
shp_715_103,28.719503,77.289551,10,740.456
shp_715_103,28.720598,77.289482,11,862.491
shp_715_103,28.720598,77.289482,12,862.491
shp_715_103,28.722927,77.289337,13,1122.015
shp_715_103,28.722927,77.289337,14,1122.015
shp_715_103,28.727663,77.289032,15,1650.042
shp_715_103,28.727663,77.289032,16,1650.042
shp_715_103,28.728529,77.288979,17,1746.603
shp_715_103,28.728529,77.288979,18,1746.603
shp_715_103,28.729803,77.288895,19,1888.768
shp_715_103,28.729803,77.288895,20,1888.768
shp_715_103,28.733624,77.288635,21,2314.782
shp_715_103,28.733624,77.288635,22,2314.782
shp_715_103,28.734589,77.288567,23,2422.444
shp_715_103,28.735931,77.288513,24,2571.968
shp_715_103,28.73752,77.288406,25,2749.187
shp_715_103,28.74048,77.288239,26,3079.156
shp_715_103,28.74048,77.288239,27,3079.156
shp_715_103,28.74094,77.288208,28,3130.299
shp_715_103,28.741615,77.288116,29,3205.999
shp_715_103,28.743584,77.287788,30,3427.439
shp_715_103,28.746841,77.287163,31,3795.296
shp_715_104,28.712893,77.290176,1,0.0
shp_715_104,28.71258,77.290253,2,35.591
shp_715_104,28.712193,77.290382,3,80.64
shp_715_104,28.711607,77.290619,4,149.772
shp_715_104,28.710924,77.290932,5,231.539
shp_715_104,28.710712,77.291039,6,257.38
shp_715_104,28.71034,77.291183,7,301.2
shp_715_104,28.710224,77.291245,8,315.481
shp_715_104,28.709801,77.291351,9,363.556
shp_715_104,28.709429,77.291389,10,405.108
shp_715_104,28.707525,77.291458,11,617.158
shp_715_104,28.707054,77.291466,12,669.689
shp_715_104,28.707054,77.291466,13,669.689
shp_715_104,28.706284,77.291481,14,755.53
shp_715_104,28.706192,77.291504,15,765.714
shp_715_104,28.703852,77.291573,16,1026.474
shp_715_104,28.703852,77.291573,17,1026.474
shp_715_104,28.701477,77.291649,18,1290.889
shp_715_104,28.701332,77.29174,19,1309.549
shp_715_104,28.701189,77.291885,20,1330.657
shp_715_105,28.667679,77.228951,1,0.0
shp_715_105,28.667765,77.228897,2,11.187
shp_715_105,28.667826,77.228844,3,19.646
shp_715_105,28.668009,77.228615,4,49.982
shp_715_105,28.66815,77.228371,5,78.108
shp_715_105,28.668251,77.22789,6,126.421
shp_715_105,28.668312,77.227684,7,147.704
shp_715_105,28.66836,77.227562,8,161.193
shp_715_105,28.668491,77.227333,9,187.453
shp_715_105,28.668566,77.227173,10,205.219
shp_715_105,28.668667,77.22702,11,224.15
shp_715_105,28.668558,77.226662,12,260.912
shp_715_105,28.667946,77.224419,13,490.804
shp_715_105,28.667864,77.224388,14,500.349
shp_715_105,28.667843,77.224396,15,502.702
shp_715_105,28.666363,77.224815,16,672.54
shp_715_105,28.666363,77.224815,17,672.54
shp_715_105,28.666363,77.224815,18,672.54
shp_715_105,28.666363,77.224815,19,672.54
shp_715_105,28.665524,77.22493,20,766.491
shp_715_105,28.66538,77.22496,21,782.786
shp_715_105,28.664927,77.222466,22,1031.994
shp_715_105,28.664799,77.221649,23,1113.031
shp_715_105,28.664467,77.221588,24,1150.347
shp_715_105,28.66292,77.22123,25,1326.104
shp_715_105,28.66157,77.220879,26,1480.308
shp_715_105,28.661484,77.220848,27,1490.244
shp_715_105,28.661638,77.220383,28,1539.017
shp_715_105,28.662409,77.218277,29,1761.864
shp_715_105,28.662409,77.218277,30,1761.864
shp_715_105,28.662497,77.218025,31,1788.185
shp_715_105,28.662848,77.216759,32,1917.807
shp_715_105,28.662863,77.216637,33,1929.845
shp_715_105,28.662874,77.216446,34,1948.889
shp_715_105,28.662819,77.215996,35,1992.971
shp_715_105,28.662802,77.215912,36,2001.398
shp_715_106,28.668118,77.228661,1,0.0
shp_715_106,28.667978,77.228851,2,23.976
shp_715_106,28.667849,77.228973,3,42.886
shp_715_106,28.667616,77.229156,4,74.482
shp_715_106,28.667353,77.229324,5,108.084
shp_715_106,28.667053,77.229492,6,144.983
shp_715_106,28.666882,77.229553,7,164.965
shp_715_106,28.666803,77.229568,8,173.754
shp_715_106,28.666525,77.229538,9,204.814
shp_715_106,28.666386,77.229576,10,220.896
shp_715_106,28.666,77.229774,11,267.747
shp_715_106,28.665731,77.229996,12,304.838
shp_715_106,28.665262,77.230331,13,366.368
shp_715_106,28.664942,77.230759,14,421.533
shp_715_106,28.663309,77.232613,15,677.796
shp_715_106,28.663036,77.233025,16,728.714
shp_715_106,28.662518,77.233971,17,837.742
shp_715_106,28.662518,77.233971,18,837.742
shp_715_106,28.662027,77.234825,19,937.299
shp_715_106,28.66148,77.23568,20,1040.344
shp_715_106,28.661404,77.235764,21,1052.562
shp_715_106,28.661404,77.235764,22,1052.562
shp_715_106,28.661331,77.235847,23,1064.021
shp_715_106,28.661119,77.23597,24,1090.295
shp_715_106,28.660631,77.236115,25,1146.628
shp_715_106,28.660387,77.236122,26,1173.69
shp_715_106,28.6591,77.236748,27,1329.54
shp_715_106,28.658871,77.236839,28,1356.548
shp_715_106,28.658676,77.236893,29,1378.855
shp_715_106,28.658392,77.236946,30,1410.886
shp_715_106,28.657747,77.236946,31,1482.485
shp_715_106,28.657747,77.236946,32,1482.485
shp_715_106,28.656126,77.236855,33,1663.229
shp_715_106,28.656126,77.236855,34,1663.229
shp_715_106,28.655979,77.236847,35,1679.567
shp_715_106,28.654484,77.236633,36,1847.368
shp_715_106,28.653643,77.236626,37,1941.156
shp_715_106,28.653353,77.236649,38,1973.51
shp_715_106,28.65291,77.2369,39,2028.403
shp_715_106,28.651867,77.237679,40,2167.348
shp_715_106,28.651867,77.237679,41,2167.348
shp_715_106,28.650938,77.238373,42,2290.883
shp_715_106,28.649778,77.239212,43,2444.134
shp_715_106,28.648657,77.240067,44,2593.99
shp_715_106,28.648481,77.240143,45,2615.035
shp_715_106,28.6483,77.240204,46,2636.067
shp_715_106,28.648148,77.240219,47,2653.079
shp_715_106,28.644388,77.240456,48,3072.102
shp_715_106,28.644388,77.240456,49,3072.102
shp_715_106,28.642227,77.240585,50,3313.106
shp_715_106,28.641647,77.240608,51,3377.681
shp_715_106,28.641441,77.240639,52,3400.796
shp_715_106,28.641317,77.240685,53,3415.298
shp_715_106,28.641085,77.240746,54,3441.737
shp_715_106,28.64077,77.240837,55,3477.858
shp_715_107,28.667679,77.228951,1,0.0
shp_715_107,28.667765,77.228897,2,11.187
shp_715_107,28.667826,77.228844,3,19.646
shp_715_107,28.668009,77.228615,4,49.982
shp_715_107,28.66815,77.228371,5,78.108
shp_715_107,28.668251,77.22789,6,126.421
shp_715_107,28.668312,77.227684,7,147.704
shp_715_107,28.66836,77.227562,8,161.193
shp_715_107,28.668491,77.227333,9,187.453
shp_715_107,28.668566,77.227173,10,205.219
shp_715_107,28.668667,77.22702,11,224.15
shp_715_107,28.668558,77.226662,12,260.912
shp_715_107,28.667946,77.224419,13,490.804
shp_715_107,28.667862,77.224205,14,513.698
shp_715_107,28.667685,77.223549,15,580.434
shp_715_107,28.66758,77.222946,16,640.593
shp_715_107,28.667271,77.221649,17,771.422
shp_715_107,28.666924,77.221405,18,816.81
shp_715_107,28.66643,77.221512,19,872.937
shp_715_107,28.666353,77.221542,20,881.901
shp_715_107,28.666233,77.221626,21,897.585
shp_715_107,28.666136,77.221718,22,911.734
shp_715_107,28.666187,77.221786,23,920.545
shp_715_107,28.666214,77.22187,24,929.349
shp_715_107,28.666218,77.221916,25,933.78
shp_715_107,28.666199,77.222008,26,942.586
shp_715_107,28.666151,77.222076,27,951.389
shp_715_107,28.666121,77.222107,28,955.824
shp_715_107,28.666046,77.222137,29,964.631
shp_715_107,28.666046,77.222137,30,964.631
shp_715_107,28.666008,77.222137,31,968.971
shp_715_107,28.665932,77.222122,32,977.615
shp_715_107,28.665867,77.222069,33,986.267
shp_715_107,28.665825,77.222,34,994.904
shp_715_107,28.665813,77.221954,35,999.252
shp_715_107,28.665812,77.221863,36,1007.897
shp_715_107,28.665104,77.221687,37,1088.529
shp_715_107,28.664555,77.221611,38,1150.212
shp_715_107,28.664467,77.221588,39,1160.095
shp_715_107,28.66292,77.22123,40,1335.852
shp_715_107,28.662666,77.221161,41,1364.861
shp_715_107,28.662666,77.221161,42,1364.861
shp_715_107,28.66157,77.220879,43,1490.056
shp_715_107,28.661484,77.220848,44,1499.992
shp_715_107,28.661638,77.220383,45,1548.766
shp_715_107,28.661566,77.22036,46,1557.23
shp_715_107,28.66205,77.219048,47,1696.619
shp_715_107,28.662306,77.218315,48,1773.677
shp_715_107,28.662443,77.217979,49,1809.587
shp_715_107,28.662502,77.217758,50,1832.311
shp_715_107,28.662502,77.217758,51,1832.311
shp_715_107,28.66275,77.216827,52,1926.942
shp_715_107,28.662783,77.216682,53,1941.703
shp_715_107,28.662798,77.216454,54,1964.457
shp_715_107,28.662771,77.216042,55,2004.578
shp_715_107,28.662741,77.215858,56,2022.759
shp_715_107,28.662727,77.215836,57,2025.203
shp_715_107,28.662727,77.215836,58,2025.203
shp_715_107,28.662573,77.215675,59,2048.356
shp_715_107,28.662428,77.215561,60,2068.247
shp_715_107,28.662395,77.215607,61,2073.739
shp_715_107,28.662321,77.215637,62,2082.546
shp_715_107,28.661715,77.215958,63,2156.918
shp_715_107,28.661539,77.216034,64,2177.962
shp_715_107,28.661375,77.216072,65,2196.427
shp_715_107,28.661152,77.216064,66,2221.209
shp_715_107,28.659607,77.216003,67,2393.446
shp_715_107,28.658682,77.215942,68,2496.519
shp_715_107,28.657909,77.215881,69,2582.683
shp_715_108,28.667679,77.228951,1,0.0
shp_715_108,28.667765,77.228897,2,11.187
shp_715_108,28.667826,77.228844,3,19.646
shp_715_108,28.668009,77.228615,4,49.982
shp_715_108,28.66815,77.228371,5,78.108
shp_715_108,28.668251,77.22789,6,126.421
shp_715_108,28.668312,77.227684,7,147.704
shp_715_108,28.66836,77.227562,8,161.193
shp_715_108,28.668491,77.227333,9,187.453
shp_715_108,28.668566,77.227173,10,205.219
shp_715_108,28.668667,77.22702,11,224.15
shp_715_108,28.668558,77.226662,12,260.912
shp_715_108,28.667946,77.224419,13,490.804
shp_715_108,28.667864,77.224388,14,500.349
shp_715_108,28.667843,77.224396,15,502.702
shp_715_108,28.666363,77.224815,16,672.54
shp_715_108,28.666155,77.223198,17,832.457
shp_715_108,28.666155,77.223198,18,832.457
shp_715_108,28.666056,77.22242,19,909.434
shp_715_108,28.666046,77.222137,20,936.747
shp_715_108,28.666008,77.222137,21,941.087
shp_715_108,28.665932,77.222122,22,949.731
shp_715_108,28.665867,77.222069,23,958.383
shp_715_108,28.665825,77.222,24,967.02
shp_715_108,28.665813,77.221954,25,971.367
shp_715_108,28.665812,77.221863,26,980.012
shp_715_108,28.665104,77.221687,27,1060.644
shp_715_108,28.664555,77.221611,28,1122.328
shp_715_108,28.664066,77.221497,29,1177.843
shp_715_108,28.664066,77.221497,30,1177.843
shp_715_108,28.66292,77.22123,31,1307.966
shp_715_108,28.66157,77.220879,32,1462.17
shp_715_108,28.661484,77.220848,33,1472.107
shp_715_108,28.661638,77.220383,34,1520.88
shp_715_108,28.661774,77.220016,35,1559.84
shp_715_108,28.661774,77.220016,36,1559.84
shp_715_108,28.66238,77.218361,37,1734.977
shp_715_108,28.662497,77.218025,38,1770.049
shp_715_108,28.662552,77.217827,39,1790.491
shp_715_108,28.662552,77.217827,40,1790.491
shp_715_108,28.662848,77.216759,41,1899.671
shp_715_108,28.662863,77.216637,42,1911.709
shp_715_108,28.662874,77.216446,43,1930.753
shp_715_108,28.662819,77.215996,44,1974.835
shp_715_108,28.662762,77.215721,45,2002.775
shp_715_108,28.662762,77.21553,46,2021.5
shp_715_108,28.662714,77.215523,47,2026.865
shp_715_108,28.662428,77.215561,48,2058.945
shp_715_108,28.662395,77.215607,49,2064.437
shp_715_108,28.662321,77.215637,50,2073.245
shp_715_108,28.661715,77.215958,51,2147.617
shp_715_108,28.661539,77.216034,52,2168.661
shp_715_108,28.661375,77.216072,53,2187.126
shp_715_108,28.660759,77.216049,54,2255.703
shp_715_108,28.660759,77.216049,55,2255.703
shp_715_108,28.659607,77.216003,56,2384.14
shp_715_108,28.658682,77.215942,57,2487.213
shp_715_108,28.658108,77.215897,58,2551.272
shp_715_109,28.655684,77.148613,1,0.0
shp_715_109,28.654778,77.147926,2,121.459
shp_715_109,28.654285,77.14753,3,188.184
shp_715_109,28.654285,77.14753,4,188.184
shp_715_109,28.654121,77.1474,5,210.504
shp_715_109,28.652649,77.146301,6,406.646
shp_715_109,28.650259,77.144478,7,726.74
shp_715_109,28.648336,77.142891,8,991.18
shp_715_109,28.648336,77.142891,9,991.18
shp_715_109,28.647797,77.142448,10,1065.172
shp_715_109,28.647797,77.142448,11,1065.172
shp_715_109,28.647593,77.142281,12,1093.201
shp_715_109,28.647243,77.14193,13,1144.888
shp_715_109,28.646385,77.140686,14,1299.079
shp_715_109,28.646385,77.140686,15,1299.079
shp_715_109,28.6462,77.140419,16,1332.343
shp_715_109,28.645655,77.139648,17,1429.107
shp_715_109,28.645552,77.139519,18,1446.44
shp_715_109,28.645552,77.139519,19,1446.44
shp_715_109,28.645472,77.139412,20,1459.808
shp_715_109,28.644831,77.138741,21,1556.889
shp_715_109,28.644495,77.138443,22,1604.201
shp_715_109,28.642954,77.137154,23,1817.258
shp_715_109,28.642954,77.137154,24,1817.258
shp_715_109,28.640621,77.135193,25,2139.662
shp_715_109,28.639494,77.134079,26,2305.813
shp_715_109,28.638866,77.133438,27,2399.987
shp_715_109,28.638691,77.133209,28,2429.154
shp_715_109,28.638229,77.132492,29,2516.542
shp_715_109,28.638229,77.132492,30,2516.542
shp_715_109,28.638069,77.13221,31,2549.125
shp_715_109,28.638012,77.13208,32,2563.095
shp_715_109,28.637793,77.131538,33,2621.753
shp_715_109,28.637379,77.130219,34,2758.784
shp_715_109,28.637337,77.130096,35,2771.215
shp_715_109,28.637287,77.129906,36,2790.604
shp_715_109,28.637232,77.129753,37,2807.257
shp_715_110,28.667679,77.228951,1,0.0
shp_715_110,28.667765,77.228897,2,11.187
shp_715_110,28.667826,77.228844,3,19.646
shp_715_110,28.668009,77.228615,4,49.982
shp_715_110,28.66815,77.228371,5,78.108
shp_715_110,28.668251,77.22789,6,126.421
shp_715_110,28.668312,77.227684,7,147.704
shp_715_110,28.66836,77.227562,8,161.193
shp_715_110,28.668491,77.227333,9,187.453
shp_715_110,28.668566,77.227173,10,205.219
shp_715_110,28.668667,77.22702,11,224.15
shp_715_110,28.668558,77.226662,12,260.912
shp_715_110,28.667946,77.224419,13,490.804
shp_715_110,28.667854,77.223877,14,544.572
shp_715_110,28.667856,77.223846,15,547.733
shp_715_110,28.667885,77.223785,16,553.997
shp_715_110,28.667934,77.223755,17,560.266
shp_715_110,28.66799,77.223763,18,566.524
shp_715_110,28.668016,77.223778,19,569.689
shp_715_110,28.668051,77.223824,20,575.952
shp_715_110,28.668056,77.223892,21,582.214
shp_715_110,28.668043,77.223969,22,590.258
shp_715_110,28.668093,77.224197,23,613.299
shp_715_110,28.668667,77.226608,24,857.155
shp_715_110,28.668999,77.227531,25,954.771
shp_715_110,28.669106,77.227791,26,982.414
shp_715_110,28.669235,77.22818,27,1022.933
shp_715_110,28.670458,77.232742,28,1488.971
shp_715_110,28.670683,77.233482,29,1565.74
shp_715_110,28.672638,77.238724,30,2121.802
shp_715_110,28.673994,77.242264,31,2499.027
shp_715_110,28.673994,77.242264,32,2499.027
shp_715_110,28.674225,77.243034,33,2579.034
shp_715_110,28.674341,77.243706,34,2645.747
shp_715_110,28.674398,77.244431,35,2716.707
shp_715_110,28.674398,77.245125,36,2784.791
shp_715_110,28.674313,77.245934,37,2864.283
shp_715_110,28.673977,77.2481,38,3078.898
shp_715_110,28.67395,77.248421,39,3110.319
shp_715_110,28.673914,77.248695,40,3137.792
shp_715_110,28.673914,77.248695,41,3137.792
shp_715_110,28.673849,77.249054,42,3173.456
shp_715_110,28.673784,77.249298,43,3197.866
shp_715_110,28.673538,77.250679,44,3335.959
shp_715_110,28.673397,77.251518,45,3419.293
shp_715_110,28.673414,77.25193,46,3459.781
shp_715_110,28.673395,77.25222,47,3488.152
shp_715_110,28.673197,77.253387,48,3603.909
shp_715_110,28.673233,77.25351,49,3616.895
shp_715_110,28.673285,77.253609,50,3627.909
shp_715_110,28.673697,77.254128,51,3696.321
shp_715_110,28.67395,77.254471,52,3740.152
shp_715_110,28.674131,77.254761,53,3774.913
shp_715_110,28.674719,77.255875,54,3901.931
shp_715_110,28.674908,77.256157,55,3936.302
shp_715_110,28.675039,77.256271,56,3954.95
shp_715_110,28.67539,77.256531,57,4001.356
shp_715_110,28.676357,77.256775,58,4111.753
shp_715_110,28.676737,77.256798,59,4154.118
shp_715_110,28.677076,77.256767,60,4191.904
shp_715_110,28.678652,77.256363,61,4371.721
shp_715_110,28.679651,77.256065,62,4486.71
shp_715_110,28.679651,77.256065,63,4486.71
shp_715_110,28.680017,77.255966,64,4528.641
shp_715_110,28.684137,77.254913,65,4998.674
shp_715_110,28.688099,77.253876,66,5451.17
shp_715_110,28.688259,77.253845,67,5469.097
shp_715_110,28.688402,77.25383,68,5485.266
shp_715_110,28.688541,77.253822,69,5500.621
shp_715_110,28.688908,77.253853,70,5541.554
shp_715_110,28.689747,77.253967,71,5635.59
shp_715_110,28.692625,77.25441,72,5958.897
shp_715_110,28.694094,77.254601,73,6123.438
shp_715_110,28.694223,77.254608,74,6137.878
shp_715_110,28.695639,77.254807,75,6296.712
shp_715_110,28.695639,77.254807,76,6296.712
shp_715_110,28.699902,77.255424,77,6775.097
shp_715_110,28.699989,77.255455,78,6785.33
shp_715_110,28.700146,77.255539,79,6804.404
shp_715_110,28.700224,77.255554,80,6813.332
shp_715_110,28.700783,77.255592,81,6875.74
shp_715_110,28.701145,77.255569,82,6916.032
shp_715_110,28.702019,77.255669,83,7013.875
shp_715_110,28.702581,77.255753,84,7076.949
shp_715_110,28.702581,77.255753,85,7076.949
shp_715_110,28.703527,77.25589,86,7183.096
shp_715_110,28.703691,77.255905,87,7201.456
shp_715_110,28.703884,77.255875,88,7223.088
shp_715_110,28.703917,77.255867,89,7226.766
shp_715_111,28.667679,77.228951,1,0.0
shp_715_111,28.667765,77.228897,2,11.187
shp_715_111,28.667826,77.228844,3,19.646
shp_715_111,28.668009,77.228615,4,49.982
shp_715_111,28.66815,77.228371,5,78.108
shp_715_111,28.668251,77.22789,6,126.421
shp_715_111,28.668312,77.227684,7,147.704
shp_715_111,28.66836,77.227562,8,161.193
shp_715_111,28.668491,77.227333,9,187.453
shp_715_111,28.668566,77.227173,10,205.219
shp_715_111,28.668667,77.22702,11,224.15
shp_715_111,28.668558,77.226662,12,260.912
shp_715_111,28.667946,77.224419,13,490.804
shp_715_111,28.667854,77.223877,14,544.572
shp_715_111,28.667856,77.223846,15,547.733
shp_715_111,28.667885,77.223785,16,553.997
shp_715_111,28.667934,77.223755,17,560.266
shp_715_111,28.66799,77.223763,18,566.524
shp_715_111,28.668016,77.223778,19,569.689
shp_715_111,28.668051,77.223824,20,575.952
shp_715_111,28.668056,77.223892,21,582.214
shp_715_111,28.668043,77.223969,22,590.258
shp_715_111,28.668093,77.224197,23,613.299
shp_715_111,28.668667,77.226608,24,857.155
shp_715_111,28.668999,77.227531,25,954.771
shp_715_111,28.669106,77.227791,26,982.414
shp_715_111,28.669235,77.22818,27,1022.933
shp_715_111,28.670458,77.232742,28,1488.971
shp_715_111,28.670683,77.233482,29,1565.74
shp_715_111,28.672638,77.238724,30,2121.802
shp_715_111,28.674015,77.242317,31,2504.81
shp_715_111,28.674225,77.243034,32,2579.055
shp_715_111,28.674341,77.243706,33,2645.769
shp_715_111,28.674398,77.244431,34,2716.728
shp_715_111,28.674398,77.245125,35,2784.812
shp_715_111,28.674389,77.245216,36,2793.108
shp_715_111,28.674389,77.245216,37,2793.108
shp_715_111,28.674313,77.245934,38,2864.304
shp_715_111,28.673977,77.2481,39,3078.92
shp_715_111,28.67395,77.248421,40,3110.341
shp_715_111,28.67391,77.248726,41,3140.256
shp_715_111,28.673849,77.249054,42,3173.481
shp_715_111,28.673784,77.249298,43,3197.892
shp_715_111,28.673538,77.250679,44,3335.985
shp_715_111,28.673088,77.253342,45,3600.677
shp_715_111,28.67285,77.254982,46,3763.285
shp_715_111,28.672647,77.256172,47,3881.799
shp_715_111,28.672468,77.257164,48,3980.073
shp_715_111,28.671972,77.260162,49,4278.116
shp_715_111,28.671846,77.260612,50,4324.255
shp_715_111,28.671671,77.260956,51,4363.371
shp_715_111,28.671473,77.261276,52,4401.342
shp_715_111,28.670532,77.262375,53,4551.375
shp_715_111,28.67045,77.262497,54,4566.647
shp_715_111,28.670288,77.26284,55,4604.666
shp_715_111,28.670244,77.262993,56,4620.41
shp_715_111,28.670219,77.263191,57,4639.512
shp_715_111,28.670185,77.26338199999999,58,4659.021
shp_715_111,28.670198,77.263626,59,4682.902
shp_715_111,28.670229,77.263924,60,4712.077
shp_715_111,28.670366,77.264557,61,4775.335
shp_715_111,28.670515,77.264969,62,4818.895
shp_715_111,28.670607,77.265137,63,4838.691
shp_715_111,28.670818,77.265739,64,4901.893
shp_715_111,28.670942,77.266228,65,4951.684
shp_715_111,28.671055,77.266891,66,5017.839
shp_715_111,28.671055,77.266891,67,5017.839
shp_715_111,28.671303,77.268654,68,5191.749
shp_715_112,28.657764,77.290115,1,0.0
shp_715_112,28.658707,77.289368,2,127.995
shp_715_112,28.658823,77.289253,3,144.802
shp_715_112,28.659025,77.289093,4,172.17
shp_715_112,28.659365,77.288841,5,217.209
shp_715_112,28.658764,77.287193,6,391.55
shp_715_112,28.658504,77.286453,7,469.586
shp_715_112,28.657797,77.284492,8,676.877
shp_715_112,28.657766,77.284492,9,680.206
shp_715_112,28.65774,77.284477,10,683.529
shp_715_112,28.657717,77.284454,11,686.845
shp_715_112,28.657703,77.284424,12,690.067
shp_715_112,28.657698,77.284393,13,693.283
shp_715_112,28.657707,77.284348,14,697.917
shp_715_112,28.657707,77.284348,15,697.917
shp_715_112,28.657734,77.284302,16,702.83
shp_715_112,28.65736,77.283257,17,813.524
shp_715_112,28.656956,77.283333,18,859.256
shp_715_112,28.656857,77.283325,19,870.23
shp_715_112,28.65659,77.283279,20,900.294
shp_715_112,28.656342,77.283134,21,931.372
shp_715_112,28.656342,77.283134,22,931.372
shp_715_112,28.656237,77.283073,23,944.531
shp_715_112,28.656124,77.282959,24,961.15
shp_715_112,28.65593,77.282623,25,1000.375
shp_715_112,28.655859,77.282425,26,1021.258
shp_715_112,28.65584,77.282295,27,1034.068
shp_715_112,28.655838,77.28212,28,1051.398
shp_715_112,28.655851,77.281876,29,1075.432
shp_715_112,28.655851,77.281876,30,1075.432
shp_715_112,28.655869,77.281761,31,1086.488
shp_715_112,28.655943,77.281593,32,1104.837
shp_715_112,28.656164,77.281242,33,1147.474
shp_715_112,28.656288,77.28112,34,1165.887
shp_715_112,28.656519,77.28096,35,1195.802
shp_715_112,28.656874,77.280762,36,1239.549
shp_715_112,28.657217,77.280594,37,1281.193
shp_715_112,28.657547,77.280464,38,1320.262
shp_715_112,28.657894,77.280304,39,1361.781
shp_715_112,28.658257,77.280113,40,1406.242
shp_715_112,28.658705,77.279915,41,1459.961
shp_715_112,28.658726,77.279968,42,1465.959
shp_715_113,28.629662,77.078041,1,0.0
shp_715_113,28.629545,77.07782,2,25.667
shp_715_113,28.628517,77.075203,3,305.307
shp_715_113,28.628506,77.075172,4,309.057
shp_715_113,28.628599,77.075119,5,320.734
shp_715_113,28.628628,77.075203,6,329.266
shp_715_113,28.629116,77.076347,7,454.242
shp_715_113,28.629408,77.077057,8,530.411
shp_715_113,28.629581,77.077309,9,561.865
shp_715_113,28.629887,77.077644,10,608.759
shp_715_113,28.62995,77.077721,11,619.297
shp_715_113,28.630007,77.077805,12,629.824
shp_715_113,28.630098,77.077995,13,650.88
shp_715_113,28.630131,77.078094,14,661.408
shp_715_113,28.630161,77.078224,15,673.941
shp_715_113,28.630184,77.078415,16,692.988
shp_715_113,28.630177,77.078629,17,714.03
shp_715_113,28.630362,77.079094,18,763.685
shp_715_113,28.630501,77.079361,19,794.413
shp_715_113,28.631281,77.081436,20,1014.915
shp_715_113,28.631346,77.081497,21,1024.211
shp_715_113,28.631418,77.081543,22,1033.492
shp_715_113,28.631496,77.081573,23,1042.774
shp_715_113,28.63158,77.081589,24,1052.06
shp_715_113,28.631662,77.081581,25,1061.347
shp_715_113,28.631744,77.081558,26,1070.627
shp_715_113,28.63274,77.081078,27,1191.015
shp_715_113,28.63274,77.081078,28,1191.015
shp_715_113,28.633057,77.080925,29,1229.099
shp_715_113,28.633549,77.08075,30,1286.616
shp_715_113,28.633804,77.08065,31,1316.713
shp_715_113,28.63409,77.080574,32,1349.45
shp_715_113,28.634293,77.080482,33,1373.701
shp_715_113,28.634525,77.080421,34,1400.147
shp_715_113,28.634834,77.080391,35,1434.827
shp_715_113,28.635073,77.080406,36,1461.301
shp_715_113,28.635418,77.080437,37,1499.999
shp_715_113,28.635799,77.080513,38,1542.936
shp_715_113,28.636658,77.080688,39,1639.996
shp_715_113,28.637087,77.080803,40,1689.042
shp_715_113,28.637577,77.080986,41,1746.616
shp_715_113,28.638153,77.081223,42,1814.757
shp_715_113,28.638371,77.08065,43,1875.689
shp_715_113,28.638533,77.080154,44,1927.404
shp_715_113,28.638556,77.08004,45,1938.517
shp_715_113,28.638557,77.079193,46,2021.856
shp_715_113,28.639198,77.079216,47,2093.284
shp_715_113,28.639868,77.079224,48,2167.872
shp_715_113,28.639889,77.0793,49,2175.943
shp_715_113,28.639889,77.0793,50,2175.943
shp_715_113,28.638554,77.079269,51,2324.453
shp_715_113,28.638561,77.078964,52,2354.378
shp_715_113,28.638557,77.077492,53,2497.96
shp_715_113,28.638565,77.076271,54,2617.696
shp_715_113,28.638546,77.073318,55,2905.873
shp_715_113,28.638605,77.07225,56,3010.688
shp_715_113,28.638605,77.072182,57,3017.586
shp_715_113,28.638592,77.072105,58,3024.656
shp_715_113,28.638544,77.072067,59,3031.164
shp_715_113,28.638506,77.07206,60,3035.53
shp_715_113,28.636904,77.071938,61,3214.409
shp_715_113,28.636898,77.072029,62,3223.706
shp_715_114,28.629662,77.078041,1,0.0
shp_715_114,28.629545,77.07782,2,25.667
shp_715_114,28.628517,77.075203,3,305.307
shp_715_114,28.628162,77.074219,4,409.393
shp_715_114,28.627726,77.073082,5,530.566
shp_715_114,28.626625,77.070274,6,831.163
shp_715_114,28.625776,77.068008,7,1072.213
shp_715_114,28.625702,77.067818,8,1092.017
shp_715_114,28.625462,77.067574,9,1128.055
shp_715_114,28.625391,77.067528,10,1137.238
shp_715_114,28.625319,77.067497,11,1145.902
shp_715_114,28.625175,77.067474,12,1161.968
shp_715_114,28.624546,77.067787,13,1238.679
shp_715_114,28.623989,77.06813,14,1309.024
shp_715_114,28.623709,77.068275,15,1343.194
shp_715_114,28.622631,77.068802,16,1473.678
shp_715_114,28.622351,77.069008,17,1510.851
shp_715_114,28.622166,77.06916,18,1536.137
shp_715_114,28.621958,77.069389,19,1568.367
shp_715_114,28.621777,77.069603,20,1597.438
shp_715_114,28.621561,77.069901,21,1635.531
shp_715_114,28.621296,77.070351,22,1688.307
shp_715_114,28.620966,77.070976,23,1759.918
shp_715_114,28.619123,77.074867,24,2191.401
shp_715_114,28.617613,77.078003,25,2541.155
shp_715_114,28.617575,77.078056,26,2548.029
shp_715_114,28.617231,77.078804,27,2630.483
shp_715_114,28.616549,77.080254,28,2791.312
shp_715_114,28.616312,77.08078,29,2848.941
shp_715_114,28.615461,77.082748,30,3062.962
shp_715_114,28.61451,77.084892,31,3298.075
shp_715_114,28.613657,77.086906,32,3516.82
shp_715_114,28.613632,77.086983,33,3524.264
shp_715_114,28.6136,77.087044,34,3531.705
shp_715_114,28.613556,77.087105,35,3539.153
shp_715_114,28.613504,77.087151,36,3546.595
shp_715_114,28.613438,77.087196,37,3555.108
shp_715_114,28.613365,77.087219,38,3563.626
shp_715_114,28.613289,77.087234,39,3572.127
shp_715_114,28.613213,77.087227,40,3580.642
shp_715_114,28.61314,77.087196,41,3589.146
shp_715_114,28.613071,77.087158,42,3597.663
shp_715_114,28.613012,77.087105,43,3606.169
shp_715_114,28.612965,77.087036,44,3614.678
shp_715_114,28.612934,77.086975,45,3621.274
shp_715_114,28.612913,77.086914,46,3627.874
shp_715_114,28.612902,77.086845,47,3634.473
shp_715_114,28.612898,77.086784,48,3641.078
shp_715_114,28.612782,77.086639,49,3659.963
shp_715_114,28.612423,77.086327,50,3710.623
shp_715_114,28.612074,77.086052,51,3757.734
shp_715_114,28.611956,77.085876,52,3779.03
shp_715_114,28.611891,77.085762,53,3792.263
shp_715_114,28.61179,77.085556,54,3815.535
shp_715_114,28.611702,77.085114,55,3860.156
shp_715_114,28.611485,77.084763,56,3901.9
shp_715_114,28.611315,77.084518,57,3932.109
shp_715_114,28.611189,77.084381,58,3951.765
shp_715_114,28.610971,77.08419,59,3982.061
shp_715_114,28.610569,77.083786,60,4042.019
shp_715_114,28.610487,77.083656,61,4057.477
shp_715_114,28.610453,77.083534,62,4070.443
shp_715_114,28.610466,77.083397,63,4083.423
shp_715_114,28.610538,77.083206,64,4104.252
shp_715_114,28.610607,77.082954,65,4129.421
shp_715_114,28.610508,77.082298,66,4194.513
shp_715_114,28.610399,77.082062,67,4221.102
shp_715_114,28.610262,77.081871,68,4245.11
shp_715_114,28.608335,77.079536,69,4557.958
shp_715_114,28.607924,77.079025,70,4626.015
shp_715_114,28.607677,77.078545,71,4679.976
shp_715_114,28.606831,77.076797,72,4875.06
shp_715_114,28.606548,77.076096,73,4950.809
shp_715_114,28.605516,77.073128,74,5262.728
shp_715_114,28.605255,77.072685,75,5314.793
shp_715_114,28.605103,77.072525,76,5337.854
shp_715_114,28.60449,77.072136,77,5415.777
shp_715_114,28.604393,77.07209,78,5427.673
shp_715_115,28.682711,77.162392,1,0.0
shp_715_115,28.681961,77.160858,2,171.729
shp_715_115,28.681913,77.160736,3,184.634
shp_715_115,28.681902,77.160606,4,197.392
shp_715_115,28.681921,77.160461,5,211.691
shp_715_115,28.68203,77.160278,6,233.432
shp_715_115,28.68203,77.160278,7,233.432
shp_715_115,28.683514,77.1577,8,534.593
shp_715_115,28.68272,77.157097,9,640.671
shp_715_115,28.68272,77.157097,10,640.671
shp_715_115,28.682041,77.156601,11,730.313
shp_715_115,28.682041,77.156601,12,730.313
shp_715_115,28.681314,77.156067,13,826.759
shp_715_115,28.681297,77.156082,14,829.619
shp_715_115,28.681274,77.156097,15,832.48
shp_715_115,28.681248,77.156105,16,835.348
shp_715_115,28.681223,77.156097,17,838.21
shp_715_115,28.6812,77.156082,18,841.068
shp_715_115,28.681179,77.156044,19,845.308
shp_715_115,28.681179,77.156044,20,845.308
shp_715_115,28.681173,77.156036,21,846.718
shp_715_115,28.681177,77.155975,22,852.487
shp_715_115,28.68119,77.155952,23,855.461
shp_715_115,28.681211,77.15593,24,858.442
shp_715_115,28.681238,77.155922,25,861.418
shp_715_115,28.681276,77.155762,26,877.376
shp_715_115,28.68145,77.154732,27,980.271
shp_715_115,28.681097,77.154762,28,1019.548
shp_715_115,28.681097,77.154762,29,1019.548
shp_715_115,28.680889,77.154778,30,1042.703
shp_715_115,28.680882,77.154709,31,1049.779
shp_715_115,28.680693,77.152489,32,1267.524
shp_715_115,28.680712,77.151352,33,1378.624
shp_715_115,28.680758,77.151024,34,1410.54
shp_715_115,28.680971,77.150162,35,1497.999
shp_715_115,28.681465,77.14846,36,1673.59
shp_715_115,28.681589,77.148048,37,1715.626
shp_715_115,28.681725,77.147743,38,1749.269
shp_715_115,28.681879,77.147507,39,1778.27
shp_715_115,28.682007,77.147346,40,1799.264
shp_715_115,28.682983,77.146469,41,1937.697
shp_715_116,28.682835,77.162338,1,0.0
shp_715_116,28.683105,77.16288,2,61.056
shp_715_116,28.683609,77.163803,3,166.856
shp_715_116,28.683706,77.164032,4,192.086
shp_715_116,28.686926,77.162506,5,580.256
shp_715_116,28.686926,77.162506,6,580.256
shp_715_116,28.687035,77.162453,7,593.469
shp_715_116,28.688318,77.161789,8,750.496
shp_715_116,28.688595,77.161659,9,783.549
shp_715_116,28.688595,77.161659,10,783.549
shp_715_116,28.689152,77.161407,11,850.364
shp_715_116,28.689924,77.161087,12,941.927
shp_715_116,28.690039,77.160812,13,971.94
shp_715_116,28.689974,77.160614,14,991.981
shp_715_116,28.689974,77.160614,15,991.981
shp_715_116,28.689743,77.159943,16,1062.941
shp_715_116,28.689701,77.159859,17,1071.984
shp_715_116,28.689608,77.159767,18,1085.839
shp_715_116,28.689365,77.15963,19,1116.112
shp_715_116,28.689089,77.159431,20,1152.145
shp_715_116,28.689089,77.159431,21,1152.145
shp_715_116,28.688393,77.158966,22,1242.034
shp_715_116,28.688459,77.158867,23,1254.421
shp_715_116,28.689234,77.157364,24,1424.756
shp_715_116,28.689234,77.157364,25,1424.756
shp_715_116,28.689848,77.156166,26,1559.883
shp_715_116,28.689848,77.156166,27,1559.883
shp_715_116,28.689877,77.156097,28,1567.099
shp_715_116,28.690262,77.154884,29,1693.589
shp_715_116,28.690262,77.154884,30,1693.589
shp_715_116,28.690271,77.154854,31,1696.497
shp_715_116,28.690325,77.154793,32,1705.05
shp_715_116,28.690336,77.154732,33,1711.233
shp_715_116,28.690342,77.154678,34,1716.407
shp_715_116,28.690296,77.154625,35,1723.566
shp_715_116,28.690184,77.154564,36,1737.266
shp_715_116,28.690121,77.154587,37,1744.523
shp_715_116,28.688883,77.154129,38,1889.262
shp_715_116,28.688694,77.154083,39,1910.9
shp_715_116,28.688423,77.154037,40,1941.411
shp_715_116,28.686764,77.15400699999999,41,2126.018
shp_715_116,28.686764,77.15400699999999,42,2126.018
shp_715_116,28.686522,77.153999,43,2153.146
shp_715_116,28.686453,77.153976,44,2161.152
shp_715_116,28.685925,77.154022,45,2220.161
shp_715_116,28.685881,77.154083,46,2227.981
shp_715_116,28.683676,77.154427,47,2475.65
shp_715_116,28.683002,77.154518,48,2551.037
shp_715_116,28.683002,77.154518,49,2551.037
shp_715_116,28.681517,77.154724,50,2717.62
shp_715_116,28.681322,77.154739,51,2739.353
shp_715_116,28.681322,77.154739,52,2739.353
shp_715_116,28.680889,77.154778,53,2787.665
shp_715_116,28.680693,77.152489,54,3012.48
shp_715_116,28.680712,77.151352,55,3123.581
shp_715_116,28.680758,77.151024,56,3155.497
shp_715_116,28.680971,77.150162,57,3242.956
shp_715_116,28.681465,77.14846,58,3418.546
shp_715_116,28.681589,77.148048,59,3460.582
shp_715_116,28.681725,77.147743,60,3494.226
shp_715_116,28.681879,77.147507,61,3523.226
shp_715_116,28.682007,77.147346,62,3544.221
shp_715_116,28.682978,77.146469,63,3682.058
shp_715_117,28.682835,77.162338,1,0.0
shp_715_117,28.683105,77.16288,2,61.056
shp_715_117,28.683609,77.163803,3,166.856
shp_715_117,28.683764,77.164169,4,206.721
shp_715_117,28.683987,77.164833,5,276.294
shp_715_117,28.684124,77.165283,6,322.989
shp_715_117,28.684713,77.166939,7,497.471
shp_715_117,28.685066,77.167915,8,600.805
shp_715_117,28.685774,77.1698,9,800.556
shp_715_117,28.685774,77.1698,10,800.556
shp_715_117,28.686749,77.172447,11,1081.335
shp_715_117,28.687017,77.173241,12,1163.952
shp_715_117,28.687017,77.173241,13,1163.952
shp_715_117,28.687061,77.173378,14,1178.137
shp_715_117,28.687204,77.173683,15,1212.06
shp_715_117,28.687294,77.173805,16,1227.696
shp_715_117,28.687479,77.173973,17,1254.211
shp_715_117,28.687725,77.174133,18,1285.706
shp_715_117,28.687912,77.174271,19,1310.166
shp_715_117,28.687912,77.174271,20,1310.166
shp_715_117,28.689632,77.175491,21,1535.841
shp_715_117,28.689632,77.175491,22,1535.841
shp_715_117,28.690195,77.175896,23,1610.119
shp_715_117,28.693249,77.178078,24,2011.183
shp_715_117,28.693249,77.178078,25,2011.183
shp_715_117,28.694674,77.17907,26,2197.176
shp_715_117,28.694674,77.17907,27,2197.176
shp_715_117,28.695801,77.179855,28,2343.995
shp_715_117,28.695742,77.179985,29,2358.531
shp_715_117,28.69569,77.18013,30,2373.589
shp_715_118,28.682835,77.162338,1,0.0
shp_715_118,28.683105,77.16288,2,61.056
shp_715_118,28.683609,77.163803,3,166.856
shp_715_118,28.683764,77.164169,4,206.721
shp_715_118,28.683987,77.164833,5,276.294
shp_715_118,28.684124,77.165283,6,322.989
shp_715_118,28.684628,77.166695,7,471.974
shp_715_118,28.684628,77.166695,8,471.974
shp_715_118,28.685034,77.167824,9,590.806
shp_715_118,28.685034,77.167824,10,590.806
shp_715_118,28.685801,77.169868,11,807.941
shp_715_118,28.685801,77.169868,12,807.941
shp_715_118,28.686749,77.172447,13,1081.334
shp_715_118,28.687019,77.173248,14,1164.728
shp_715_118,28.687019,77.173248,15,1164.728
shp_715_118,28.687061,77.173378,16,1178.135
shp_715_118,28.687204,77.173683,17,1212.059
shp_715_118,28.687294,77.173805,18,1227.695
shp_715_118,28.687479,77.173973,19,1254.209
shp_715_118,28.687725,77.174133,20,1285.704
shp_715_118,28.688009,77.174339,21,1323.058
shp_715_118,28.688009,77.174339,22,1323.058
shp_715_118,28.689548,77.17543,23,1524.667
shp_715_118,28.689548,77.17543,24,1524.667
shp_715_118,28.690964,77.176445,25,1711.041
shp_715_118,28.69104,77.1763,26,1727.568
shp_715_118,28.69104,77.1763,27,1727.568
shp_715_118,28.691236,77.175919,28,1770.798
shp_715_118,28.691729,77.175041,29,1872.668
shp_715_118,28.691797,77.174934,30,1885.335
shp_715_118,28.691904,77.174812,31,1902.374
shp_715_118,28.691904,77.174812,32,1902.374
shp_715_118,28.692511,77.174171,33,1994.123
shp_715_118,28.692511,77.174171,34,1994.123
shp_715_118,28.693138,77.173531,35,2087.931
shp_715_118,28.693138,77.173531,36,2087.931
shp_715_118,28.693689,77.172974,37,2170.263
shp_715_119,28.682835,77.162338,1,0.0
shp_715_119,28.683105,77.16288,2,61.056
shp_715_119,28.683609,77.163803,3,166.856
shp_715_119,28.683764,77.164169,4,206.721
shp_715_119,28.683638,77.16423,5,222.075
shp_715_119,28.683222,77.164459,6,273.534
shp_715_119,28.682777,77.164696,7,327.942
shp_715_119,28.681978,77.165085,8,424.726
shp_715_119,28.681528,77.165253,9,477.566
shp_715_119,28.680027,77.165977,10,658.94
shp_715_119,28.678349,77.166725,11,859.399
shp_715_119,28.678349,77.166725,12,859.399
shp_715_119,28.677132,77.167305,13,1006.424
shp_715_119,28.677132,77.167305,14,1006.424
shp_715_119,28.67609,77.167892,15,1135.87
shp_715_119,28.674614,77.168694,16,1317.747
shp_715_119,28.673435,77.169235,17,1459.364
shp_715_119,28.673435,77.169235,18,1459.364
shp_715_119,28.673374,77.169266,19,1466.641
shp_715_119,28.673243,77.169342,20,1483.04
shp_715_119,28.672953,77.169746,21,1534.091
shp_715_119,28.672863,77.169907,22,1553.012
shp_715_119,28.672737,77.170387,23,1601.728
shp_715_119,28.672668,77.170525,24,1617.057
shp_715_119,28.672541,77.17131,25,1695.281
shp_715_119,28.672419,77.171722,26,1738.016
shp_715_119,28.671671,77.173523,27,1932.072
shp_715_119,28.671638,77.173645,28,1944.521
shp_715_119,28.671638,77.173645,29,1944.521
shp_715_119,28.671581,77.173851,30,1966.035
shp_715_119,28.671486,77.174599,31,2039.439
shp_715_119,28.671436,77.17485,32,2065.069
shp_715_119,28.671436,77.17485,33,2065.069
shp_715_119,28.671135,77.176422,34,2221.571
shp_715_119,28.671135,77.176422,35,2221.571
shp_715_119,28.671108,77.176552,36,2235.252
shp_715_119,28.670849,77.177803,37,2360.779
shp_715_119,28.670849,77.177803,38,2360.779
shp_715_119,28.670801,77.17807,39,2386.803
shp_715_119,28.670345,77.180313,40,2612.168
shp_715_119,28.670187,77.18132,41,2711.858
shp_715_120,28.688841,77.161552,1,0.0
shp_715_120,28.689152,77.161407,2,37.254
shp_715_120,28.689924,77.161087,3,128.817
shp_715_120,28.690039,77.160812,4,158.83
shp_715_120,28.68993,77.160492,5,192.248
shp_715_120,28.68993,77.160492,6,192.248
shp_715_120,28.689743,77.159943,7,249.831
shp_715_120,28.689701,77.159859,8,258.874
shp_715_120,28.689608,77.159767,9,272.729
shp_715_120,28.689365,77.15963,10,303.002
shp_715_120,28.688972,77.159355,11,354.093
shp_715_120,28.688972,77.159355,12,354.093
shp_715_120,28.688393,77.158966,13,428.926
shp_715_120,28.688459,77.158867,14,441.313
shp_715_120,28.68923,77.157372,15,610.836
shp_715_120,28.68923,77.157372,16,610.836
shp_715_120,28.689682,77.156487,17,710.767
shp_715_120,28.689829,77.156212,18,742.235
shp_715_120,28.689877,77.156097,19,754.006
shp_715_120,28.689905,77.156013,20,763.259
shp_715_120,28.689905,77.156013,21,763.259
shp_715_120,28.690256,77.1549,22,878.468
shp_715_120,28.690256,77.1549,23,878.468
shp_715_120,28.690271,77.154854,24,883.404
shp_715_120,28.690325,77.154793,25,891.957
shp_715_120,28.690336,77.154732,26,898.141
shp_715_120,28.690342,77.154678,27,903.315
shp_715_120,28.690296,77.154625,28,910.473
shp_715_120,28.690184,77.154564,29,924.173
shp_715_120,28.690121,77.154587,30,931.431
shp_715_120,28.688883,77.154129,31,1076.169
shp_715_120,28.688694,77.154083,32,1097.808
shp_715_120,28.688423,77.154037,33,1128.319
shp_715_120,28.68709,77.154015,34,1276.764
shp_715_120,28.68709,77.154015,35,1276.764
shp_715_120,28.686522,77.153999,36,1340.054
shp_715_120,28.686453,77.153976,37,1348.06
shp_715_120,28.685925,77.154022,38,1407.068
shp_715_120,28.685881,77.154083,39,1414.888
shp_715_120,28.683676,77.154427,40,1662.557
shp_715_120,28.683187,77.154495,41,1717.238
shp_715_120,28.683187,77.154495,42,1717.238
shp_715_120,28.681517,77.154724,43,1904.527
shp_715_120,28.681097,77.154762,44,1951.412
shp_715_120,28.681097,77.154762,45,1951.412
shp_715_120,28.680889,77.154778,46,1974.573
shp_715_120,28.680882,77.154709,47,1981.648
shp_715_120,28.680693,77.152489,48,2199.393
shp_715_120,28.680712,77.151352,49,2310.494
shp_715_120,28.680758,77.151024,50,2342.41
shp_715_120,28.680971,77.150162,51,2429.868
shp_715_120,28.681465,77.14846,52,2605.459
shp_715_120,28.681589,77.148048,53,2647.495
shp_715_120,28.681725,77.147743,54,2681.138
shp_715_120,28.681879,77.147507,55,2710.139
shp_715_120,28.682007,77.147346,56,2731.134
shp_715_120,28.682774,77.146652,57,2840.199
shp_715_121,28.688946,77.161781,1,0.0
shp_715_121,28.685881,77.163239,2,369.702
shp_715_121,28.684416,77.163925,3,546.005
shp_715_121,28.684319,77.163948,4,557.246
shp_715_121,28.684206,77.164055,5,573.264
shp_715_121,28.68401,77.1642,6,599.434
shp_715_121,28.683931,77.164314,7,613.375
shp_715_121,28.683876,77.164375,8,622.078
shp_715_121,28.683844,77.164398,9,626.293
shp_715_121,28.683987,77.164833,10,671.67
shp_715_121,28.684124,77.165283,11,718.365
shp_715_121,28.684679,77.16684,12,882.575
shp_715_121,28.684679,77.16684,13,882.575
shp_715_121,28.685051,77.167877,14,991.428
shp_715_121,28.685051,77.167877,15,991.428
shp_715_121,28.685791,77.169846,16,1200.667
shp_715_121,28.685791,77.169846,17,1200.667
shp_715_121,28.686749,77.172447,18,1476.71
shp_715_121,28.686996,77.173172,19,1552.476
shp_715_121,28.686996,77.173172,20,1552.476
shp_715_121,28.687061,77.173378,21,1573.512
shp_715_121,28.687204,77.173683,22,1607.436
shp_715_121,28.687294,77.173805,23,1623.072
shp_715_121,28.687479,77.173973,24,1649.586
shp_715_121,28.687725,77.174133,25,1681.082
shp_715_121,28.689642,77.175499,26,1932.504
shp_715_121,28.689642,77.175499,27,1932.504
shp_715_121,28.690964,77.176445,28,2106.417
shp_715_121,28.691031,77.176315,29,2121.12
shp_715_121,28.691031,77.176315,30,2121.12
shp_715_121,28.691236,77.175919,31,2166.174
shp_715_121,28.691729,77.175041,32,2268.044
shp_715_121,28.691797,77.174934,33,2280.711
shp_715_121,28.691919,77.174789,34,2300.248
shp_715_121,28.691919,77.174789,35,2300.248
shp_715_121,28.692579,77.174103,36,2399.798
shp_715_121,28.692579,77.174103,37,2399.798
shp_715_121,28.693722,77.172935,38,2570.506
shp_715_122,28.688946,77.161781,1,0.0
shp_715_122,28.688654,77.161911,2,35.133
shp_715_122,28.686974,77.162712,3,237.787
shp_715_122,28.686974,77.162712,4,237.787
shp_715_122,28.685881,77.163239,5,369.703
shp_715_122,28.684416,77.163925,6,546.006
shp_715_122,28.684319,77.163948,7,557.247
shp_715_122,28.683872,77.164124,8,609.782
shp_715_122,28.683872,77.164124,9,609.782
shp_715_122,28.683764,77.164169,10,622.502
shp_715_122,28.683638,77.16423,11,637.856
shp_715_122,28.683222,77.164459,12,689.315
shp_715_122,28.682884,77.164642,13,730.802
shp_715_122,28.682884,77.164642,14,730.802
shp_715_122,28.681978,77.165085,15,840.504
shp_715_122,28.681528,77.165253,16,893.343
shp_715_122,28.680027,77.165977,17,1074.717
shp_715_122,28.678465,77.166664,18,1261.302
shp_715_122,28.678314,77.16674,19,1279.491
shp_715_122,28.678314,77.16674,20,1279.491
shp_715_122,28.677164,77.16729,21,1418.29
shp_715_122,28.676983,77.167389,22,1440.871
shp_715_122,28.676983,77.167389,23,1440.871
shp_715_122,28.67609,77.167892,24,1551.66
shp_715_122,28.674614,77.168694,25,1733.538
shp_715_122,28.67395,77.168999,26,1813.305
shp_715_123,28.650938,77.238373,1,0.0
shp_715_123,28.649778,77.239212,2,153.251
shp_715_123,28.649778,77.239212,3,153.251
shp_715_123,28.648657,77.240067,4,303.106
shp_715_123,28.648481,77.240143,5,324.152
shp_715_123,28.6483,77.240204,6,345.184
shp_715_123,28.648148,77.240219,7,362.196
shp_715_123,28.645956,77.240356,8,606.444
shp_715_123,28.645956,77.240356,9,606.444
shp_715_123,28.642227,77.240585,10,1022.223
shp_715_123,28.641647,77.240608,11,1086.798
shp_715_123,28.641552,77.240623,12,1097.601
shp_715_123,28.641552,77.240623,13,1097.601
shp_715_123,28.641441,77.240639,14,1109.913
shp_715_123,28.641317,77.240685,15,1124.415
shp_715_123,28.641085,77.240746,16,1150.854
shp_715_123,28.640259,77.240982,17,1245.851
shp_715_123,28.640064,77.241028,18,1267.82
shp_715_123,28.640047,77.240776,19,1292.176
shp_715_123,28.639997,77.240448,20,1324.996
shp_715_123,28.63994,77.239838,21,1384.668
shp_715_123,28.639988,77.238983,22,1468.786
shp_715_123,28.639994,77.238609,23,1505.279
shp_715_123,28.639994,77.238609,24,1505.279
shp_715_123,28.640018,77.237297,25,1633.426
shp_715_123,28.64011,77.235771,26,1783.047
shp_715_123,28.64011,77.235771,27,1783.047
shp_715_123,28.640205,77.234268,28,1930.047
shp_715_123,28.640223,77.233841,29,1971.735
shp_715_123,28.640368,77.231567,30,2194.837
shp_715_123,28.640392,77.231445,31,2206.894
shp_715_123,28.640522,77.231018,32,2250.575
shp_715_123,28.640633,77.230743,33,2280.488
shp_715_123,28.640738,77.230522,34,2304.713
shp_715_123,28.640738,77.230522,35,2304.713
shp_715_123,28.641384,77.229279,36,2445.97
shp_715_123,28.641384,77.229279,37,2445.97
shp_715_123,28.642218,77.227684,38,2627.78
shp_715_123,28.642225,77.227661,39,2629.737
shp_715_123,28.642225,77.227661,40,2629.737
shp_715_123,28.642385,77.227303,41,2669.293
shp_715_123,28.642452,77.227089,42,2691.297
shp_715_123,28.642439,77.226982,43,2701.521
shp_715_123,28.642447,77.226936,44,2706.649
shp_715_123,28.642462,77.226883,45,2711.772
shp_715_123,28.642509,77.226807,46,2721.151
shp_715_123,28.642582,77.226746,47,2730.865
shp_715_123,28.642666,77.226723,48,2740.572
shp_715_123,28.64271,77.226723,49,2745.439
shp_715_123,28.643076,77.226013,50,2826.163
shp_715_123,28.643076,77.226013,51,2826.163
shp_715_123,28.643934,77.224335,52,3015.939
shp_715_123,28.644032,77.224182,53,3034.421
shp_715_123,28.644032,77.224182,54,3034.421
shp_715_123,28.644167,77.223953,55,3061.241
shp_715_123,28.64426,77.223846,56,3076.208
shp_715_123,28.644354,77.223778,57,3088.615
shp_715_123,28.644527,77.223709,58,3108.851
shp_715_123,28.644835,77.223633,59,3143.925
shp_715_124,28.651251,77.237862,1,0.0
shp_715_124,28.652023,77.237289,2,102.902
shp_715_124,28.652859,77.236717,3,211.273
shp_715_124,28.653294,77.236458,4,265.695
shp_715_124,28.653692,77.236427,5,310.159
shp_715_124,28.654573,77.236458,6,408.316
shp_715_124,28.655384,77.236557,7,499.038
shp_715_124,28.655384,77.236557,8,499.038
shp_715_124,28.656267,77.236656,9,597.963
shp_715_124,28.656267,77.236656,10,597.963
shp_715_124,28.656956,77.236748,11,674.967
shp_715_124,28.657469,77.236801,12,732.422
shp_715_124,28.657864,77.236824,13,776.364
shp_715_124,28.658382,77.236794,14,834.136
shp_715_124,28.658733,77.236717,15,873.971
shp_715_124,28.660038,77.236115,16,1030.772
shp_715_124,28.660343,77.235977,17,1067.174
shp_715_124,28.660604,77.235931,18,1096.58
shp_715_124,28.661064,77.235764,19,1150.327
shp_715_124,28.661245,77.235657,20,1172.816
shp_715_124,28.661354,77.235504,21,1192.386
shp_715_124,28.662035,77.234428,22,1321.838
shp_715_124,28.662249,77.234009,23,1369.411
shp_715_124,28.662405,77.233749,24,1399.652
shp_715_124,28.662552,77.233917,25,1422.629
shp_715_124,28.662626,77.234024,26,1436.124
shp_715_124,28.663315,77.23468,27,1536.013
shp_715_124,28.664038,77.235336,28,1638.994
shp_715_124,28.664648,77.234779,29,1725.942
shp_715_124,28.665491,77.2341,30,1840.941
shp_715_124,28.666452,77.233444,31,1965.802
shp_715_124,28.667557,77.232712,32,2108.151
shp_715_124,28.66794,77.232521,33,2154.428
shp_715_124,28.668493,77.232269,34,2220.709
shp_715_124,28.668865,77.232071,35,2266.599
shp_715_124,28.669037,77.23204,36,2285.883
shp_715_124,28.669506,77.231842,37,2341.426
shp_715_124,28.670095,77.231613,38,2410.765
shp_715_124,28.670706,77.231392,39,2482.031
shp_715_124,28.671768,77.231071,40,2604.599
shp_715_124,28.671942,77.231003,41,2624.819
shp_715_124,28.672667,77.23069,42,2711.135
shp_715_124,28.673466,77.230469,43,2802.717
shp_715_124,28.674198,77.230232,44,2887.553
shp_715_124,28.675055,77.229988,45,2985.912
shp_715_124,28.675232,77.229942,46,3005.859
shp_715_124,28.675409,77.229919,47,3025.953
shp_715_124,28.675497,77.229927,48,3035.621
shp_715_124,28.675581,77.22995,49,3045.303
shp_715_124,28.675659,77.229996,50,3054.979
shp_715_124,28.67573,77.230049,51,3064.653
shp_715_124,28.675791,77.230125,52,3074.331
shp_715_124,28.675838,77.230209,53,3084.005
shp_715_124,28.675871,77.230301,54,3093.679
shp_715_124,28.67589,77.230392,55,3103.357
shp_715_124,28.675894,77.230492,56,3113.032
shp_715_124,28.67588,77.230591,57,3122.712
shp_715_124,28.675852,77.230682,58,3132.385
shp_715_124,28.675808,77.230774,59,3142.058
shp_715_124,28.675753,77.23085,60,3151.737
shp_715_124,28.675686,77.230911,61,3161.414
shp_715_124,28.67561,77.230957,62,3171.091
shp_715_124,28.675528,77.230988,63,3180.759
shp_715_124,28.675325,77.231018,64,3203.493
shp_715_124,28.674961,77.23101,65,3244.003
shp_715_124,28.674128,77.230949,66,3337.039
shp_715_124,28.673733,77.230942,67,3380.981
shp_715_124,28.67355,77.230949,68,3401.406
shp_715_124,28.673315,77.231003,69,3427.971
shp_715_124,28.672646,77.231201,70,3504.975
shp_715_124,28.672237,77.231308,71,3551.719
shp_715_124,28.671574,77.231522,72,3628.275
shp_715_124,28.671442,77.231583,73,3644.086
shp_715_124,28.671318,77.231659,74,3659.896
shp_715_124,28.671095,77.231857,75,3691.382
shp_715_124,28.670971,77.232025,76,3712.868
shp_715_124,28.670864,77.232208,77,3734.336
shp_715_124,28.670778,77.232407,78,3755.819
shp_715_124,28.670713,77.232613,79,3777.296
shp_715_124,28.670671,77.232826,80,3798.769
shp_715_124,28.670652,77.233047,81,3820.25
shp_715_124,28.670656,77.233269,82,3841.732
shp_715_124,28.670683,77.233482,83,3863.201
shp_715_124,28.672638,77.238724,84,4419.264
shp_715_124,28.674015,77.242317,85,4802.271
shp_715_124,28.674225,77.243034,86,4876.517
shp_715_124,28.674341,77.243706,87,4943.23
shp_715_124,28.674398,77.244431,88,5014.189
shp_715_124,28.674398,77.245125,89,5082.273
shp_715_124,28.674313,77.245934,90,5161.766
shp_715_124,28.673977,77.2481,91,5376.382
shp_715_124,28.67395,77.248421,92,5407.803
shp_715_124,28.67391,77.248726,93,5437.718
shp_715_124,28.673849,77.249054,94,5470.944
shp_715_124,28.673784,77.249298,95,5495.354
shp_715_124,28.673538,77.250679,96,5633.447
shp_715_124,28.673397,77.251518,97,5716.781
shp_715_124,28.673414,77.25193,98,5757.269
shp_715_124,28.673395,77.25222,99,5785.64
shp_715_124,28.673197,77.253387,100,5901.397
shp_715_124,28.672987,77.254692,101,6031.185
shp_715_124,28.672791,77.256035,102,6163.746
shp_715_124,28.672306,77.255936,103,6218.481
shp_715_124,28.672314,77.255791,104,6232.205
shp_715_124,28.672127,77.25576,105,6253.319
shp_715_124,28.671572,77.255608,106,6316.659
shp_715_124,28.671162,77.255547,107,6362.824
shp_715_124,28.669828,77.255478,108,6511.35
shp_715_124,28.668879,77.255447,109,6617.038
shp_715_124,28.66843,77.255516,110,6667.472
shp_715_124,28.668339,77.255615,111,6681.542
shp_715_124,28.668205,77.255676,112,6697.339
shp_715_124,28.667892,77.255829,113,6735.551
shp_715_124,28.667845,77.25589,114,6743.234
shp_715_124,28.667753,77.255791,115,6757.354
shp_715_124,28.667709,77.255684,116,6769.121
shp_715_124,28.668137,77.255577,117,6817.845
shp_715_124,28.66843,77.255516,118,6851.041
shp_715_124,28.668879,77.255447,119,6901.475
shp_715_124,28.668959,77.255447,120,6910.356
shp_715_124,28.668959,77.255447,121,6910.356
shp_715_124,28.669828,77.255478,122,7007.163
shp_715_124,28.671162,77.255547,123,7155.688
shp_715_124,28.671572,77.255608,124,7201.853
shp_715_124,28.672127,77.25576,125,7265.193
shp_715_124,28.672813,77.255867,126,7342.483
shp_715_124,28.673056,77.255928,127,7370.001
shp_715_124,28.673056,77.255928,128,7370.001
shp_715_124,28.676357,77.256775,129,7746.771
shp_715_124,28.676737,77.256798,130,7789.136
shp_715_124,28.676855,77.25679,131,7802.325
shp_715_124,28.676855,77.25679,132,7802.325
shp_715_124,28.677076,77.256767,133,7826.923
shp_715_124,28.677547,77.256645,134,7880.646
shp_715_124,28.678652,77.256363,135,8006.74
shp_715_124,28.680017,77.255966,136,8163.66
shp_715_124,28.684141,77.254913,137,8634.192
shp_715_124,28.684141,77.254913,138,8634.192
shp_715_124,28.686922,77.254189,139,8951.614
shp_715_124,28.686922,77.254189,140,8951.614
shp_715_124,28.688099,77.253876,141,9086.189
shp_715_124,28.688259,77.253845,142,9104.117
shp_715_124,28.688402,77.25383,143,9120.285
shp_715_124,28.688541,77.253822,144,9135.641
shp_715_124,28.688908,77.253853,145,9176.573
shp_715_124,28.689747,77.253967,146,9270.609
shp_715_124,28.689985,77.254005,147,9297.537
shp_715_124,28.689985,77.254005,148,9297.537
shp_715_124,28.691408,77.254227,149,9457.357
shp_715_124,28.691408,77.254227,150,9457.357
shp_715_124,28.692625,77.25441,151,9593.916
shp_715_124,28.694094,77.254601,152,9758.457
shp_715_124,28.694223,77.254608,153,9772.896
shp_715_124,28.695406,77.254768,154,9905.542
shp_715_124,28.695406,77.254768,155,9905.542
shp_715_124,28.699902,77.255424,156,10410.114
shp_715_124,28.699989,77.255455,157,10420.347
shp_715_124,28.700146,77.255539,158,10439.421
shp_715_124,28.700224,77.255554,159,10448.349
shp_715_124,28.700783,77.255592,160,10510.757
shp_715_124,28.701145,77.255569,161,10551.05
shp_715_124,28.702019,77.255669,162,10648.893
shp_715_124,28.703527,77.25589,163,10818.113
shp_715_124,28.703691,77.255905,164,10836.473
shp_715_124,28.703884,77.255875,165,10858.105
shp_715_124,28.704071,77.255814,166,10879.739
shp_715_124,28.70417,77.25576,167,10891.886
shp_715_125,28.651251,77.237862,1,0.0
shp_715_125,28.652023,77.237289,2,102.902
shp_715_125,28.652859,77.236717,3,211.273
shp_715_125,28.653294,77.236458,4,265.695
shp_715_125,28.653692,77.236427,5,310.159
shp_715_125,28.654573,77.236458,6,408.316
shp_715_125,28.65604,77.236626,7,572.37
shp_715_125,28.65604,77.236626,8,572.37
shp_715_125,28.656956,77.236748,9,674.969
shp_715_125,28.657469,77.236801,10,732.423
shp_715_125,28.657864,77.236824,11,776.366
shp_715_125,28.658382,77.236794,12,834.137
shp_715_125,28.658733,77.236717,13,873.973
shp_715_125,28.660038,77.236115,14,1030.774
shp_715_125,28.660343,77.235977,15,1067.176
shp_715_125,28.660604,77.235931,16,1096.581
shp_715_125,28.661064,77.235764,17,1150.329
shp_715_125,28.661245,77.235657,18,1172.818
shp_715_125,28.661354,77.235504,19,1192.388
shp_715_125,28.661997,77.234489,20,1314.598
shp_715_125,28.661997,77.234489,21,1314.598
shp_715_125,28.662035,77.234428,22,1321.84
shp_715_125,28.662249,77.234009,23,1369.412
shp_715_125,28.662668,77.233322,24,1450.911
shp_715_125,28.662668,77.233322,25,1450.911
shp_715_125,28.663021,77.232758,26,1518.388
shp_715_125,28.663237,77.232437,27,1557.8
shp_715_125,28.663933,77.23172,28,1662.374
shp_715_125,28.664394,77.231209,29,1734.339
shp_715_125,28.665224,77.230247,30,1865.741
shp_715_125,28.665966,77.229691,31,1964.547
shp_715_125,28.666149,77.229591,32,1987.167
shp_715_125,28.666149,77.229591,33,1987.167
shp_715_125,28.666332,77.229485,34,2009.904
shp_715_125,28.666512,77.229431,35,2030.733
shp_715_125,28.666809,77.229416,36,2063.853
shp_715_125,28.666996,77.229347,37,2085.753
shp_715_125,28.667303,77.229202,38,2122.659
shp_715_125,28.667679,77.228951,39,2170.941
shp_715_126,28.651251,77.237862,1,0.0
shp_715_126,28.652023,77.237289,2,102.902
shp_715_126,28.652859,77.236717,3,211.273
shp_715_126,28.653294,77.236458,4,265.695
shp_715_126,28.653692,77.236427,5,310.159
shp_715_126,28.654573,77.236458,6,408.316
shp_715_126,28.655724,77.236595,7,536.996
shp_715_126,28.655724,77.236595,8,536.996
shp_715_126,28.656956,77.236748,9,674.966
shp_715_126,28.657469,77.236801,10,732.421
shp_715_126,28.657864,77.236824,11,776.364
shp_715_126,28.658382,77.236794,12,834.135
shp_715_126,28.658733,77.236717,13,873.97
shp_715_126,28.660139,77.236069,14,1042.65
shp_715_126,28.660065,77.237633,15,1195.197
shp_715_126,28.660078,77.237816,16,1213.139
shp_715_126,28.660151,77.237953,17,1229.242
shp_715_126,28.66029,77.238045,18,1247.078
shp_715_126,28.660433,77.238106,19,1264.075
shp_715_126,28.660521,77.238152,20,1274.951
shp_715_126,28.661001,77.238197,21,1328.532
shp_715_126,28.661087,77.23822,22,1338.374
shp_715_126,28.661217,77.238266,23,1353.582
shp_715_126,28.661274,77.238312,24,1361.511
shp_715_126,28.661572,77.238785,25,1417.927
shp_715_126,28.661726,77.238983,26,1443.611
shp_715_126,28.661831,77.23909,27,1459.637
shp_715_126,28.661907,77.239212,28,1474.221
shp_715_126,28.661972,77.239349,29,1489.465
shp_715_126,28.661991,77.239456,30,1499.828
shp_715_126,28.661974,77.239891,31,1542.652
shp_715_126,28.662012,77.240143,32,1567.664
shp_715_126,28.662092,77.240379,33,1592.344
shp_715_126,28.662325,77.240746,34,1636.768
shp_715_126,28.662525,77.241051,35,1673.476
shp_715_126,28.662727,77.241463,36,1719.581
shp_715_126,28.662796,77.241745,37,1748.715
shp_715_126,28.662832,77.242035,38,1776.868
shp_715_126,28.662815,77.242195,39,1792.957
shp_715_126,28.662792,77.242294,40,1802.582
shp_715_126,28.662792,77.242294,41,1802.582
shp_715_126,28.662766,77.242172,42,1814.867
shp_715_126,28.662771,77.242027,43,1829.02
shp_715_126,28.662756,77.241875,44,1843.755
shp_715_126,28.66271,77.241592,45,1871.725
shp_715_126,28.662672,77.241478,46,1883.66
shp_715_126,28.662514,77.241119,47,1922.808
shp_715_126,28.66242,77.240967,48,1940.978
shp_715_126,28.6623,77.240799,49,1962.121
shp_715_126,28.662054,77.240395,50,2010.221
shp_715_126,28.661991,77.240257,51,2025.524
shp_715_126,28.661942,77.240089,52,2043.012
shp_715_126,28.661903,77.239784,53,2072.589
shp_715_126,28.661901,77.2397,54,2081.275
shp_715_126,28.661839,77.239418,55,2109.282
shp_715_126,28.66172,77.239166,56,2137.084
shp_715_126,28.661943,77.238617,57,2196.451
shp_715_126,28.662127,77.238228,58,2239.339
shp_715_126,28.662453,77.23761,59,2309.909
shp_715_126,28.662691,77.237198,60,2358.105
shp_715_126,28.662952,77.236877,61,2401.147
shp_715_126,28.663546,77.235909,62,2516.555
shp_715_126,28.664038,77.235336,63,2594.552
shp_715_126,28.664648,77.234779,64,2681.5
shp_715_126,28.665491,77.2341,65,2796.499
shp_715_126,28.666452,77.233444,66,2921.36
shp_715_126,28.667557,77.232712,67,3063.709
shp_715_126,28.66794,77.232521,68,3109.986
shp_715_126,28.668493,77.232269,69,3176.268
shp_715_126,28.668865,77.232071,70,3222.157
shp_715_126,28.669037,77.23204,71,3241.441
shp_715_126,28.669506,77.231842,72,3296.984
shp_715_126,28.670095,77.231613,73,3366.324
shp_715_126,28.670706,77.231392,74,3437.589
shp_715_126,28.671768,77.231071,75,3560.157
shp_715_126,28.671942,77.231003,76,3580.377
shp_715_126,28.672667,77.23069,77,3666.694
shp_715_126,28.673466,77.230469,78,3758.275
shp_715_126,28.674198,77.230232,79,3843.111
shp_715_126,28.675055,77.229988,80,3941.471
shp_715_126,28.675232,77.229942,81,3961.418
shp_715_126,28.675409,77.229919,82,3981.511
shp_715_126,28.675497,77.229927,83,3991.179
shp_715_126,28.675581,77.22995,84,4000.862
shp_715_126,28.675659,77.229996,85,4010.538
shp_715_126,28.67573,77.230049,86,4020.211
shp_715_126,28.675791,77.230125,87,4029.889
shp_715_126,28.675838,77.230209,88,4039.564
shp_715_126,28.675871,77.230301,89,4049.238
shp_715_126,28.67589,77.230392,90,4058.916
shp_715_126,28.675894,77.230492,91,4068.59
shp_715_126,28.67588,77.230591,92,4078.27
shp_715_126,28.675852,77.230682,93,4087.943
shp_715_126,28.675808,77.230774,94,4097.616
shp_715_126,28.675753,77.23085,95,4107.295
shp_715_126,28.675686,77.230911,96,4116.972
shp_715_126,28.67561,77.230957,97,4126.649
shp_715_126,28.675528,77.230988,98,4136.317
shp_715_126,28.675325,77.231018,99,4159.052
shp_715_126,28.674961,77.23101,100,4199.562
shp_715_126,28.674128,77.230949,101,4292.598
shp_715_126,28.673733,77.230942,102,4336.54
shp_715_126,28.67355,77.230949,103,4356.965
shp_715_126,28.673315,77.231003,104,4383.529
shp_715_126,28.672646,77.231201,105,4460.533
shp_715_126,28.672237,77.231308,106,4507.277
shp_715_126,28.671574,77.231522,107,4583.833
shp_715_126,28.671442,77.231583,108,4599.644
shp_715_126,28.671318,77.231659,109,4615.454
shp_715_126,28.671095,77.231857,110,4646.939
shp_715_126,28.670971,77.232025,111,4668.425
shp_715_126,28.670864,77.232208,112,4689.894
shp_715_126,28.670778,77.232407,113,4711.376
shp_715_126,28.670713,77.232613,114,4732.853
shp_715_126,28.670671,77.232826,115,4754.326
shp_715_126,28.670652,77.233047,116,4775.808
shp_715_126,28.670656,77.233269,117,4797.289
shp_715_126,28.670683,77.233482,118,4818.759
shp_715_126,28.672638,77.238724,119,5374.821
shp_715_126,28.674015,77.242317,120,5757.829
shp_715_126,28.674225,77.243034,121,5832.075
shp_715_126,28.674341,77.243706,122,5898.788
shp_715_126,28.674398,77.244431,123,5969.747
shp_715_126,28.674398,77.245125,124,6037.831
shp_715_126,28.674313,77.245934,125,6117.324
shp_715_126,28.673977,77.2481,126,6331.939
shp_715_126,28.67395,77.248421,127,6363.36
shp_715_126,28.67391,77.248726,128,6393.275
shp_715_126,28.673849,77.249054,129,6426.501
shp_715_126,28.673784,77.249298,130,6450.912
shp_715_126,28.673538,77.250679,131,6589.005
shp_715_126,28.673397,77.251518,132,6672.339
shp_715_126,28.673414,77.25193,133,6712.826
shp_715_126,28.673395,77.25222,134,6741.198
shp_715_126,28.673197,77.253387,135,6856.955
shp_715_126,28.672987,77.254692,136,6986.742
shp_715_126,28.672791,77.256035,137,7119.303
shp_715_126,28.672306,77.255936,138,7174.039
shp_715_126,28.672314,77.255791,139,7187.763
shp_715_126,28.672127,77.25576,140,7208.877
shp_715_126,28.671572,77.255608,141,7272.217
shp_715_126,28.671162,77.255547,142,7318.381
shp_715_126,28.669828,77.255478,143,7466.907
shp_715_126,28.668879,77.255447,144,7572.595
shp_715_126,28.66843,77.255516,145,7623.029
shp_715_126,28.668137,77.255577,146,7656.225
shp_715_126,28.667709,77.255684,147,7704.949
shp_715_126,28.667511,77.255692,148,7727.034
shp_715_126,28.667511,77.255692,149,7727.034
shp_715_126,28.667503,77.255699,150,7727.91
shp_715_126,28.667606,77.256187,151,7777.026
shp_715_126,28.667793,77.256851,152,7845.315
shp_715_126,28.668152,77.25827,153,7989.731
shp_715_126,28.668152,77.25827,154,7989.731
shp_715_126,28.668495,77.259636,155,8128.631
shp_715_126,28.669184,77.262444,156,8412.826
shp_715_126,28.66931,77.262711,157,8442.924
shp_715_126,28.669453,77.262871,158,8465.192
shp_715_126,28.669674,77.262978,159,8491.798
shp_715_126,28.669903,77.263016,160,8517.751
shp_715_126,28.670017,77.263054,161,8530.796
shp_715_126,28.670231,77.263092,162,8554.951
shp_715_126,28.670198,77.263313,163,8577.079
shp_715_126,28.670198,77.263313,164,8577.079
shp_715_126,28.670185,77.26338199999999,165,8584.171
shp_715_126,28.670198,77.263626,166,8608.052
shp_715_126,28.670229,77.263924,167,8637.228
shp_715_126,28.670366,77.264557,168,8700.485
shp_715_126,28.670515,77.264969,169,8744.045
shp_715_126,28.670607,77.265137,170,8763.841
shp_715_126,28.670633,77.265213,171,8771.725
shp_715_126,28.670633,77.265213,172,8771.725
shp_715_126,28.670818,77.265739,173,8827.043
shp_715_126,28.670942,77.266228,174,8876.834
shp_715_126,28.671043,77.266815,175,8934.837
shp_715_126,28.671297,77.268608,176,9112.576
shp_715_127,28.675499,77.300873,1,0.0
shp_715_127,28.675505,77.300163,2,69.116
shp_715_127,28.67551,77.300133,3,72.481
shp_715_127,28.675533,77.30011,4,75.444
shp_715_127,28.675831,77.30014,5,108.814
shp_715_127,28.675865,77.300179,6,113.899
shp_715_127,28.675879,77.300346,7,130.149
shp_715_127,28.675852,77.30088,8,183.01
shp_715_127,28.675837,77.301025,9,196.913
shp_715_127,28.675825,77.302254,10,316.972
shp_715_127,28.675856,77.302864,11,376.303
shp_715_127,28.675846,77.303108,12,400.879
shp_715_127,28.675905,77.303223,13,413.422
shp_715_127,28.676294,77.303223,14,456.749
shp_715_127,28.676723,77.303215,15,504.603
shp_715_127,28.677586,77.303185,16,600.634
shp_715_127,28.677628,77.303192,17,605.312
shp_715_127,28.677654,77.303215,18,609.165
shp_715_127,28.678087,77.30381,19,684.171
shp_715_127,28.678102,77.303841,20,687.631
shp_715_127,28.678102,77.303841,21,687.631
shp_715_127,28.678173,77.303978,22,703.376
shp_715_127,28.678701,77.304634,23,790.655
shp_715_127,28.679697,77.306412,24,996.486
shp_715_127,28.679697,77.306412,25,996.486
shp_715_127,28.680681,77.308235,26,1205.125
shp_715_127,28.682066,77.310753,27,1495.914
shp_715_128,28.527933,77.205597,1,0.0
shp_715_128,28.52791,77.206055,2,44.402
shp_715_128,28.527914,77.206703,3,107.693
shp_715_128,28.527956,77.207336,4,169.923
shp_715_128,28.528082,77.208702,5,304.611
shp_715_128,28.528196,77.209824,6,414.963
shp_715_128,28.52821,77.210022,7,434.502
shp_715_128,28.52821,77.210022,8,434.502
shp_715_128,28.528238,77.210587,9,489.588
shp_715_128,28.528324,77.211472,10,576.39
shp_715_128,28.528372,77.2118,11,609.04
shp_715_128,28.528429,77.212021,12,631.857
shp_715_128,28.528585,77.212517,13,683.525
shp_715_128,28.528763,77.212982,14,733.03
shp_715_128,28.529076,77.213882,15,827.673
shp_715_128,28.52928,77.214653,16,906.128
shp_715_128,28.52928,77.214653,17,906.128
shp_715_128,28.529547,77.215759,18,1018.525
shp_715_128,28.529547,77.215759,19,1018.525
shp_715_128,28.529791,77.216789,20,1122.955
shp_715_128,28.530159,77.218414,21,1287.036
shp_715_128,28.530159,77.218414,22,1287.036
shp_715_128,28.53038,77.219376,23,1384.058
shp_715_128,28.530523,77.219879,24,1435.559
shp_715_128,28.530735,77.220734,25,1522.708
shp_715_128,28.530489,77.220764,26,1550.195
shp_715_128,28.530323,77.220818,27,1569.347
shp_715_128,28.529299,77.221184,28,1689.007
shp_715_129,28.527933,77.205597,1,0.0
shp_715_129,28.52791,77.206055,2,44.402
shp_715_129,28.527914,77.206703,3,107.693
shp_715_129,28.527956,77.207336,4,169.923
shp_715_129,28.528082,77.208702,5,304.611
shp_715_129,28.528179,77.209648,6,397.468
shp_715_129,28.528179,77.209648,7,397.468
shp_715_129,28.528212,77.210052,8,436.992
shp_715_129,28.528238,77.210587,9,489.583
shp_715_129,28.528324,77.211472,10,576.385
shp_715_129,28.528372,77.2118,11,609.035
shp_715_129,28.528429,77.212021,12,631.852
shp_715_129,28.528585,77.212517,13,683.52
shp_715_129,28.528763,77.212982,14,733.024
shp_715_129,28.529076,77.213882,15,827.667
shp_715_129,28.529263,77.214577,16,898.274
shp_715_129,28.529324,77.214836,17,924.487
shp_715_129,28.528803,77.214989,18,984.607
shp_715_129,28.528803,77.214989,19,984.607
shp_715_129,28.528299,77.215149,20,1042.873
shp_715_129,28.528299,77.215149,21,1042.873
shp_715_129,28.527506,77.218925,22,1422.281
shp_715_130,28.677944,77.359627,1,0.0
shp_715_130,28.677967,77.359718,2,8.958
shp_715_130,28.677959,77.359795,3,16.756
shp_715_130,28.677942,77.359848,4,21.837
shp_715_130,28.677893,77.359909,5,30.404
shp_715_130,28.677858,77.359932,6,34.708
shp_715_130,28.677784,77.359962,7,43.275
shp_715_130,28.677864,77.361092,8,154.278
shp_715_130,28.677925,77.362465,9,288.665
shp_715_130,28.677925,77.362465,10,288.665
shp_715_130,28.67795,77.363029,11,343.487
shp_715_130,28.678011,77.364029,12,441.538
shp_715_130,28.678072,77.365402,13,575.885
shp_715_130,28.678072,77.365402,14,575.885
shp_715_130,28.678272,77.369446,15,971.338
shp_715_130,28.678272,77.369446,16,971.338
shp_715_130,28.678326,77.370583,17,1082.261
shp_715_130,28.678326,77.370583,18,1082.261
shp_715_130,28.678391,77.371948,19,1215.923
shp_715_130,28.678415,77.372711,20,1290.487
shp_715_130,28.678585,77.376595,21,1670.858
shp_715_130,28.678629,77.377472,22,1756.282
shp_715_130,28.678629,77.377472,23,1756.282
shp_715_130,28.678751,77.379936,24,1997.668
shp_715_130,28.678757,77.381187,25,2119.585
shp_715_131,28.724123,77.182556,1,0.0
shp_715_131,28.725792,77.182663,2,186.011
shp_715_131,28.72718,77.18277,3,341.067
shp_715_131,28.730919,77.183006,4,757.761
shp_715_131,28.731361,77.183014,5,807.022
shp_715_131,28.73147,77.182999,6,819.253
shp_715_131,28.731592,77.182961,7,833.322
shp_715_131,28.731899,77.182831,8,869.808
shp_715_131,28.731989,77.182777,9,881.215
shp_715_131,28.732052,77.182724,10,889.859
shp_715_131,28.7321,77.182663,11,897.512
shp_715_131,28.732132,77.182579,12,906.556
shp_715_131,28.73221,77.182281,13,937.106
shp_715_131,28.732231,77.182228,14,942.868
shp_715_131,28.732265,77.18219,15,948.31
shp_715_131,28.732317,77.182159,16,954.789
shp_715_131,28.73237,77.182152,17,960.748
shp_715_131,28.732424,77.182159,18,966.727
shp_715_131,28.732471,77.18219,19,972.687
shp_715_131,28.732508,77.182236,20,978.661
shp_715_131,28.732533,77.182289,21,984.624
shp_715_131,28.732536,77.182327,22,988.43
shp_715_131,28.732525,77.182404,23,996.222
shp_715_131,28.732382,77.182953,24,1052.055
shp_715_131,28.732378,77.183014,25,1057.882
shp_715_131,28.732393,77.18309,26,1065.812
shp_715_131,28.732426,77.183144,27,1071.953
shp_715_131,28.732454,77.183159,28,1075.411
shp_715_131,28.733498,77.183395,29,1194.002
shp_715_131,28.733627,77.183403,30,1208.431
shp_715_131,28.733749,77.183418,31,1222.123
shp_715_131,28.733749,77.183418,32,1222.123
shp_715_131,28.732201,77.189522,33,1842.922
shp_715_131,28.732201,77.189522,34,1842.922
shp_715_131,28.731878,77.190788,35,1971.17
shp_715_131,28.731209,77.193649,36,2260.582
shp_715_131,28.730503,77.19648,37,2547.318
shp_715_131,28.730242,77.197655,38,2666.134
shp_715_131,28.730122,77.198303,39,2730.872
shp_715_131,28.730635,77.198326,40,2788.068
shp_715_131,28.731213,77.198257,41,2852.835
shp_715_131,28.732471,77.197968,42,2995.78
shp_715_131,28.732712,77.197929,43,3022.66
shp_715_131,28.734112,77.197639,44,3180.996
shp_715_131,28.735271,77.197319,45,3313.893
shp_715_131,28.73562,77.19725,46,3353.297
shp_715_131,28.73604,77.19725,47,3399.973
shp_715_131,28.73691,77.197334,48,3497.252
shp_715_131,28.736967,77.197327,49,3503.513
shp_715_131,28.736967,77.197327,50,3503.513
shp_715_131,28.737942,77.19738,51,3612.225
shp_715_131,28.738293,77.197433,52,3651.53
shp_715_131,28.738411,77.197495,53,3666.042
shp_715_131,28.738558,77.197533,54,3682.987
shp_715_131,28.739738,77.197609,55,3814.604
shp_715_131,28.740496,77.197693,56,3899.274
shp_715_131,28.741287,77.197769,57,3987.804
shp_715_131,28.741287,77.197769,58,3987.804
shp_715_131,28.743069,77.197937,59,4186.811
shp_715_131,28.744101,77.198006,60,4301.879
shp_715_131,28.745161,77.19812,61,4420.401
shp_715_131,28.745161,77.19812,62,4420.401
shp_715_131,28.745516,77.198158,63,4460.016
shp_715_131,28.74704,77.198273,64,4629.936
shp_715_131,28.747728,77.198341,65,4707.001
shp_715_131,28.748287,77.19838,66,4769.294
shp_715_131,28.749992,77.198547,67,4959.809
shp_715_131,28.749992,77.198547,68,4959.809
shp_715_131,28.751692,77.198692,69,5149.569
shp_715_131,28.752583,77.198776,70,5248.927
shp_715_131,28.752583,77.198776,71,5248.927
shp_715_131,28.753269,77.198845,72,5325.718
shp_715_131,28.754171,77.198952,73,5426.729
shp_715_131,28.754313,77.198959,74,5442.324
shp_715_132,28.724123,77.182556,1,0.0
shp_715_132,28.725792,77.182663,2,186.011
shp_715_132,28.72718,77.18277,3,341.067
shp_715_132,28.730919,77.183006,4,757.761
shp_715_132,28.731361,77.183014,5,807.022
shp_715_132,28.73147,77.182999,6,819.253
shp_715_132,28.731592,77.182961,7,833.322
shp_715_132,28.731899,77.182831,8,869.808
shp_715_132,28.731989,77.182777,9,881.215
shp_715_132,28.732052,77.182724,10,889.859
shp_715_132,28.7321,77.182663,11,897.512
shp_715_132,28.732143,77.182541,12,910.511
shp_715_132,28.732143,77.182541,13,910.511
shp_715_132,28.73221,77.182281,14,937.079
shp_715_132,28.732231,77.182228,15,942.841
shp_715_132,28.732265,77.18219,16,948.283
shp_715_132,28.732317,77.182159,17,954.762
shp_715_132,28.73237,77.182152,18,960.721
shp_715_132,28.732424,77.182159,19,966.7
shp_715_132,28.732471,77.18219,20,972.66
shp_715_132,28.732508,77.182236,21,978.634
shp_715_132,28.732533,77.182289,22,984.597
shp_715_132,28.732536,77.182327,23,988.403
shp_715_132,28.732525,77.182404,24,996.195
shp_715_132,28.732382,77.182953,25,1052.028
shp_715_132,28.732378,77.183014,26,1057.856
shp_715_132,28.732393,77.18309,27,1065.785
shp_715_132,28.732426,77.183144,28,1071.926
shp_715_132,28.732454,77.183159,29,1075.385
shp_715_132,28.733498,77.183395,30,1193.975
shp_715_132,28.733627,77.183403,31,1208.404
shp_715_132,28.733749,77.183418,32,1222.096
shp_715_132,28.734488,77.183281,33,1305.329
shp_715_132,28.734732,77.18325,34,1332.521
shp_715_132,28.73502,77.183235,35,1364.675
shp_715_132,28.735891,77.183228,36,1461.65
shp_715_133,28.637077,77.129707,1,0.0
shp_715_133,28.637091,77.129662,2,4.645
shp_715_133,28.637093,77.129539,3,16.725
shp_715_133,28.637085,77.129341,4,35.412
shp_715_133,28.636984,77.129105,5,61.338
shp_715_133,28.636812,77.128815,6,95.912
shp_715_133,28.636683,77.128662,7,116.105
shp_715_133,28.63645,77.128479,8,147.874
shp_715_133,28.636286,77.128395,9,167.967
shp_715_133,28.636028,77.128342,10,197.015
shp_715_133,28.63566,77.128311,11,238.049
shp_715_133,28.635271,77.12822,12,282.239
shp_715_133,28.635015,77.128098,13,313.026
shp_715_133,28.634546,77.127831,14,371.508
shp_715_133,28.633619,77.127052,15,499.829
shp_715_133,28.633619,77.127052,16,499.829
shp_715_133,28.631201,77.124969,17,837.117
shp_715_133,28.631201,77.124969,18,837.117
shp_715_133,28.630774,77.124611,19,896.416
shp_715_133,28.629295,77.123322,20,1103.569
shp_715_133,28.629295,77.123322,21,1103.569
shp_715_133,28.628691,77.122795,22,1187.986
shp_715_133,28.628691,77.122795,23,1187.986
shp_715_133,28.627634,77.121902,24,1334.465
shp_715_133,28.626982,77.121323,25,1426.872
shp_715_133,28.626577,77.121002,26,1481.715
shp_715_133,28.626577,77.121002,27,1481.715
shp_715_133,28.62566,77.120232,28,1608.426
shp_715_133,28.624729,77.119423,29,1738.744
shp_715_133,28.624269,77.119041,30,1802.003
shp_715_133,28.623466,77.118355,31,1914.07
shp_715_133,28.623466,77.118355,32,1914.07
shp_715_133,28.622633,77.117661,33,2028.708
shp_715_133,28.621876,77.117004,34,2134.889
shp_715_133,28.621218,77.116394,35,2229.181
shp_715_133,28.621119,77.116295,36,2243.942
shp_715_133,28.621046,77.116211,37,2255.22
shp_715_133,28.621046,77.116211,38,2255.22
shp_715_133,28.62089,77.116005,39,2282.211
shp_715_133,28.620455,77.115463,40,2353.821
shp_715_133,28.620022,77.11483,41,2432.238
shp_715_133,28.620022,77.11483,42,2432.238
shp_715_133,28.619801,77.114502,43,2472.428
shp_715_133,28.61809,77.112122,44,2772.921
shp_715_133,28.61809,77.112122,45,2772.921
shp_715_133,28.616722,77.110237,46,3012.398
shp_715_133,28.616722,77.110237,47,3012.398
shp_715_133,28.614637,77.107315,48,3379.996
shp_715_133,28.614637,77.107315,49,3379.996
shp_715_133,28.612946,77.104958,50,3677.684
shp_715_133,28.612755,77.104744,51,3707.394
shp_715_133,28.612438,77.104568,52,3746.614
shp_715_133,28.611872,77.104279,53,3815.758
shp_715_133,28.610945,77.103775,54,3930.087
shp_715_133,28.610945,77.103775,55,3930.087
shp_715_133,28.608927,77.102684,56,4178.93
shp_715_134,28.637077,77.129707,1,0.0
shp_715_134,28.637091,77.129662,2,4.645
shp_715_134,28.637093,77.129539,3,16.725
shp_715_134,28.637085,77.129341,4,35.412
shp_715_134,28.636984,77.129105,5,61.338
shp_715_134,28.636812,77.128815,6,95.912
shp_715_134,28.636683,77.128662,7,116.105
shp_715_134,28.63645,77.128479,8,147.874
shp_715_134,28.636286,77.128395,9,167.967
shp_715_134,28.636028,77.128342,10,197.015
shp_715_134,28.63566,77.128311,11,238.049
shp_715_134,28.635271,77.12822,12,282.239
shp_715_134,28.6353,77.128075,13,296.629
shp_715_134,28.635696,77.128166,14,341.781
shp_715_134,28.636078,77.128197,15,384.401
shp_715_134,28.636343,77.128265,16,414.555
shp_715_134,28.636541,77.128365,17,438.755
shp_715_134,28.636806,77.128563,18,473.951
shp_715_134,28.636957,77.128738,19,498.092
shp_715_134,28.637112,77.129051,20,533.112
shp_715_134,28.637268,77.129471,21,577.603
shp_715_134,28.63748,77.13018,22,650.833
shp_715_134,28.63792,77.131493,23,788.283
shp_715_134,28.638153,77.132118,24,854.766
shp_715_134,28.638321,77.132378,25,885.907
shp_715_134,28.638321,77.132378,26,885.907
shp_715_134,28.63859,77.132797,27,936.409
shp_715_134,28.638889,77.133232,28,990.663
shp_715_134,28.639315,77.133743,29,1059.598
shp_715_134,28.640024,77.134476,30,1166.075
shp_715_134,28.640696,77.135124,31,1263.855
shp_715_134,28.640696,77.135124,32,1263.855
shp_715_134,28.644596,77.138367,33,1801.525
shp_715_134,28.644871,77.138649,34,1842.903
shp_715_134,28.644871,77.138649,35,1842.903
shp_715_134,28.645628,77.139435,36,1956.604
shp_715_134,28.64628,77.140358,37,2072.389
shp_715_134,28.64628,77.140358,38,2072.389
shp_715_134,28.646566,77.140762,39,2123.438
shp_715_134,28.646566,77.140762,40,2123.438
shp_715_134,28.646925,77.141281,41,2187.596
shp_715_134,28.647194,77.141617,42,2232.076
shp_715_134,28.647341,77.141815,43,2257.441
shp_715_134,28.647654,77.142166,44,2306.211
shp_715_134,28.648115,77.142532,45,2368.914
shp_715_134,28.648115,77.142532,46,2368.914
shp_715_134,28.648834,77.143112,47,2466.882
shp_715_134,28.648834,77.143112,48,2466.882
shp_715_134,28.650076,77.144112,49,2636.147
shp_715_134,28.651354,77.145065,50,2806.384
shp_715_134,28.651354,77.145065,51,2806.384
shp_715_134,28.65284,77.14624,52,3007.759
shp_715_134,28.65284,77.14624,53,3007.759
shp_715_134,28.654848,77.147842,54,3280.425
shp_715_134,28.656893,77.149399,55,3554.189
shp_715_134,28.656937,77.14933,56,3562.814
shp_715_135,28.604179,77.289734,1,0.0
shp_715_135,28.603359,77.290146,2,99.866
shp_715_135,28.603765,77.291199,3,211.926
shp_715_135,28.604113,77.292175,4,315.276
shp_715_135,28.604195,77.292542,5,351.912
shp_715_135,28.604338,77.293549,6,451.763
shp_715_135,28.604452,77.294106,7,507.563
shp_715_135,28.605173,77.296425,8,747.995
shp_715_135,28.605211,77.296516,9,758.108
shp_715_135,28.605236,77.296631,10,769.298
shp_715_135,28.60536,77.29705,11,812.409
shp_715_135,28.605572,77.297714,12,881.733
shp_715_135,28.605572,77.297714,13,881.733
shp_715_135,28.60606,77.299255,14,1041.792
shp_715_135,28.60606,77.299255,15,1041.792
shp_715_135,28.606607,77.301064,16,1228.592
shp_715_135,28.606514,77.301109,17,1239.958
shp_715_135,28.605953,77.301331,18,1306.077
shp_715_135,28.605606,77.301468,19,1347.003
shp_715_135,28.605442,77.301521,20,1365.989
shp_715_135,28.605291,77.30159,21,1384.028
shp_715_135,28.605013,77.301689,22,1416.484
shp_715_135,28.605013,77.301689,23,1416.484
shp_715_135,28.604954,77.301712,24,1423.362
shp_715_135,28.604778,77.301796,25,1444.558
shp_715_135,28.60425,77.301987,26,1506.397
shp_715_135,28.603895,77.302147,27,1548.722
shp_715_135,28.603121,77.302444,28,1639.8
shp_715_135,28.603121,77.302444,29,1639.8
shp_715_135,28.603121,77.302444,30,1639.8
shp_715_136,28.604179,77.289734,1,0.0
shp_715_136,28.605757,77.288925,2,192.429
shp_715_136,28.606434,77.288567,3,275.543
shp_715_136,28.606712,77.289337,4,357.098
shp_715_136,28.606972,77.290024,5,430.019
shp_715_136,28.607052,77.290215,6,450.497
shp_715_136,28.607052,77.290215,7,450.497
shp_715_136,28.607262,77.290825,8,514.465
shp_715_136,28.607449,77.291283,9,564.362
shp_715_136,28.60766,77.29184,10,623.452
shp_715_136,28.607729,77.292091,11,648.853
shp_715_136,28.607729,77.292091,12,648.853
shp_715_136,28.607809,77.292381,13,678.742
shp_715_136,28.608187,77.292877,14,742.697
shp_715_136,28.608385,77.293114,15,774.87
shp_715_136,28.608753,77.292747,16,829.148
shp_715_136,28.609037,77.292458,17,871.797
shp_715_136,28.609339,77.292114,18,918.73
shp_715_136,28.609339,77.292114,19,918.73
shp_715_136,28.609444,77.292,20,935.326
shp_715_136,28.609444,77.292,21,935.326
shp_715_136,28.610214,77.291168,22,1053.355
shp_715_136,28.610334,77.291069,23,1069.67
shp_715_136,28.610651,77.290771,24,1115.563
shp_715_136,28.611084,77.290482,25,1171.245
shp_715_136,28.611345,77.290337,26,1203.961
shp_715_136,28.611517,77.290245,27,1224.76
shp_715_136,28.611517,77.290245,28,1224.76
shp_715_136,28.611685,77.290161,29,1245.16
shp_715_136,28.611826,77.290016,30,1266.605
shp_715_136,28.612289,77.289787,31,1322.762
shp_715_136,28.61322,77.289551,32,1428.869
shp_715_136,28.613569,77.289482,33,1468.325
shp_715_136,28.61389,77.289444,34,1504.332
shp_715_136,28.614143,77.289375,35,1533.355
shp_715_136,28.614695,77.289101,36,1600.352
shp_715_136,28.614759,77.289024,37,1610.354
shp_715_136,28.614765,77.289139,38,1621.388
shp_715_137,28.47954,77.080452,1,0.0
shp_715_137,28.479334,77.079132,2,131.161
shp_715_137,28.479025,77.077339,3,309.749
shp_715_137,28.478977,77.077011,4,342.819
shp_715_137,28.478821,77.076126,5,430.984
shp_715_137,28.478636,77.074989,6,543.724
shp_715_137,28.478535,77.074425,7,600.311
shp_715_137,28.478479,77.074165,8,626.415
shp_715_137,28.478184,77.072594,9,784.002
shp_715_137,28.477867,77.070862,10,956.97
shp_715_137,28.477867,77.070862,11,956.97
shp_715_137,28.477463,77.068794,12,1164.09
shp_715_137,28.477352,77.068016,13,1241.395
shp_715_137,28.477119,77.067024,14,1341.96
shp_715_137,28.476799,77.065521,15,1492.897
shp_715_137,28.476734,77.065018,16,1542.461
shp_715_137,28.476751,77.065002,17,1545.108
shp_715_137,28.476784,77.064995,18,1548.829
shp_715_137,28.476818,77.065002,19,1552.749
shp_715_137,28.476881,77.065369,20,1588.832
shp_715_137,28.476881,77.065369,21,1588.832
shp_715_137,28.476906,77.065506,22,1603.033
shp_715_137,28.477539,77.068214,23,1877.251
shp_715_137,28.479086,77.070038,24,2125.28
shp_715_137,28.479197,77.070091,25,2138.391
shp_715_137,28.479277,77.070107,26,2147.415
shp_715_137,28.479351,77.070107,27,2155.768
shp_715_137,28.479399,77.070099,28,2161.295
shp_715_137,28.479456,77.070068,29,2168.12
shp_715_137,28.479589,77.069901,30,2190.654
shp_715_137,28.479738,77.069649,31,2220.325
shp_715_137,28.480658,77.068336,32,2384.145
shp_715_137,28.481836,77.066566,33,2601.699
shp_715_137,28.481836,77.066566,34,2601.699
shp_715_137,28.482088,77.066185,35,2648.407
shp_715_137,28.484501,77.062675,36,3084.587
shp_715_137,28.48535,77.061455,37,3236.468
shp_715_137,28.485935,77.06057,38,3345.249
shp_715_137,28.485935,77.06057,39,3345.249
shp_715_137,28.487047,77.058945,40,3546.676
shp_715_137,28.487452,77.058334,41,3621.136
shp_715_137,28.487926,77.057671,42,3704.868
shp_715_137,28.48917,77.055832,43,3932.064
shp_715_137,28.491335,77.05761,44,4229.203
shp_715_137,28.491671,77.057861,45,4274.226
shp_715_137,28.492987,77.059097,46,4464.367
shp_715_137,28.493807,77.059845,47,4581.358
shp_715_137,28.49725,77.062851,48,5064.222
shp_715_138,28.47954,77.080452,1,0.0
shp_715_138,28.479334,77.079132,2,131.161
shp_715_138,28.479025,77.077339,3,309.749
shp_715_138,28.478977,77.077011,4,342.819
shp_715_138,28.478821,77.076126,5,430.984
shp_715_138,28.478636,77.074989,6,543.724
shp_715_138,28.477898,77.071037,7,939.372
shp_715_139,28.606548,77.296341,1,0.0
shp_715_139,28.606483,77.29615,2,20.328
shp_715_139,28.605328,77.296555,3,154.859
shp_715_139,28.605236,77.296631,4,167.55
shp_715_139,28.60536,77.29705,5,210.661
shp_715_139,28.606125,77.299461,6,461.386
shp_715_139,28.60685,77.301888,7,711.659
shp_715_139,28.60685,77.301888,8,711.659
shp_715_139,28.607407,77.30378,9,906.87
shp_715_139,28.607407,77.30378,10,906.87
shp_715_139,28.607635,77.304543,11,985.538
shp_715_139,28.607635,77.304543,12,985.538
shp_715_139,28.607918,77.305473,13,1081.774
shp_715_139,28.608215,77.305359,14,1116.773
shp_715_139,28.608215,77.305359,15,1116.773
shp_715_139,28.609632,77.30481,16,1283.258
shp_715_139,28.609632,77.30481,17,1283.258
shp_715_139,28.609741,77.304764,18,1296.126
shp_715_139,28.609928,77.304703,19,1317.703
shp_715_139,28.610981,77.304298,20,1441.568
shp_715_139,28.61124,77.305191,21,1533.448
shp_715_139,28.61124,77.305191,22,1533.448
shp_715_139,28.611986,77.307793,23,1800.774
shp_715_139,28.612083,77.307747,24,1812.671
shp_715_139,28.612452,77.307587,25,1856.32
shp_715_139,28.612452,77.307587,26,1856.32
shp_715_139,28.612617,77.307526,27,1875.927
shp_715_139,28.612701,77.307556,28,1885.55
shp_715_139,28.612715,77.307709,29,1900.615
shp_715_139,28.612793,77.308014,30,1931.882
shp_715_139,28.61281,77.30822,31,1951.973
shp_715_139,28.612787,77.30851,32,1980.365
shp_715_139,28.612705,77.308914,33,2020.794
shp_715_139,28.612667,77.309181,34,2047.722
shp_715_139,28.612661,77.309349,35,2063.6
shp_715_139,28.612663,77.309456,36,2074.577
shp_715_140,28.606548,77.296341,1,0.0
shp_715_140,28.606483,77.29615,2,20.328
shp_715_140,28.605328,77.296555,3,154.859
shp_715_140,28.605215,77.296638,4,169.955
shp_715_140,28.605215,77.296638,5,169.955
shp_715_140,28.605169,77.296661,6,175.528
shp_715_140,28.605135,77.296539,7,188.117
shp_715_140,28.605133,77.296486,8,193.712
shp_715_140,28.60438,77.294029,9,447.567
shp_715_140,28.604286,77.29361,10,489.685
shp_715_140,28.604172,77.292717,11,578.083
shp_715_140,28.604116,77.292381,12,611.332
shp_715_140,28.604013,77.292046,13,646.435
shp_715_140,28.603949,77.291885,14,663.398
shp_715_141,28.702841,77.194046,1,0.0
shp_715_141,28.702532,77.194855,2,85.989
shp_715_141,28.702017,77.196251,3,234.017
shp_715_141,28.702017,77.196251,4,234.017
shp_715_141,28.701475,77.197708,5,388.601
shp_715_141,28.70048,77.200455,6,678.579
shp_715_141,28.700167,77.201279,7,766.423
shp_715_141,28.700008,77.201645,8,806.502
shp_715_141,28.700008,77.201645,9,806.502
shp_715_141,28.699833,77.202057,10,851.225
shp_715_141,28.699114,77.204048,11,1061.27
shp_715_142,28.702841,77.194046,1,0.0
shp_715_142,28.702374,77.19529,2,132.075
shp_715_142,28.702185,77.195305,3,153.205
shp_715_142,28.701551,77.195335,4,223.695
shp_715_142,28.70142,77.195351,5,238.34
shp_715_142,28.698744,77.195877,6,540.782
shp_715_142,28.698744,77.195877,7,540.782
shp_715_142,28.697962,77.196014,8,628.907
shp_715_142,28.697882,77.195992,9,638.074
shp_715_142,28.697594,77.195862,10,672.525
shp_715_142,28.696789,77.195366,11,774.474
shp_715_142,28.696541,77.195221,12,805.448
shp_715_142,28.696026,77.194977,13,867.395
shp_715_142,28.695488,77.194809,14,929.59
shp_715_142,28.695431,77.194794,15,936.068
shp_715_142,28.695431,77.194794,16,936.068
shp_715_142,28.695227,77.194756,17,959.101
shp_715_142,28.695227,77.194756,18,959.101
shp_715_142,28.694607,77.194633,19,1029.235
shp_715_142,28.694111,77.194504,20,1085.816
shp_715_142,28.693661,77.194275,21,1140.634
shp_715_142,28.693661,77.194275,22,1140.634
shp_715_142,28.693605,77.194252,23,1147.407
shp_715_142,28.693153,77.193924,24,1206.871
shp_715_142,28.692856,77.193748,25,1244.049
shp_715_142,28.692856,77.193748,26,1244.049
shp_715_142,28.6917,77.193077,27,1388.777
shp_715_142,28.6917,77.193077,28,1388.777
shp_715_142,28.690632,77.192482,29,1521.059
shp_715_143,28.702696,77.193985,1,0.0
shp_715_143,28.703268,77.192513,2,156.868
shp_715_143,28.704041,77.190674,3,356.418
shp_715_143,28.704041,77.190674,4,356.418
shp_715_143,28.704683,77.189148,5,521.185
shp_715_143,28.705917,77.18525699999999,6,925.546
shp_715_143,28.705917,77.18525699999999,7,925.546
shp_715_143,28.706112,77.184639,8,989.348
shp_715_143,28.706112,77.184639,9,989.348
shp_715_143,28.706251,77.184204,10,1034.65
shp_715_143,28.706274,77.18409,11,1046.56
shp_715_143,28.706541,77.183296,12,1129.425
shp_715_143,28.707375,77.180687,13,1400.063
shp_715_143,28.707689,77.179535,14,1518.188
shp_715_143,28.707687,77.179474,15,1523.992
shp_715_143,28.707674,77.179413,16,1530.024
shp_715_143,28.707651,77.179359,17,1536.315
shp_715_143,28.707586,77.179245,18,1549.243
shp_715_143,28.707506,77.179169,19,1561.202
shp_715_143,28.707367,77.179092,20,1578.227
shp_715_143,28.707287,77.179008,21,1590.513
shp_715_143,28.707186,77.178871,22,1607.728
shp_715_143,28.707167,77.178749,23,1619.764
shp_715_143,28.707176,77.17868,24,1626.664
shp_715_143,28.707195,77.178627,25,1632.576
shp_715_143,28.707226,77.178581,26,1638.079
shp_715_143,28.707348,77.178429,27,1657.881
shp_715_143,28.707462,77.178337,28,1673.715
shp_715_144,28.692163,77.279541,1,0.0
shp_715_144,28.691206,77.27906,2,116.548
shp_715_144,28.69105,77.278969,3,136.087
shp_715_144,28.690895,77.278893,4,154.807
shp_715_144,28.690954,77.278809,5,165.268
shp_715_144,28.691303,77.279015,6,209.003
shp_715_144,28.693441,77.280083,7,468.899
shp_715_144,28.694036,77.280357,8,540.256
shp_715_144,28.694036,77.280357,9,540.256
shp_715_144,28.694223,77.280441,10,562.896
shp_715_144,28.694464,77.280571,11,592.174
shp_715_144,28.694464,77.280571,12,592.174
shp_715_144,28.696947,77.281868,13,896.439
shp_715_144,28.696947,77.281868,14,896.439
shp_715_144,28.699554,77.283203,15,1214.585
shp_715_144,28.699932,77.283348,16,1258.991
shp_715_144,28.700029,77.283394,17,1270.663
shp_715_144,28.700357,77.283478,18,1308.117
shp_715_144,28.7013,77.283592,19,1413.594
shp_715_144,28.70142,77.283592,20,1426.933
shp_715_144,28.701534,77.283546,21,1440.271
shp_715_144,28.701637,77.283478,22,1453.616
shp_715_144,28.701721,77.283379,23,1466.951
shp_715_144,28.701838,77.281647,24,1636.595
shp_715_144,28.702087,77.279503,25,1847.818
shp_715_144,28.702156,77.279099,26,1888.324
shp_715_144,28.702429,77.275887,27,2203.403
shp_715_144,28.702629,77.273788,28,2409.583
shp_715_144,28.702738,77.272461,29,2539.251
shp_715_144,28.702618,77.272385,30,2554.932
shp_715_144,28.702444,77.272346,31,2574.503
shp_715_144,28.702456,77.272278,32,2581.478
shp_715_144,28.702499,77.27227,33,2586.312
shp_715_144,28.702499,77.27227,34,2586.312
shp_715_144,28.702745,77.272247,35,2613.926
shp_715_144,28.702915,77.269936,36,2841.051
shp_715_144,28.702957,77.269142,37,2918.316
shp_715_144,28.703016,77.268524,38,2978.754
shp_715_144,28.703184,77.266144,39,3211.845
shp_715_144,28.70322,77.265465,40,3278.833
shp_715_145,28.692163,77.279541,1,0.0
shp_715_145,28.691206,77.27906,2,116.548
shp_715_145,28.69105,77.278969,3,136.087
shp_715_145,28.689375,77.278152,4,338.68
shp_715_145,28.689268,77.278099,5,352.003
shp_715_145,28.688887,77.27784,6,401.309
shp_715_145,28.686419,77.276459,7,707.39
shp_715_145,28.686419,77.276459,8,707.39
shp_715_145,28.685698,77.276062,9,796.684
shp_715_145,28.684731,77.275597,10,913.242
shp_715_145,28.684223,77.275391,11,973.424
shp_715_145,28.683765,77.275269,12,1025.675
shp_715_146,28.519775,77.294891,1,0.0
shp_715_146,28.518497,77.295525,2,155.204
shp_715_146,28.516052,77.296547,3,445.191
shp_715_146,28.512678,77.29792,4,844.163
shp_715_146,28.511486,77.298515,5,988.883
shp_715_146,28.510584,77.298897,6,1096.181
shp_715_146,28.509298,77.299393,7,1247.317
shp_715_146,28.508677,77.299606,8,1319.644
shp_715_146,28.507915,77.299919,9,1409.716
shp_715_146,28.507849,77.299652,10,1436.738
shp_715_146,28.508144,77.299538,11,1471.617
shp_715_146,28.509449,77.298981,12,1626.709
shp_715_146,28.509783,77.298828,13,1666.779
shp_715_146,28.511578,77.298073,14,1879.615
shp_715_146,28.511711,77.298058,15,1894.584
shp_715_146,28.511803,77.298065,16,1904.915
shp_715_146,28.51248,77.297791,17,1985.004
shp_715_146,28.512413,77.297539,18,2010.845
shp_715_146,28.51396,77.296883,19,2194.549
shp_715_146,28.513767,77.296089,20,2275.039
shp_715_146,28.513744,77.295937,21,2289.964
shp_715_146,28.513723,77.295563,22,2326.932
shp_715_146,28.513704,77.29554,23,2329.792
shp_715_146,28.513687,77.29554,24,2331.808
shp_715_146,28.513414,77.295616,25,2363.005
shp_715_146,28.513414,77.295616,26,2363.005
shp_715_146,28.513018,77.295731,27,2408.613
shp_715_146,28.512644,77.295845,28,2451.648
shp_715_146,28.512108,77.296043,29,2514.305
shp_715_146,28.512108,77.296043,30,2514.305
shp_715_146,28.511618,77.296204,31,2571.323
shp_715_146,28.510881,77.296478,32,2657.216
shp_715_146,28.509384,77.297127,33,2835.551
shp_715_146,28.509481,77.29763,34,2886.076
shp_715_146,28.509727,77.298622,35,2986.722
shp_715_146,28.509266,77.298843,36,3042.673
shp_715_146,28.50835,77.299248,37,3151.905
shp_715_147,28.519775,77.294891,1,0.0
shp_715_147,28.518497,77.295525,2,155.204
shp_715_147,28.516052,77.296547,3,445.191
shp_715_147,28.515152,77.296913,4,551.552
shp_715_147,28.515152,77.296913,5,551.552
shp_715_147,28.514147,77.297318,6,670.225
shp_715_147,28.514204,77.297501,7,689.191
shp_715_147,28.514204,77.297501,8,689.191
shp_715_147,28.514378,77.298058,9,747.03
shp_715_147,28.514381,77.298126,10,754.0
shp_715_147,28.514366,77.298462,11,787.031
shp_715_147,28.51438,77.298553,12,795.913
shp_715_147,28.514681,77.299469,13,891.361
shp_715_147,28.514687,77.299576,14,901.751
shp_715_147,28.514679,77.299652,15,909.452
shp_715_147,28.514244,77.30069,16,1021.667
shp_715_147,28.514244,77.30069,17,1021.667
shp_715_147,28.514072,77.301094,18,1065.838
shp_715_147,28.513659,77.30088,19,1116.358
shp_715_147,28.513605,77.300865,20,1122.365
shp_715_147,28.513449,77.30085,21,1139.856
shp_715_147,28.513323,77.30088,22,1154.149
shp_715_147,28.513142,77.30098,23,1176.654
shp_715_147,28.513023,77.301033,24,1190.479
shp_715_147,28.513023,77.301033,25,1190.479
shp_715_147,28.512297,77.301331,26,1276.616
shp_715_147,28.512297,77.301331,27,1276.616
shp_715_147,28.511751,77.301575,28,1341.97
shp_715_147,28.511751,77.301575,29,1341.97
shp_715_147,28.510622,77.302086,30,1477.091
shp_715_147,28.510622,77.302086,31,1477.091
shp_715_147,28.510403,77.302185,32,1503.329
shp_715_147,28.510782,77.303299,33,1620.238
shp_715_148,28.678667,77.383904,1,0.0
shp_715_148,28.67865,77.3843,2,38.338
shp_715_148,28.678534,77.38623,3,227.708
shp_715_148,28.678425,77.386749,4,279.773
shp_715_148,28.678225,77.387619,5,367.087
shp_715_148,28.677748,77.389473,6,555.741
shp_715_148,28.678459,77.389641,7,636.692
shp_715_148,28.67909,77.389771,8,708.208
shp_715_148,28.679663,77.389854,9,772.414
shp_715_148,28.680113,77.389877,10,822.466
shp_715_148,28.680511,77.389877,11,866.817
shp_715_148,28.681393,77.389839,12,965.14
shp_715_148,28.681749,77.389793,13,1004.988
shp_715_148,28.682062,77.389694,14,1041.248
shp_715_148,28.683224,77.389114,15,1182.313
shp_715_148,28.683516,77.388954,16,1218.386
shp_715_148,28.683638,77.388878,17,1233.766
shp_715_148,28.683767,77.389076,18,1257.712
shp_715_148,28.685007,77.391258,19,1511.747
shp_715_148,28.686092,77.393524,20,1764.057
shp_715_148,28.687719,77.39711,21,2158.111
shp_715_148,28.687889,77.397392,22,2191.49
shp_715_148,28.687979,77.397514,23,2206.93
shp_715_148,28.688046,77.397644,24,2221.649
shp_715_148,28.688122,77.397736,25,2234.065
shp_715_148,28.68821,77.397743,26,2243.965
shp_715_148,28.688393,77.397743,27,2264.295
shp_715_148,28.690273,77.39798,28,2474.956
shp_715_148,28.690531,77.398102,29,2505.766
shp_715_148,28.690874,77.398376,30,2552.696
shp_715_148,28.693092,77.400673,31,2886.505
shp_715_148,28.69335,77.400818,32,2918.3
shp_715_148,28.693745,77.400894,33,2963.036
shp_715_148,28.696148,77.400993,34,3230.629
shp_715_148,28.696592,77.400902,35,3280.865
shp_715_148,28.696791,77.400833,36,3304.149
shp_715_148,28.69783,77.400574,37,3422.501
shp_715_148,28.69783,77.400574,38,3422.501
shp_715_148,28.700075,77.400009,39,3678.342
shp_715_148,28.700439,77.400024,40,3718.894
shp_715_148,28.70092,77.400253,41,3776.933
shp_715_148,28.701488,77.401016,42,3875.049
shp_715_148,28.701488,77.401016,43,3875.049
shp_715_148,28.702471,77.402336,44,4044.119
shp_715_148,28.702606,77.402679,45,4080.694
shp_715_148,28.702858,77.403778,46,4191.53
shp_715_148,28.702858,77.404305,47,4243.172
shp_715_148,28.702726,77.404968,48,4309.305
shp_715_148,28.702431,77.405754,49,4393.114
shp_715_148,28.702084,77.406509,50,4476.077
shp_715_148,28.70182,77.407028,51,4534.611
shp_715_148,28.701746,77.407143,52,4548.315
shp_715_148,28.701681,77.407265,53,4562.325
shp_715_148,28.701681,77.407265,54,4562.325
shp_715_148,28.70142,77.407761,55,4619.117
shp_715_148,28.701069,77.408806,56,4728.569
shp_715_148,28.70105,77.409027,57,4750.128
shp_715_148,28.701118,77.409271,58,4774.797
shp_715_148,28.701302,77.409622,59,4815.054
shp_715_148,28.702572,77.412415,60,5121.971
shp_715_148,28.70266,77.412582,61,5140.851
shp_715_148,28.702692,77.412666,62,5150.245
shp_715_148,28.70277,77.412827,63,5168.003
shp_715_148,28.702906,77.413162,64,5204.292
shp_715_148,28.703403,77.414177,65,5317.333
shp_715_148,28.703566,77.41452,66,5355.838
shp_715_148,28.703566,77.41452,67,5355.838
shp_715_148,28.704004,77.415459,68,5459.651
shp_715_148,28.704128,77.415764,69,5492.182
shp_715_148,28.704264,77.41613,70,5531.26
shp_715_148,28.704269,77.416237,71,5541.201
shp_715_148,28.704256,77.416306,72,5548.296
shp_715_148,28.70421,77.41642,73,5560.554
shp_715_148,28.704088,77.416618,74,5584.331
shp_715_148,28.703766,77.416985,75,5635.08
shp_715_148,28.702932,77.417969,76,5768.575
shp_715_148,28.702921,77.418015,77,5772.871
shp_715_148,28.702869,77.418068,78,5781.013
shp_715_148,28.702835,77.418076,79,5784.846
shp_715_148,28.701687,77.419411,80,5967.829
shp_715_148,28.701323,77.419983,81,6036.456
shp_715_148,28.70048,77.421616,82,6221.673
shp_715_148,28.698269,77.425835,83,6701.385
shp_715_148,28.699474,77.42688,84,6869.957
shp_715_148,28.700478,77.427795,85,7013.258
shp_715_148,28.700998,77.42836,86,7092.784
shp_715_148,28.701044,77.428436,87,7101.768
shp_715_148,28.701536,77.428902,88,7173.237
shp_715_148,28.70302,77.430389,89,7392.891
shp_715_149,28.678465,77.383896,1,0.0
shp_715_149,28.678558,77.381256,2,257.745
shp_715_149,28.678568,77.380402,3,341.431
shp_715_149,28.678345,77.375412,4,829.352
shp_715_149,28.678276,77.373695,5,997.271
shp_715_149,28.678185,77.371773,6,1184.937
shp_715_149,28.678185,77.371773,7,1184.937
shp_715_149,28.678123,77.370491,8,1310.485
shp_715_149,28.678123,77.370491,9,1310.485
shp_715_149,28.677784,77.363678,10,1977.216
shp_715_149,28.677784,77.363678,11,1977.216
shp_715_149,28.677635,77.360672,12,2271.14
shp_715_149,28.677614,77.359871,13,2349.17
shp_715_149,28.67758,77.359795,14,2357.736
shp_715_149,28.677574,77.359749,15,2362.038
shp_715_149,28.677584,77.359665,16,2370.61
shp_715_149,28.677599,77.359627,17,2374.917
shp_715_149,28.677505,77.358147,18,2519.273
shp_715_149,28.677505,77.358147,19,2519.273
shp_715_149,28.677357,77.355301,20,2797.807
shp_715_149,28.677338,77.354607,21,2866.03
shp_715_149,28.677288,77.354027,22,2922.804
shp_715_149,28.677244,77.352753,23,3047.077
shp_715_149,28.677015,77.347855,24,3526.395
shp_715_149,28.676954,77.345604,25,3746.179
shp_715_149,28.676954,77.345604,26,3746.179
shp_715_149,28.676819,77.342644,27,4035.88
shp_715_149,28.676733,77.340172,28,4277.278
shp_715_149,28.676664,77.337708,29,4517.862
shp_715_149,28.676664,77.337708,30,4517.862
shp_715_149,28.676617,77.335579,31,4725.974
shp_715_149,28.67658,77.334534,32,4827.838
shp_715_149,28.676575,77.333916,33,4888.29
shp_715_150,28.657766,77.140442,1,0.0
shp_715_150,28.657555,77.140617,2,29.061
shp_715_150,28.657177,77.139946,3,106.843
shp_715_150,28.657074,77.139748,4,129.493
shp_715_150,28.656773,77.139969,5,169.352
shp_715_150,28.656654,77.140236,6,198.554
shp_715_150,28.656536,77.140404,7,219.779
shp_715_150,28.65625,77.139893,8,278.931
shp_715_150,28.656012,77.140511,9,345.01
shp_715_150,28.655811,77.141045,10,401.927
shp_715_150,28.655811,77.141045,11,401.927
shp_715_150,28.655375,77.142151,12,520.001
shp_715_150,28.655125,77.142982,13,605.965
shp_715_150,28.655125,77.142982,14,605.965
shp_715_150,28.654854,77.143929,15,703.512
shp_715_150,28.654854,77.143929,16,703.512
shp_715_150,28.65476,77.144279,17,739.061
shp_715_150,28.65449,77.145218,18,835.615
shp_715_150,28.654373,77.145424,19,859.397
shp_715_150,28.654089,77.145859,20,912.328
shp_715_150,28.653891,77.146202,21,952.871
shp_715_150,28.653688,77.146591,22,996.927
shp_715_151,28.657877,77.142426,1,0.0
shp_715_151,28.65884,77.144333,2,214.745
shp_715_151,28.658932,77.14447,3,232.015
shp_715_151,28.659266,77.145134,4,306.892
shp_715_151,28.660673,77.147827,5,612.945
shp_715_151,28.660688,77.147903,6,620.065
shp_715_151,28.660688,77.147903,7,620.065
shp_715_151,28.660872,77.148804,8,710.668
shp_715_151,28.661047,77.149559,9,787.103
shp_715_151,28.661047,77.149559,10,787.103
shp_715_151,28.661131,77.149918,11,822.923
shp_715_151,28.661316,77.150414,12,875.62
shp_715_151,28.66227,77.152451,13,1101.289
shp_715_151,28.662792,77.153694,14,1236.014
shp_715_151,28.662792,77.153694,15,1236.014
shp_715_151,28.663139,77.154518,16,1325.172
shp_715_151,28.663139,77.154518,17,1325.172
shp_715_151,28.663803,77.156067,18,1493.721
shp_715_151,28.664337,77.157188,19,1618.25
shp_715_151,28.664337,77.157188,20,1618.25
shp_715_151,28.664574000000002,77.157776,21,1681.793
shp_715_151,28.664795,77.158371,22,1744.768
shp_715_151,28.66494,77.158798,23,1789.298
shp_715_151,28.66494,77.158798,24,1789.298
shp_715_151,28.665245,77.159706,25,1884.293
shp_715_151,28.666451,77.163345,26,2264.368
shp_715_151,28.666555,77.163506,27,2283.927
shp_715_151,28.66663,77.163528,28,2292.528
shp_715_151,28.666691,77.163582,29,2301.146
shp_715_151,28.666731,77.163658,30,2309.752
shp_715_151,28.66688,77.163757,31,2328.923
shp_715_151,28.668211,77.164391,32,2489.397
shp_715_151,28.668346,77.164383,33,2504.404
shp_715_151,28.668461,77.164368,34,2517.388
shp_715_151,28.668579,77.164375,35,2530.476
shp_715_151,28.668661,77.164452,36,2542.129
shp_715_151,28.66876,77.164436,37,2553.183
shp_715_151,28.668896,77.164482,38,2568.857
shp_715_151,28.669004,77.164604,39,2585.882
shp_715_151,28.669033,77.164734,40,2598.615
shp_715_151,28.669252,77.164833,41,2624.879
shp_715_151,28.669355,77.164795,42,2636.825
shp_715_151,28.670023,77.165176,43,2719.997
shp_715_151,28.67024,77.165321,44,2747.981
shp_715_151,28.670406,77.165459,45,2770.788
shp_715_151,28.67049,77.165558,46,2784.058
shp_715_151,28.670599,77.165794,47,2810.124
shp_715_151,28.670732,77.166039,48,2838.507
shp_715_151,28.670856,77.166298,49,2866.882
shp_715_151,28.670856,77.166298,50,2866.882
shp_715_151,28.670906,77.166397,51,2878.192
shp_715_151,28.671692,77.167816,52,3042.047
shp_715_151,28.672213,77.168846,53,3158.129
shp_715_151,28.672346,77.168938,54,3175.643
shp_715_152,28.62977,77.276939,1,0.0
shp_715_152,28.62892,77.277725,2,122.122
shp_715_152,28.628523,77.278076,3,178.034
shp_715_152,28.627991,77.278618,4,256.994
shp_715_152,28.626865,77.279778,5,426.246
shp_715_152,28.626659,77.280037,6,460.449
shp_715_152,28.625866,77.280861,7,580.047
shp_715_152,28.624763,77.281952,8,742.116
shp_715_152,28.624046,77.282684,9,849.811
shp_715_152,28.623394,77.28334,10,946.661
shp_715_152,28.623394,77.28334,11,946.661
shp_715_152,28.622784,77.283958,12,1037.573
shp_715_152,28.622622,77.284103,13,1060.547
shp_715_152,28.622349,77.284317,14,1097.209
shp_715_152,28.621595,77.284782,15,1192.516
shp_715_152,28.62051,77.285431,16,1329.286
shp_715_152,28.619097,77.286339,17,1509.826
shp_715_152,28.619097,77.286339,18,1509.826
shp_715_152,28.618778,77.286545,19,1550.526
shp_715_152,28.61874,77.286613,20,1558.505
shp_715_152,28.618723,77.286667,21,1564.21
shp_715_152,28.618711,77.286743,22,1571.336
shp_715_152,28.61871,77.286819,23,1579.154
shp_715_152,28.618774,77.287064,24,1603.83
shp_715_152,28.619446,77.288757,25,1785.573
shp_715_152,28.619787,77.289703,26,1885.782
shp_715_152,28.619884,77.289879,27,1905.965
shp_715_152,28.620224,77.290428,28,1971.527
shp_715_152,28.620577,77.291412,29,2075.189
shp_715_152,28.620859,77.292267,30,2164.774
shp_715_152,28.621069,77.292877,31,2228.351
shp_715_152,28.621302,77.29351,32,2295.344
shp_715_152,28.621431,77.293938,33,2339.807
shp_715_152,28.62155,77.294258,34,2373.635
shp_715_152,28.621841,77.295135,35,2465.297
shp_715_152,28.622025,77.295074,36,2486.395
shp_715_153,28.629871,77.276413,1,0.0
shp_715_153,28.631817,77.279312,2,356.966
shp_715_153,28.632364,77.280144,3,458.046
shp_715_153,28.633118,77.281242,4,594.459
shp_715_153,28.633532,77.281876,5,671.869
shp_715_153,28.63401,77.282654,6,764.9
shp_715_153,28.635292,77.284592,7,1001.777
shp_715_153,28.635603,77.285095,8,1061.957
shp_715_153,28.636026,77.285721,9,1139.059
shp_715_153,28.636076,77.285805,10,1149.065
shp_715_153,28.635946,77.285851,11,1164.081
shp_715_153,28.635845,77.285858,12,1175.476
shp_715_153,28.635714,77.285866,13,1190.151
shp_715_153,28.635248,77.285934,14,1242.42
shp_715_153,28.63464,77.285988,15,1310.365
shp_715_153,28.633389,77.286072,16,1449.722
shp_715_153,28.632448,77.286148,17,1554.745
shp_715_153,28.632603,77.287727,18,1710.185
shp_715_153,28.632624,77.287819,19,1719.875
shp_715_153,28.632669,77.287903,20,1729.466
shp_715_153,28.634283,77.290009,21,2002.503
shp_715_153,28.634283,77.290009,22,2002.503
shp_715_153,28.635138,77.291107,23,2146.042
shp_715_153,28.633415,77.29287,24,2403.518
shp_715_153,28.633217,77.293045,25,2431.57
shp_715_153,28.633055,77.293259,26,2458.858
shp_715_153,28.632971,77.293503,27,2484.424
shp_715_153,28.632921,77.293602,28,2495.926
shp_715_153,28.632858,77.293823,29,2518.231
shp_715_153,28.632727,77.294167,30,2554.762
shp_715_153,28.632595,77.294426,31,2584.526
shp_715_153,28.632523,77.294556,32,2599.204
shp_715_153,28.631983,77.295128,33,2681.333
shp_715_153,28.631479,77.295609,34,2754.49
shp_715_153,28.629744,77.297028,35,2992.474
shp_715_154,28.62977,77.276939,1,0.0
shp_715_154,28.62892,77.277725,2,122.122
shp_715_154,28.628523,77.278076,3,178.034
shp_715_154,28.627991,77.278618,4,256.994
shp_715_154,28.626865,77.279778,5,426.246
shp_715_154,28.626659,77.280037,6,460.449
shp_715_154,28.625866,77.280861,7,580.047
shp_715_154,28.624763,77.281952,8,742.116
shp_715_154,28.624046,77.282684,9,849.811
shp_715_154,28.623053,77.283684,10,997.279
shp_715_154,28.622784,77.283958,11,1037.576
shp_715_154,28.622622,77.284103,12,1060.55
shp_715_154,28.622349,77.284317,13,1097.211
shp_715_154,28.621595,77.284782,14,1192.518
shp_715_154,28.621647,77.284874,15,1203.393
shp_715_154,28.621706,77.284958,16,1213.794
shp_715_154,28.621822,77.285004,17,1227.432
shp_715_154,28.622383,77.285149,18,1291.656
shp_715_154,28.623032,77.285294,19,1365.193
shp_715_154,28.623545,77.2854,20,1423.205
shp_715_154,28.624262,77.285576,21,1504.729
shp_715_154,28.624676,77.28569,22,1552.229
shp_715_154,28.625385,77.28582,23,1632.181
shp_715_154,28.625385,77.285904,24,1640.135
shp_715_154,28.625452,77.286003,25,1652.748
shp_715_154,28.625563,77.286041,26,1665.463
shp_715_154,28.626766,77.28614,27,1799.87
shp_715_154,28.626764,77.286217,28,1807.044
shp_715_154,28.626783,77.286278,29,1813.631
shp_715_154,28.626802,77.287788,30,1960.975
shp_715_154,28.626787,77.287865,31,1968.647
shp_715_154,28.626797,77.287994,32,1981.556
shp_715_154,28.626787,77.288132,33,1994.906
shp_715_154,28.626751,77.288231,34,2005.264
shp_715_154,28.626656,77.288368,35,2022.323
shp_715_154,28.626593,77.288437,36,2032.335
shp_715_154,28.626375,77.288628,37,2062.629
shp_715_154,28.626188,77.288757,38,2086.944
shp_715_154,28.625952,77.288887,39,2116.245
shp_715_154,28.625731,77.289032,40,2144.797
shp_715_154,28.625565,77.289177,41,2167.829
shp_715_154,28.625353,77.289398,42,2199.771
shp_715_154,28.625282,77.289474,43,2210.806
shp_715_155,28.682438,77.028282,1,0.0
shp_715_155,28.682741,77.024193,2,401.04
shp_715_155,28.683088,77.019669,3,844.475
shp_715_155,28.683321,77.018394,4,971.275
shp_715_155,28.683371,77.017815,5,1028.661
shp_715_155,28.683371,77.017815,6,1028.661
shp_715_155,28.68351,77.016159,7,1190.947
shp_715_155,28.683548,77.014366,8,1366.219
shp_715_155,28.684811,77.000053,9,2770.564
shp_715_155,28.684811,77.000053,10,2770.564
shp_715_155,28.685118,76.996315,11,3137.81
shp_715_155,28.685118,76.996315,12,3137.81
shp_715_155,28.68544,76.992302,13,3530.855
shp_715_155,28.685833,76.987862,14,3967.208
shp_715_155,28.686041,76.985397,15,4209.046
shp_715_155,28.686354,76.981941,16,4548.093
shp_715_155,28.686354,76.981941,17,4548.093
shp_715_155,28.686632,76.978867,18,4850.043
shp_715_155,28.686895,76.975746,19,5156.205
shp_715_155,28.686895,76.975746,20,5156.205
shp_715_155,28.687031,76.974098,21,5317.735
shp_715_155,28.687031,76.974098,22,5317.735
shp_715_155,28.687119,76.973045,23,5420.621
shp_715_155,28.687336,76.970695,24,5651.502
shp_715_155,28.687365,76.970322,25,5688.591
shp_715_155,28.687927,76.964073,26,6301.717
shp_715_155,28.687927,76.964073,27,6301.717
shp_715_155,28.688049,76.962723,28,6434.281
shp_715_155,28.688217,76.961311,29,6573.245
shp_715_156,28.68257,77.028297,1,0.0
shp_715_156,28.682512,77.028938,2,62.901
shp_715_156,28.682472,77.02993,3,160.217
shp_715_156,28.682447,77.032692,4,429.714
shp_715_156,28.682367,77.037796,5,928.109
shp_715_156,28.682367,77.037796,6,928.109
shp_715_156,28.682293,77.043938,7,1527.94
shp_715_156,28.682293,77.043938,8,1527.94
shp_715_156,28.68227,77.046646,9,1792.434
shp_715_156,28.68227,77.046646,10,1792.434
shp_715_156,28.682215,77.053932,11,2504.061
shp_715_156,28.682215,77.053932,12,2504.061
shp_715_156,28.682268,77.058357,13,2935.944
shp_715_156,28.682289,77.059036,14,3002.707
shp_715_156,28.682245,77.059784,15,3075.974
shp_715_156,28.682207,77.060242,16,3120.627
shp_715_156,28.682184,77.063095,17,3399.673
shp_715_156,28.682184,77.064728,18,3558.722
shp_715_157,28.624409,77.136536,1,0.0
shp_715_157,28.624468,77.13652,2,6.734
shp_715_157,28.624662,77.136497,3,28.342
shp_715_157,28.624954,77.136436,4,61.384
shp_715_157,28.624599,77.135185,5,190.095
shp_715_157,28.626436,77.134514,6,404.757
shp_715_157,28.626318,77.134109,7,446.623
shp_715_157,28.626427,77.134064,8,459.378
shp_715_157,28.626875,77.135582,9,615.543
shp_715_157,28.626875,77.135582,10,615.543
shp_715_157,28.626896,77.135651,11,622.651
shp_715_157,28.627054,77.135902,12,653.016
shp_715_157,28.627308,77.136131,13,689.029
shp_715_157,28.627821,77.136444,14,753.717
shp_715_157,28.629616,77.137436,15,975.937
shp_715_157,28.629616,77.137436,16,975.937
shp_715_157,28.631315,77.13838199999999,17,1186.287
shp_715_157,28.631315,77.13838199999999,18,1186.287
shp_715_157,28.632132,77.138832,19,1287.319
shp_715_157,28.635622,77.140778,20,1719.997
shp_715_157,28.635946,77.140976,21,1760.905
shp_715_157,28.636333,77.141235,22,1810.913
shp_715_157,28.637474,77.142136,23,1965.29
shp_715_157,28.638952,77.143272,24,2163.82
shp_715_157,28.638952,77.143272,25,2163.82
shp_715_157,28.640049,77.144112,26,2311.138
shp_715_157,28.642738,77.146248,27,2675.952
shp_715_157,28.642738,77.146248,28,2675.952
shp_715_157,28.647369,77.149902,29,3303.102
shp_715_157,28.647369,77.149902,30,3303.102
shp_715_157,28.648609,77.150887,31,3471.324
shp_715_157,28.648849,77.151123,32,3506.663
shp_715_157,28.649113,77.151527,33,3555.688
shp_715_157,28.649389,77.151993,34,3610.577
shp_715_157,28.650047,77.15332,35,3759.287
shp_715_157,28.650047,77.15332,36,3759.287
shp_715_157,28.650291,77.153809,37,3814.6
shp_715_157,28.650362,77.153938,38,3829.619
shp_715_157,28.650623,77.15448,39,3889.807
shp_715_157,28.651146,77.155388,40,3995.705
shp_715_157,28.651146,77.155388,41,3995.705
shp_715_157,28.651262,77.155586,42,4019.206
shp_715_157,28.651802,77.156364,43,4115.771
shp_715_157,28.652256,77.157043,44,4199.106
shp_715_157,28.652369,77.157188,45,4218.05
shp_715_157,28.652332,77.157249,46,4225.385
shp_715_157,28.652206,77.157127,47,4243.895
shp_715_157,28.651751,77.156471,48,4325.637
shp_715_158,28.68396,76.989822,1,0.0
shp_715_158,28.685106,76.996445,2,658.97
shp_715_158,28.685106,76.996445,3,658.97
shp_715_158,28.685274,76.99437,4,862.414
shp_715_158,28.685274,76.99437,5,862.414
shp_715_158,28.68544,76.992302,6,1064.776
shp_715_158,28.685833,76.987862,7,1501.129
shp_715_158,28.686041,76.985397,8,1742.968
shp_715_158,28.686632,76.978867,9,2383.965
shp_715_158,28.686771,76.977196,10,2547.81
shp_715_158,28.686771,76.977196,11,2547.81
shp_715_158,28.687119,76.973045,12,2954.542
shp_715_158,28.687336,76.970695,13,3185.424
shp_715_158,28.687365,76.970322,14,3222.512
shp_715_158,28.687927,76.964073,15,3835.639
shp_715_158,28.687927,76.964073,16,3835.639
shp_715_158,28.688049,76.962723,17,3968.203
shp_715_158,28.688055,76.962685,18,3971.658
shp_715_159,28.68396,76.989822,1,0.0
shp_715_159,28.682617,77.027794,2,3711.469
shp_715_159,28.682617,77.027794,3,3711.469
shp_715_159,28.682512,77.028938,4,3823.633
shp_715_159,28.682472,77.02993,5,3920.949
shp_715_159,28.682467,77.030571,6,3983.402
shp_715_159,28.682467,77.030571,7,3983.402
shp_715_159,28.682447,77.032692,8,4190.446
shp_715_159,28.682409,77.035172,9,4432.293
shp_715_159,28.682409,77.035172,10,4432.293
shp_715_159,28.682381,77.036949,11,4605.927
shp_715_159,28.682381,77.036949,12,4605.927
shp_715_159,28.682346,77.039131,13,4819.455
shp_715_159,28.682333,77.040375,14,4940.581
shp_715_159,28.682333,77.040375,15,4940.581
shp_715_159,28.682293,77.043938,16,5288.673
shp_715_159,28.682293,77.043938,17,5288.673
shp_715_159,28.682257,77.048416,18,5725.991
shp_715_159,28.682257,77.048416,19,5725.991
shp_715_159,28.682222,77.052345,20,6109.775
shp_715_159,28.682222,77.052345,21,6109.775
shp_715_159,28.682215,77.054062,22,6277.792
shp_715_159,28.682226,77.055176,23,6386.498
shp_715_159,28.682226,77.055176,24,6386.498
shp_715_159,28.68224,77.056236,25,6489.84
shp_715_159,28.68224,77.056236,26,6489.84
shp_715_159,28.682268,77.058357,27,6696.682
shp_715_159,28.682289,77.059036,28,6763.444
shp_715_159,28.682245,77.059784,29,6836.711
shp_715_159,28.682207,77.060242,30,6881.365
shp_715_159,28.682184,77.063095,31,7160.411
shp_715_159,28.682184,77.064728,32,7319.459
shp_715_160,28.695637,77.152428,1,0.0
shp_715_160,28.700039,77.150826,2,514.415
shp_715_160,28.700039,77.150826,3,514.415
shp_715_160,28.700045,77.150803,4,516.586
shp_715_160,28.70064,77.150047,5,615.968
shp_715_160,28.701864,77.148521,6,817.56
shp_715_160,28.701864,77.148521,7,817.56
shp_715_160,28.702473,77.147774,8,917.587
shp_715_160,28.702473,77.147774,9,917.587
shp_715_160,28.70306,77.147041,10,1014.263
shp_715_160,28.70306,77.147041,11,1014.263
shp_715_160,28.70368,77.146271,12,1116.19
shp_715_160,28.704269,77.145515,13,1214.885
shp_715_160,28.704655,77.14505,14,1277.402
shp_715_160,28.704655,77.14505,15,1277.402
shp_715_160,28.705574,77.143929,16,1427.544
shp_715_161,28.589071,77.301582,1,0.0
shp_715_161,28.589085,77.301224,2,34.718
shp_715_161,28.589081,77.301094,3,47.746
shp_715_161,28.589216,77.300858,4,75.226
shp_715_161,28.589947,77.299797,5,207.044
shp_715_161,28.590286,77.299271,6,271.166
shp_715_161,28.590305,77.299194,7,278.865
shp_715_161,28.59042,77.299042,8,298.383
shp_715_161,28.590498,77.298958,9,309.981
shp_715_161,28.590996,77.299408,10,380.61
shp_715_161,28.592047,77.300316,11,527.68
shp_715_161,28.592644,77.300804,12,609.28
shp_715_161,28.593102,77.301193,13,673.037
shp_715_161,28.594431,77.302422,14,863.696
shp_715_161,28.595911,77.303642,15,1066.817
shp_715_161,28.598074,77.305466,16,1366.393
shp_715_161,28.598764,77.306084,17,1464.125
shp_715_161,28.600348,77.307442,18,1684.674
shp_715_161,28.604309,77.310883,19,2239.425
shp_715_161,28.604166,77.31089,20,2255.313
shp_715_161,28.604017,77.311073,21,2280.097
shp_715_161,28.603628,77.311638,22,2350.107
shp_715_161,28.603193,77.312233,23,2425.789
shp_715_161,28.602736,77.312897,24,2508.182
shp_715_161,28.602564,77.313171,25,2541.331
shp_715_161,28.602133,77.313766,26,2616.781
shp_715_161,28.602081,77.31385,27,2626.454
shp_715_161,28.602081,77.31385,28,2626.454
shp_715_161,28.601942,77.314064,29,2652.738
shp_715_161,28.600756,77.315811,30,2868.689
shp_715_161,28.600262,77.316612,31,2964.024
shp_715_161,28.599764,77.317291,32,3050.752
shp_715_161,28.599436,77.317802,33,3112.315
shp_715_161,28.59849,77.319191,34,3284.201
shp_715_161,28.598108,77.319702,35,3350.112
shp_715_161,28.598574,77.320473,36,3441.089
shp_715_161,28.599293,77.321548,37,3573.198
shp_715_161,28.599775,77.322327,38,3666.745
shp_715_161,28.600111,77.322807,39,3726.258
shp_715_161,28.600321,77.323143,40,3766.771
shp_715_161,28.601215,77.324661,41,3945.386
shp_715_161,28.601215,77.324661,42,3945.386
shp_715_161,28.601629,77.325356,43,4027.748
shp_715_161,28.601877,77.325745,44,4074.756
shp_715_161,28.601952,77.325684,45,4085.203
shp_715_162,28.546095,77.250999,1,0.0
shp_715_162,28.545547,77.249504,2,158.129
shp_715_162,28.545338,77.24897,3,215.81
shp_715_162,28.544743,77.247383,4,384.103
shp_715_162,28.544605,77.246773,5,445.763
shp_715_162,28.544405,77.246262,6,500.71
shp_715_162,28.544252,77.246048,7,527.627
shp_715_162,28.544214,77.246017,8,532.735
shp_715_162,28.544172,77.245995,9,537.838
shp_715_162,28.544128,77.245987,10,542.95
shp_715_162,28.544083,77.245987,11,548.061
shp_715_162,28.544037,77.246002,12,553.167
shp_715_162,28.542936,77.24662,13,689.711
shp_715_162,28.542374,77.247063,14,766.05
shp_715_162,28.541878,77.247635,15,844.751
shp_715_162,28.541788,77.247765,16,860.908
shp_715_162,28.541361,77.248466,17,944.396
shp_715_162,28.541204,77.248802,18,981.17
shp_715_162,28.540659,77.250008,19,1113.814
shp_715_162,28.539902,77.251717,20,1301.427
shp_715_162,28.539379,77.252922,21,1432.853
shp_715_162,28.538725,77.254387,22,1593.533
shp_715_162,28.538136,77.255791,23,1745.726
shp_715_162,28.537985,77.256104,24,1780.494
shp_715_162,28.53783,77.256409,25,1814.651
shp_715_162,28.53755,77.256805,26,1864.703
shp_715_162,28.5373,77.257095,27,1904.422
shp_715_162,28.537022,77.257324,28,1942.836
shp_715_162,28.53653,77.257759,29,2011.851
shp_715_162,28.535744,77.258125,30,2106.451
shp_715_162,28.535591,77.258209,31,2125.393
shp_715_162,28.535313,77.258392,32,2161.156
shp_715_162,28.5352,77.258545,33,2180.311
shp_715_162,28.535002,77.259033,34,2233.186
shp_715_162,28.534826,77.259544,35,2287.03
shp_715_162,28.534662,77.260078,36,2341.812
shp_715_162,28.534626,77.260109,37,2346.918
shp_715_162,28.534595,77.260178,38,2354.832
shp_715_162,28.533026,77.259621,39,2537.787
shp_715_162,28.530415,77.258606,40,2845.097
shp_715_162,28.529819,77.258354,41,2915.811
shp_715_162,28.529453,77.258224,42,2958.501
shp_715_162,28.527746,77.257561,43,3159.384
shp_715_162,28.528227,77.256172,44,3305.167
shp_715_162,28.528347,77.25576,45,3348.049
shp_715_162,28.528406,77.255524,46,3371.74
shp_715_162,28.528477,77.25518,47,3405.973
shp_715_162,28.528545,77.254959,48,3429.195
shp_715_162,28.528545,77.254959,49,3429.195
shp_715_162,28.528553,77.254936,50,3431.825
shp_715_162,28.527637,77.254547,51,3540.61
shp_715_162,28.52594,77.253906,52,3739.631
shp_715_162,28.52581,77.25383,53,3755.954
shp_715_162,28.525681,77.253716,54,3774.061
shp_715_162,28.525539,77.253578,55,3794.998
shp_715_162,28.525446,77.253464,56,3810.163
shp_715_162,28.524998,77.253891,57,3875.493
shp_715_162,28.524597,77.254311,58,3936.049
shp_715_162,28.524103,77.254791,59,4008.37
shp_715_162,28.523924,77.255005,60,4037.192
shp_715_162,28.523823,77.255188,61,4058.444
shp_715_162,28.523615,77.25589,62,4130.316
shp_715_162,28.523603,77.255943,63,4136.166
shp_715_162,28.523603,77.255943,64,4136.166
shp_715_162,28.523594,77.255997,65,4141.161
shp_715_162,28.52062,77.254845,66,4490.572
shp_715_162,28.517643,77.253761,67,4838.769
shp_715_162,28.517504,77.2537,68,4855.247
shp_715_162,28.517504,77.2537,69,4855.247
shp_715_162,28.516354,77.253304,70,4989.161
shp_715_162,28.514647,77.252678,71,5188.686
shp_715_162,28.514647,77.252678,72,5188.686
shp_715_162,28.512684,77.252007,73,5416.819
shp_715_162,28.512543,77.251976,74,5432.872
shp_715_162,28.512352,77.251953,75,5454.055
shp_715_162,28.511866,77.251923,76,5508.464
shp_715_162,28.511757,77.251907,77,5520.626
shp_715_162,28.511768,77.251663,78,5544.757
shp_715_162,28.511929,77.249702,79,5737.367
shp_715_162,28.51193,77.249504,80,5756.679
shp_715_162,28.51193,77.249504,81,5756.679
shp_715_162,28.511948,77.248627,82,5842.376
shp_715_162,28.512003,77.24749,83,5953.509
shp_715_162,28.51203,77.246513,84,6049.49
shp_715_162,28.512087,77.245285,85,6169.519
shp_715_162,28.512218,77.245285,86,6184.255
shp_715_162,28.512365,77.245285,87,6200.579
shp_715_163,28.68224,77.056236,1,0.0
shp_715_163,28.682268,77.058357,2,206.841
shp_715_163,28.682289,77.059036,3,273.604
shp_715_163,28.682245,77.059784,4,346.871
shp_715_163,28.68227,77.060417,5,408.419
shp_715_163,28.682268,77.062302,6,592.44
shp_715_163,28.682814,77.06234,7,653.199
shp_715_163,28.683483,77.062363,8,727.699
shp_715_163,28.68363,77.062378,9,744.239
shp_715_163,28.684542,77.062401,10,845.719
shp_715_163,28.685429,77.062508,11,944.911
shp_715_163,28.685429,77.062508,12,944.911
shp_715_163,28.685881,77.062569,13,995.537
shp_715_163,28.685995,77.062576,14,1008.38
shp_715_163,28.685995,77.062576,15,1008.38
shp_715_163,28.68626,77.062599,16,1037.872
shp_715_163,28.686346,77.062592,17,1047.583
shp_715_163,28.68644,77.062561,18,1058.283
shp_715_163,28.686703,77.062462,19,1089.029
shp_715_163,28.686754,77.061455,20,1188.087
shp_715_163,28.686913,77.059875,21,1343.095
shp_715_163,28.68705,77.058395,22,1488.809
shp_715_163,28.687195,77.056633,23,1661.297
shp_715_163,28.687195,77.056633,24,1661.297
shp_715_163,28.687294,77.055397,25,1782.28
shp_715_163,28.687357,77.055,26,1821.915
shp_715_163,28.687386,77.05442,27,1878.359
shp_715_163,28.688072,77.054283,28,1956.002
shp_715_163,28.689207,77.054008,29,2085.258
shp_715_163,28.689207,77.054008,30,2085.258
shp_715_163,28.689123,77.053871,31,2101.832
shp_715_163,28.690216,77.052696,32,2269.236
shp_715_163,28.690216,77.052696,33,2269.236
shp_715_163,28.690416,77.052467,34,2300.768
shp_715_163,28.690769,77.052101,35,2353.747
shp_715_163,28.690994,77.051834,36,2390.055
shp_715_163,28.691046,77.051888,37,2398.152
shp_715_163,28.691046,77.051888,38,2398.152
shp_715_163,28.691607,77.052513,39,2485.255
shp_715_163,28.691942,77.052841,40,2534.49
shp_715_163,28.692175,77.052399,41,2584.89
shp_715_163,28.692402,77.05201,42,2630.093
shp_715_163,28.692402,77.05201,43,2630.093
shp_715_163,28.692558,77.051743,44,2661.741
shp_715_163,28.693136,77.050697,45,2782.379
shp_715_163,28.693312,77.050301,46,2825.829
shp_715_163,28.69339,77.05011,47,2846.396
shp_715_163,28.693491,77.049835,48,2875.61
shp_715_163,28.693588,77.049522,49,2907.966
shp_715_163,28.693655,77.049286,50,2932.062
shp_715_163,28.693928,77.04818,51,3044.561
shp_715_163,28.694017,77.047882,52,3074.92
shp_715_163,28.694056,77.047798,53,3084.521
shp_715_163,28.694189,77.047623,54,3106.775
shp_715_163,28.694412,77.047424,55,3138.617
shp_715_164,28.682066,77.056236,1,0.0
shp_715_164,28.682062,77.055801,2,42.672
shp_715_164,28.682062,77.055801,3,42.672
shp_715_164,28.682047,77.05426,4,193.372
shp_715_164,28.682062,77.052208,5,393.575
shp_715_164,28.682062,77.052208,6,393.575
shp_715_164,28.682085,77.048706,7,735.593
shp_715_164,28.682085,77.048706,8,735.593
shp_715_164,28.682098,77.046806,9,921.084
shp_715_164,28.682098,77.046806,10,921.084
shp_715_164,28.682146,77.043373,11,1256.791
shp_715_164,28.682152,77.042236,12,1367.449
shp_715_164,28.682152,77.042236,13,1367.449
shp_715_164,28.682165,77.039131,14,1670.542
shp_715_164,28.682264,77.034912,15,2082.592
shp_715_164,28.682285,77.032455,16,2322.847
shp_715_164,28.682285,77.030556,17,2508.264
shp_715_164,28.682293,77.030022,18,2560.587
shp_715_164,28.682304,77.02961,19,2600.875
shp_715_164,28.682335,77.029358,20,2625.375
shp_715_165,28.68224,77.056236,1,0.0
shp_715_165,28.682268,77.058357,2,206.841
shp_715_165,28.682289,77.059036,3,273.604
shp_715_165,28.682245,77.059784,4,346.871
shp_715_165,28.682207,77.060242,5,391.524
shp_715_165,28.682184,77.063095,6,670.57
shp_715_165,28.682184,77.064728,7,829.619
shp_715_165,28.682184,77.064728,8,829.619
shp_715_165,28.682182,77.066444,9,997.038
shp_715_165,28.682146,77.068977,10,1244.591
shp_715_166,28.682257,77.064728,1,0.0
shp_715_166,28.682253,77.067795,2,299.638
shp_715_166,28.681965,77.06768,3,333.335
shp_715_166,28.681486,77.067467,4,390.658
shp_715_166,28.680918,77.067024,5,467.309
shp_715_166,28.680565,77.066719,6,516.874
shp_715_166,28.680565,77.066719,7,516.874
shp_715_166,28.680414,77.066589,8,537.745
shp_715_166,28.68037,77.06649,9,548.277
shp_715_166,28.680193,77.066353,10,572.133
shp_715_166,28.680193,77.066353,11,572.133
shp_715_166,28.680105,77.066292,12,583.888
shp_715_166,28.678978,77.065254,13,744.957
shp_715_166,28.678268,77.064545,14,850.261
shp_715_166,28.678268,77.064545,15,850.261
shp_715_166,28.677946,77.064201,16,899.228
shp_715_166,28.677673,77.06395,17,938.423
shp_715_166,28.677673,77.06395,18,938.423
shp_715_166,28.67734,77.063614,19,987.865
shp_715_166,28.676598,77.062912,20,1095.14
shp_715_166,28.676456,77.062836,21,1112.634
shp_715_166,28.676456,77.062836,22,1112.634
shp_715_166,28.676086,77.062553,23,1162.263
shp_715_166,28.675777,77.062279,24,1205.813
shp_715_166,28.674753,77.061348,25,1351.515
shp_715_166,28.674753,77.061348,26,1351.515
shp_715_166,28.673849,77.060493,27,1482.245
shp_715_166,28.672836,77.059685,28,1619.97
shp_715_166,28.672609,77.059494,29,1651.399
shp_715_166,28.672609,77.059494,30,1651.399
shp_715_166,28.671686,77.058716,31,1779.014
shp_715_166,28.670757,77.057922,32,1908.247
shp_715_166,28.670757,77.057922,33,1908.247
shp_715_166,28.670191,77.057449,34,1986.66
shp_715_166,28.669127,77.056496,35,2137.227
shp_715_166,28.668535,77.055984,36,2219.928
shp_715_166,28.668016,77.05558,37,2289.815
shp_715_166,28.668016,77.05558,38,2289.815
shp_715_166,28.667582,77.055244,39,2348.416
shp_715_166,28.667545,77.055206,40,2353.627
shp_715_166,28.667545,77.055206,41,2353.627
shp_715_166,28.667467,77.055138,42,2364.848
shp_715_166,28.667336,77.055038,43,2382.316
shp_715_166,28.665714,77.05394,44,2592.278
shp_715_166,28.665714,77.05394,45,2592.278
shp_715_166,28.665516,77.053802,46,2618.118
shp_715_166,28.664877,77.053322,47,2703.434
shp_715_166,28.664785,77.05323,48,2716.994
shp_715_166,28.664579,77.053047,49,2745.924
shp_715_166,28.664236,77.052574,50,2806.223
shp_715_166,28.664236,77.052574,51,2806.223
shp_715_166,28.663908,77.052162,52,2860.135
shp_715_166,28.663673,77.051895,53,2897.25
shp_715_166,28.663397,77.051537,54,2943.631
shp_715_166,28.663397,77.051537,55,2943.631
shp_715_166,28.663067,77.051125,56,2998.604
shp_715_166,28.662912,77.050888,57,3027.29
shp_715_167,28.682257,77.064728,1,0.0
shp_715_167,28.682253,77.065727,2,98.128
shp_715_167,28.684214,77.065819,3,316.683
shp_715_167,28.684221,77.064613,4,434.842
shp_715_167,28.684216,77.064583,5,437.448
shp_715_167,28.684195,77.06456,6,440.529
shp_715_167,28.68417,77.064552,7,443.503
shp_715_167,28.683933,77.064545,8,469.965
shp_715_167,28.684011,77.063606,9,562.051
shp_715_167,28.68433,77.063461,10,600.091
shp_715_167,28.68433,77.063461,11,600.091
shp_715_167,28.684546,77.063362,12,626.227
shp_715_167,28.685043,77.063087,13,687.55
shp_715_167,28.685143,77.063019,14,700.339
shp_715_167,28.685259,77.062866,15,720.651
shp_715_167,28.685343,77.062706,16,738.244
shp_715_167,28.685429,77.062508,17,759.859
shp_715_167,28.685881,77.062569,18,810.485
shp_715_167,28.68626,77.062599,19,852.82
shp_715_167,28.686346,77.062592,20,862.531
shp_715_167,28.68644,77.062561,21,873.231
shp_715_167,28.686703,77.062462,22,903.976
shp_715_167,28.688091,77.06205,23,1063.863
shp_715_167,28.688402,77.061935,24,1100.275
shp_715_167,28.688765,77.061821,25,1142.056
shp_715_167,28.689138,77.061722,26,1184.754
shp_715_167,28.689894,77.061455,27,1272.789
shp_715_167,28.690128,77.061317,28,1302.361
shp_715_167,28.690346,77.061111,29,1333.611
shp_715_167,28.690449,77.061073,30,1345.891
shp_715_167,28.690491,77.061066,31,1350.56
shp_715_167,28.690552,77.061089,32,1357.716
shp_715_167,28.690825,77.061317,33,1395.424
shp_715_167,28.690926,77.061394,34,1408.793
shp_715_167,28.691032,77.061455,35,1421.901
shp_715_167,28.691103,77.061478,36,1430.276
shp_715_167,28.691103,77.061478,37,1430.276
shp_715_167,28.691547,77.0616,38,1481.245
shp_715_167,28.691751,77.061646,39,1504.341
shp_715_167,28.691896,77.061661,40,1520.389
shp_715_167,28.69206,77.061653,41,1538.689
shp_715_167,28.692455,77.061584,42,1583.07
shp_715_167,28.692619,77.061554,43,1601.809
shp_715_167,28.693007,77.061417,44,1646.64
shp_715_167,28.693468,77.061241,45,1701.019
shp_715_167,28.693579,77.06118,46,1714.39
shp_715_167,28.693842,77.060951,47,1751.439
shp_715_167,28.69409,77.060684,48,1789.357
shp_715_167,28.6943,77.06041,49,1824.89
shp_715_167,28.6943,77.06041,50,1824.89
shp_715_167,28.695152,77.059296,51,1969.303
shp_715_167,28.695791,77.058525,52,2072.879
shp_715_167,28.696373,77.057884,53,2162.905
shp_715_167,28.696941,77.057228,54,2253.222
shp_715_167,28.697458,77.056549,55,2340.687
shp_715_167,28.697641,77.056114,56,2387.789
shp_715_167,28.698139,77.055016,57,2508.981
shp_715_167,28.698347,77.054504,58,2563.727
shp_715_167,28.698742,77.05368,59,2655.078
shp_715_167,28.698742,77.05368,60,2655.078
shp_715_167,28.698793,77.053574,61,2667.161
shp_715_167,28.698977,77.053246,62,2705.368
shp_715_167,28.699158,77.052856,63,2747.976
shp_715_167,28.699158,77.052856,64,2747.976
shp_715_167,28.699787,77.05159,65,2890.268
shp_715_167,28.699827,77.051521,66,2898.104
shp_715_167,28.699995,77.051323,67,2925.431
shp_715_167,28.700146,77.05117,68,2948.035
shp_715_167,28.700798,77.050674,69,3035.285
shp_715_167,28.70097,77.050423,70,3066.043
shp_715_167,28.701046,77.05027,71,3083.463
shp_715_167,28.701046,77.05027,72,3083.463
shp_715_167,28.701485,77.049362,73,3184.401
shp_715_167,28.701509,77.049324,74,3188.885
shp_715_167,28.701729,77.048355,75,3286.89
shp_715_167,28.701908,77.047882,76,3337.092
shp_715_167,28.702097,77.047539,77,3376.53
shp_715_167,28.702242,77.04731,78,3403.949
shp_715_168,28.642153,77.223625,1,0.0
shp_715_168,28.641771,77.223595,2,42.61
shp_715_168,28.641705,77.224251,3,106.711
shp_715_168,28.641659,77.224487,4,130.833
shp_715_168,28.641588,77.224663,5,149.33
shp_715_168,28.641008,77.2257,6,269.409
shp_715_168,28.642509,77.226807,7,468.445
shp_715_168,28.642582,77.226746,8,478.159
shp_715_168,28.642666,77.226723,9,487.867
shp_715_168,28.64271,77.226723,10,492.733
shp_715_168,28.643934,77.224335,11,763.233
shp_715_168,28.644167,77.223953,12,808.529
shp_715_168,28.64426,77.223846,13,823.496
shp_715_168,28.644354,77.223778,14,835.903
shp_715_168,28.644527,77.223709,15,856.139
shp_715_168,28.644981,77.223587,16,908.137
shp_715_168,28.645241,77.223541,17,937.287
shp_715_168,28.646164,77.223572,18,1040.211
shp_715_168,28.646271,77.223534,19,1052.415
shp_715_168,28.646271,77.223534,20,1052.415
shp_715_168,28.646439,77.22348,21,1071.842
shp_715_168,28.646709,77.22332,22,1106.016
shp_715_168,28.647158,77.223,23,1164.872
shp_715_168,28.647593,77.222672,24,1222.99
shp_715_168,28.648054,77.222351,25,1283.066
shp_715_168,28.648428,77.222084,26,1332.241
shp_715_168,28.648428,77.222084,27,1332.241
shp_715_168,28.650257,77.220772,28,1572.744
shp_715_168,28.651096,77.220192,29,1682.308
shp_715_168,28.651096,77.220192,30,1682.308
shp_715_168,28.652277,77.219368,31,1836.413
shp_715_168,28.652569,77.219223,32,1871.629
shp_715_168,28.652727,77.219162,33,1890.19
shp_715_168,28.653,77.219086,34,1921.645
shp_715_168,28.653337,77.219032,35,1959.517
shp_715_168,28.654184,77.218933,36,2054.207
shp_715_168,28.654184,77.218933,37,2054.207
shp_715_168,28.656263,77.218727,38,2286.639
shp_715_168,28.657032,77.218666,39,2372.477
shp_715_168,28.657024,77.218864,40,2391.661
shp_715_170,28.620209,77.045082,1,0.0
shp_715_170,28.62018,77.04463199999999,2,43.854
shp_715_170,28.619707,77.044655,3,96.666
shp_715_170,28.619179,77.044701,4,155.56
shp_715_170,28.618444,77.044731,5,237.447
shp_715_170,28.618443,77.044846,6,248.344
shp_715_170,28.618397,77.044853,7,253.565
shp_715_170,28.617983,77.044868,8,299.585
shp_715_170,28.617977,77.044876,9,300.954
shp_715_170,28.617979,77.045197,10,331.834
shp_715_170,28.617962,77.046501,11,459.804
shp_715_170,28.616879,77.046478,12,580.383
shp_715_170,28.616877,77.046852,13,616.756
shp_715_170,28.616341,77.046852,14,676.348
shp_715_170,28.616341,77.046852,15,676.348
shp_715_170,28.615393,77.046844,16,781.934
shp_715_170,28.614592,77.046822,17,871.118
shp_715_170,28.614592,77.046822,18,871.118
shp_715_170,28.614508,77.046822,19,880.474
shp_715_170,28.61451,77.045258,20,1033.655
shp_715_170,28.614372,77.045258,21,1048.939
shp_715_170,28.614372,77.044724,22,1100.85
shp_715_170,28.61404,77.044716,23,1137.707
shp_715_170,28.613785,77.044724,24,1166.157
shp_715_170,28.612713,77.044716,25,1285.615
shp_715_170,28.613054,77.04409,26,1357.73
shp_715_170,28.61359,77.042786,27,1498.329
shp_715_170,28.61351,77.042786,28,1507.372
shp_715_171,28.620209,77.045082,1,0.0
shp_715_171,28.620108,77.043495,2,155.965
shp_715_171,28.620167,77.042244,3,277.97
shp_715_171,28.619566,77.042198,4,345.175
shp_715_171,28.619436,77.042198,5,359.535
shp_715_171,28.619068,77.042168,6,400.683
shp_715_171,28.618425,77.042145,7,472.169
shp_715_171,28.617065,77.04213,8,623.554
shp_715_171,28.616156,77.042137,9,724.869
shp_715_171,28.615662,77.042168,10,780.027
shp_715_171,28.615591,77.04216,11,787.869
shp_715_171,28.615517,77.042137,12,796.551
shp_715_171,28.615183,77.041946,13,837.859
shp_715_171,28.615133,77.041931,14,843.656
shp_715_171,28.615086,77.041931,15,848.845
shp_715_171,28.615057,77.041946,16,852.297
shp_715_171,28.613947,77.041855,17,976.211
shp_715_171,28.6141,77.040894,18,1071.788
shp_715_171,28.614231,77.039963,19,1163.964
shp_715_171,28.614574,77.039963,20,1202.302
shp_715_171,28.614574,77.039963,21,1202.302
shp_715_171,28.615404,77.039978,22,1294.549
shp_715_171,28.616819,77.039986,23,1452.156
shp_715_171,28.616833,77.038826,24,1564.82
shp_715_171,28.616823,77.038589,25,1587.954
shp_715_171,28.617146,77.038597,26,1623.655
shp_715_171,28.617584,77.038589,27,1672.555
shp_715_171,28.617588,77.038345,28,1695.809
shp_715_171,28.618134,77.038338,29,1756.404
shp_715_171,28.618145,77.037865,30,1802.57
shp_715_171,28.618416,77.037872,31,1832.539
shp_715_171,28.618435,77.037338,32,1884.907
shp_715_171,28.618605,77.037338,33,1903.816
shp_715_172,28.620209,77.045082,1,0.0
shp_715_172,28.620108,77.043495,2,155.965
shp_715_172,28.620155,77.042503,3,252.33
shp_715_172,28.620321,77.042526,4,270.84
shp_715_172,28.620298,77.042999,5,317.481
shp_715_172,28.621368,77.043007,6,436.707
shp_715_172,28.621378,77.042122,7,523.075
shp_715_172,28.621655,77.042114,8,553.873
shp_715_172,28.621668,77.041229,9,640.023
shp_715_172,28.622147,77.041252,10,693.319
shp_715_172,28.624117,77.041252,11,912.618
shp_715_172,28.626011,77.041283,12,1123.468
shp_715_172,28.626678,77.041306,13,1197.908
shp_715_172,28.626678,77.041306,14,1197.908
shp_715_172,28.627188,77.041336,15,1254.702
shp_715_172,28.630463,77.041389,16,1619.163
shp_715_172,28.630459,77.041512,17,1631.008
shp_715_169,28.642153,77.223625,1,0.0
shp_715_169,28.641771,77.223595,2,42.61
shp_715_169,28.641705,77.224251,3,106.711
shp_715_169,28.641659,77.224487,4,130.833
shp_715_169,28.641588,77.224663,5,149.33
shp_715_169,28.641008,77.2257,6,269.409
shp_715_169,28.642509,77.226807,7,468.445
shp_715_169,28.642582,77.226746,8,478.159
shp_715_169,28.642666,77.226723,9,487.867
shp_715_169,28.64271,77.226723,10,492.733
shp_715_169,28.643934,77.224335,11,763.233
shp_715_169,28.644167,77.223953,12,808.529
shp_715_169,28.64426,77.223846,13,823.496
shp_715_169,28.644354,77.223778,14,835.903
shp_715_169,28.644527,77.223709,15,856.139
shp_715_169,28.644981,77.223587,16,908.137
shp_715_169,28.645031,77.223549,17,914.996
shp_715_169,28.645067,77.223495,18,921.533
shp_715_169,28.64509,77.223442,19,927.488
shp_715_169,28.645126,77.223312,20,940.759
shp_715_169,28.644796,77.221291,21,1141.524
shp_715_169,28.644297,77.218544,22,1415.477
shp_715_169,28.64418,77.217766,23,1493.026
shp_715_169,28.644135,77.217293,24,1539.271
shp_715_169,28.644123,77.216965,25,1571.264
shp_715_169,28.644127,77.216637,26,1603.498
shp_715_169,28.644175,77.216225,27,1643.672
shp_715_169,28.644295,77.215668,28,1700.063
shp_715_169,28.644356,77.215324,29,1734.119
shp_715_169,28.644665,77.214272,30,1842.538
shp_715_169,28.644957,77.213348,31,1938.627
shp_715_169,28.645193,77.212654,32,2011.013
shp_715_169,28.645216,77.212532,33,2023.627
shp_715_169,28.645216,77.212532,34,2023.627
shp_715_169,28.645679,77.209946,35,2281.521
shp_715_169,28.645679,77.209946,36,2281.521
shp_715_169,28.6457,77.209824,37,2293.576
shp_715_173,28.462473,77.305252,1,0.0
shp_715_173,28.462469,77.306015,2,74.41
shp_715_173,28.46245,77.306221,3,94.608
shp_715_173,28.462471,77.306274,4,100.328
shp_715_173,28.462456,77.306412,5,114.257
shp_715_173,28.462448,77.306824,6,154.677
shp_715_173,28.462383,77.307312,7,202.925
shp_715_173,28.46236,77.30735,8,207.443
shp_715_173,28.462345,77.308739,9,343.044
shp_715_173,28.462353,77.310791,10,544.128
shp_715_173,28.462362,77.310905,11,555.627
shp_715_173,28.462404,77.311127,12,577.308
shp_715_173,28.462444,77.311226,13,588.18
shp_715_173,28.462831,77.312035,14,678.023
shp_715_173,28.462873,77.31208,15,684.943
shp_715_173,28.462931,77.312126,16,692.73
shp_715_173,28.462997,77.312149,17,700.418
shp_715_173,28.46331,77.312195,18,735.575
shp_715_173,28.463331,77.312233,19,739.592
shp_715_173,28.463343,77.312302,20,747.143
shp_715_173,28.463387,77.313034,21,818.967
shp_715_173,28.463259,77.313065,22,833.312
shp_715_173,28.463295,77.31739,23,1256.874
shp_715_173,28.462868,77.317482,24,1305.174
shp_715_173,28.459442,77.318321,25,1695.205
shp_715_173,28.456524,77.319099,26,2028.897
shp_715_173,28.45517,77.319374,27,2182.257
shp_715_173,28.454681,77.319511,28,2238.195
shp_715_173,28.45467,77.319313,29,2258.06
shp_715_173,28.456287,77.318954,30,2441.494
shp_715_173,28.456419,77.31871,31,2469.35
shp_715_173,28.456589,77.318581,32,2492.456
shp_715_173,28.456617,77.318527,33,2498.072
shp_715_173,28.456709,77.318138,34,2538.046
shp_715_173,28.456778,77.317909,35,2561.32
shp_715_173,28.456825,77.31781,36,2572.452
shp_715_173,28.457003,77.31752,37,2606.862
shp_715_173,28.457106,77.317314,38,2630.014
shp_715_173,28.457205,77.317139,39,2650.552
shp_715_173,28.457499,77.316658,40,2708.088
shp_715_173,28.457567,77.316521,41,2723.406
shp_715_173,28.457621,77.316376,42,2738.759
shp_715_173,28.457706,77.31601,43,2775.812
shp_715_173,28.457747,77.315712,44,2805.343
shp_715_173,28.457762,77.315483,45,2827.944
shp_715_173,28.457781,77.31543,46,2833.573
shp_715_173,28.45783,77.315407,47,2839.583
shp_715_173,28.458134,77.315369,48,2873.395
shp_715_173,28.458321,77.315331,49,2894.629
shp_715_173,28.458405,77.3153,50,2904.529
shp_715_173,28.45845,77.315262,51,2910.7
shp_715_173,28.458487,77.315216,52,2916.818
shp_715_173,28.4585,77.31514,53,2924.633
shp_715_173,28.458473,77.315056,54,2933.425
shp_715_173,28.458298,77.314835,55,2962.387
shp_715_173,28.458246,77.314735,56,2973.453
shp_715_173,28.458174,77.314529,57,2995.291
shp_715_173,28.45812,77.314262,58,3022.262
shp_715_173,28.45812,77.314262,59,3022.262
shp_715_173,28.45796,77.314316,60,3040.611
shp_715_173,28.45796,77.314316,61,3040.611
shp_715_173,28.45764,77.314415,62,3077.684
shp_715_173,28.455345,77.315117,63,3342.361
shp_715_173,28.454721,77.315277,64,3413.403
shp_715_173,28.454393,77.315338,65,3450.533
shp_715_173,28.454393,77.315338,66,3450.533
shp_715_173,28.454197,77.315376,67,3472.599
shp_715_173,28.451326,77.316116,68,3800.199
shp_715_173,28.450563,77.316376,69,3888.981
shp_715_173,28.450563,77.316376,70,3888.981
shp_715_173,28.449345,77.316826,71,4031.733
shp_715_173,28.448835,77.316917,72,4089.056
shp_715_173,28.448849,77.317055,73,4102.165
shp_715_173,28.448849,77.317055,74,4102.165
shp_715_173,28.448936,77.317894,75,4185.287
shp_715_173,28.448936,77.317894,76,4185.287
shp_715_173,28.449028,77.318573,77,4252.514
shp_715_173,28.449078,77.318771,78,4272.242
shp_715_173,28.449221,77.319153,79,4313.308
shp_715_173,28.449507,77.319023,80,4347.851
shp_715_173,28.44998,77.318932,81,4401.14
shp_715_173,28.450417,77.318932,82,4449.811
shp_715_173,28.452402,77.319183,83,4672.348
shp_715_173,28.452402,77.319183,84,4672.348
shp_715_173,28.45293,77.319244,85,4731.508
shp_715_173,28.453215,77.320358,86,4844.708
shp_715_173,28.453264,77.320511,87,4860.454
shp_715_173,28.45336,77.320869,88,4897.25
shp_715_173,28.453663,77.322243,89,5035.799
shp_715_173,28.453663,77.322243,90,5035.799
shp_715_173,28.452482,77.322556,91,5170.786
shp_715_173,28.45145,77.322845,92,5289.183
shp_715_173,28.45145,77.322845,93,5289.183
shp_715_173,28.45019,77.323204,94,5433.664
shp_715_173,28.449213,77.323463,95,5545.379
shp_715_174,28.628704,77.374413,1,0.0
shp_715_174,28.62904,77.37429,2,39.179
shp_715_174,28.630613,77.374344,3,214.41
shp_715_174,28.630775,77.374359,4,232.544
shp_715_174,28.63084,77.374352,5,239.855
shp_715_174,28.630941,77.374252,6,254.464
shp_715_174,28.631027,77.374191,7,265.922
shp_715_174,28.631117,77.374153,8,276.478
shp_715_174,28.631239,77.374138,9,290.184
shp_715_174,28.631357,77.374138,10,303.411
shp_715_174,28.631474,77.374153,11,316.47
shp_715_174,28.631542,77.374199,12,325.338
shp_715_174,28.631653,77.374306,13,341.317
shp_715_174,28.631718,77.374496,14,361.405
shp_715_174,28.63172,77.374596,15,370.863
shp_715_174,28.631697,77.374695,16,380.927
shp_715_174,28.631596,77.374847,17,399.705
shp_715_174,28.631542,77.375046,18,419.969
shp_715_174,28.631538,77.375206,19,435.519
shp_715_174,28.631571,77.375465,20,461.134
shp_715_174,28.631599,77.375793,21,493.603
shp_715_174,28.631584,77.376099,22,523.234
shp_715_174,28.631516,77.376747,23,587.012
shp_715_174,28.631561,77.376984,24,610.456
shp_715_174,28.631657,77.377098,25,626.243
shp_715_174,28.631779,77.377136,26,640.323
shp_715_174,28.63187,77.377151,27,650.625
shp_715_174,28.632465,77.377174,28,716.902
shp_715_174,28.63246,77.378105,29,808.3
shp_715_174,28.632605,77.37812,30,824.496
shp_715_174,28.634192,77.378235,31,1001.412
shp_715_174,28.634909,77.378265,32,1081.48
shp_715_174,28.635637,77.378334,33,1162.826
shp_715_174,28.640406,77.378609,34,1694.342
shp_715_174,28.642078,77.37867,35,1880.6
shp_715_174,28.642452,77.378677,36,1922.091
shp_715_174,28.643257,77.378708,37,2011.756
shp_715_174,28.644144,77.3787,38,2110.625
shp_715_174,28.645073,77.3787,39,2213.985
shp_715_174,28.645088,77.37854,40,2229.616
shp_715_175,28.657469,77.236801,1,0.0
shp_715_175,28.657864,77.236824,2,43.943
shp_715_175,28.658382,77.236794,3,101.714
shp_715_175,28.658733,77.236717,4,141.55
shp_715_175,28.660139,77.236069,5,310.229
shp_715_175,28.660065,77.237633,6,462.776
shp_715_175,28.660078,77.237816,7,480.718
shp_715_175,28.660151,77.237953,8,496.822
shp_715_175,28.66029,77.238045,9,514.657
shp_715_175,28.660433,77.238106,10,531.655
shp_715_175,28.660521,77.238152,11,542.53
shp_715_175,28.661001,77.238197,12,596.111
shp_715_175,28.661087,77.23822,13,605.953
shp_715_175,28.661217,77.238266,14,621.162
shp_715_175,28.661274,77.238312,15,629.09
shp_715_175,28.661572,77.238785,16,685.507
shp_715_175,28.661726,77.238983,17,711.19
shp_715_175,28.661831,77.23909,18,727.216
shp_715_175,28.661907,77.239212,19,741.8
shp_715_175,28.661972,77.239349,20,757.044
shp_715_175,28.661991,77.239456,21,767.407
shp_715_175,28.661974,77.239891,22,810.231
shp_715_175,28.662012,77.240143,23,835.243
shp_715_175,28.662092,77.240379,24,859.924
shp_715_175,28.662325,77.240746,25,904.347
shp_715_175,28.662525,77.241051,26,941.055
shp_715_175,28.662727,77.241463,27,987.161
shp_715_175,28.662796,77.241745,28,1016.295
shp_715_175,28.662832,77.242035,29,1044.448
shp_715_175,28.662815,77.242195,30,1060.536
shp_715_175,28.662792,77.242294,31,1070.161
shp_715_175,28.662792,77.242294,32,1070.161
shp_715_175,28.662766,77.242172,33,1082.447
shp_715_175,28.662771,77.242027,34,1096.599
shp_715_175,28.662756,77.241875,35,1111.334
shp_715_175,28.66271,77.241592,36,1139.304
shp_715_175,28.662672,77.241478,37,1151.239
shp_715_175,28.662514,77.241119,38,1190.387
shp_715_175,28.66242,77.240967,39,1208.558
shp_715_175,28.6623,77.240799,40,1229.701
shp_715_175,28.662054,77.240395,41,1277.8
shp_715_175,28.661991,77.240257,42,1293.104
shp_715_175,28.661942,77.240089,43,1310.591
shp_715_175,28.661903,77.239784,44,1340.168
shp_715_175,28.661901,77.2397,45,1348.855
shp_715_175,28.661839,77.239418,46,1376.862
shp_715_175,28.66172,77.239166,47,1404.664
shp_715_175,28.661943,77.238617,48,1464.03
shp_715_175,28.662127,77.238228,49,1506.919
shp_715_175,28.662453,77.23761,50,1577.489
shp_715_175,28.662691,77.237198,51,1625.685
shp_715_175,28.662952,77.236877,52,1668.726
shp_715_175,28.663546,77.235909,53,1784.135
shp_715_175,28.664038,77.235336,54,1862.132
shp_715_175,28.664648,77.234779,55,1949.08
shp_715_175,28.665491,77.2341,56,2064.079
shp_715_175,28.666452,77.233444,57,2188.94
shp_715_175,28.667557,77.232712,58,2331.289
shp_715_175,28.66794,77.232521,59,2377.566
shp_715_175,28.668493,77.232269,60,2443.848
shp_715_175,28.668865,77.232071,61,2489.737
shp_715_175,28.669037,77.23204,62,2509.021
shp_715_175,28.669506,77.231842,63,2564.564
shp_715_175,28.670095,77.231613,64,2633.904
shp_715_175,28.670706,77.231392,65,2705.169
shp_715_175,28.671768,77.231071,66,2827.737
shp_715_175,28.671942,77.231003,67,2847.957
shp_715_175,28.672667,77.23069,68,2934.273
shp_715_175,28.673466,77.230469,69,3025.855
shp_715_175,28.674198,77.230232,70,3110.691
shp_715_175,28.675055,77.229988,71,3209.051
shp_715_175,28.675232,77.229942,72,3228.998
shp_715_175,28.675409,77.229919,73,3249.091
shp_715_175,28.675497,77.229927,74,3258.759
shp_715_175,28.675581,77.22995,75,3268.442
shp_715_175,28.675659,77.229996,76,3278.118
shp_715_175,28.67573,77.230049,77,3287.791
shp_715_175,28.675791,77.230125,78,3297.469
shp_715_175,28.675838,77.230209,79,3307.144
shp_715_175,28.675871,77.230301,80,3316.817
shp_715_175,28.67589,77.230392,81,3326.496
shp_715_175,28.675894,77.230492,82,3336.17
shp_715_175,28.67588,77.230591,83,3345.85
shp_715_175,28.675852,77.230682,84,3355.523
shp_715_175,28.675808,77.230774,85,3365.196
shp_715_175,28.675753,77.23085,86,3374.875
shp_715_175,28.675686,77.230911,87,3384.552
shp_715_175,28.67561,77.230957,88,3394.229
shp_715_175,28.675528,77.230988,89,3403.897
shp_715_175,28.675325,77.231018,90,3426.631
shp_715_175,28.674961,77.23101,91,3467.142
shp_715_175,28.674128,77.230949,92,3560.177
shp_715_175,28.673733,77.230942,93,3604.119
shp_715_175,28.67355,77.230949,94,3624.545
shp_715_175,28.673315,77.231003,95,3651.109
shp_715_175,28.672646,77.231201,96,3728.114
shp_715_175,28.672237,77.231308,97,3774.858
shp_715_175,28.671574,77.231522,98,3851.413
shp_715_175,28.671442,77.231583,99,3867.225
shp_715_175,28.671318,77.231659,100,3883.034
shp_715_175,28.671095,77.231857,101,3914.52
shp_715_175,28.670971,77.232025,102,3936.006
shp_715_175,28.670864,77.232208,103,3957.474
shp_715_175,28.670778,77.232407,104,3978.957
shp_715_175,28.670713,77.232613,105,4000.434
shp_715_175,28.670671,77.232826,106,4021.907
shp_715_175,28.670652,77.233047,107,4043.388
shp_715_175,28.670656,77.233269,108,4064.87
shp_715_175,28.670683,77.233482,109,4086.34
shp_715_175,28.672638,77.238724,110,4642.402
shp_715_175,28.674015,77.242317,111,5025.409
shp_715_175,28.674225,77.243034,112,5099.655
shp_715_175,28.674341,77.243706,113,5166.368
shp_715_175,28.674398,77.244431,114,5237.328
shp_715_175,28.674398,77.245125,115,5305.412
shp_715_175,28.674313,77.245934,116,5384.904
shp_715_175,28.673977,77.2481,117,5599.52
shp_715_175,28.67395,77.248421,118,5630.941
shp_715_175,28.67391,77.248726,119,5660.856
shp_715_175,28.673849,77.249054,120,5694.082
shp_715_175,28.673784,77.249298,121,5718.492
shp_715_175,28.673538,77.250679,122,5856.585
shp_715_175,28.673397,77.251518,123,5939.919
shp_715_175,28.673414,77.25193,124,5980.407
shp_715_175,28.673395,77.25222,125,6008.778
shp_715_175,28.673197,77.253387,126,6124.536
shp_715_175,28.672987,77.254692,127,6254.323
shp_715_175,28.672791,77.256035,128,6386.884
shp_715_175,28.672306,77.255936,129,6441.619
shp_715_175,28.672314,77.255791,130,6455.343
shp_715_175,28.672127,77.25576,131,6476.458
shp_715_175,28.671572,77.255608,132,6539.797
shp_715_175,28.671162,77.255547,133,6585.962
shp_715_175,28.669828,77.255478,134,6734.488
shp_715_175,28.669325,77.255463,135,6790.624
shp_715_175,28.668879,77.255447,136,6840.176
shp_715_175,28.66843,77.255516,137,6890.61
shp_715_175,28.668137,77.255577,138,6923.805
shp_715_175,28.667709,77.255684,139,6972.529
shp_715_175,28.667503,77.255699,140,6995.491
shp_715_175,28.667543,77.255882,141,7014.355
shp_715_175,28.667543,77.255882,142,7014.355
shp_715_175,28.667606,77.256187,143,7044.606
shp_715_175,28.667793,77.256851,144,7112.896
shp_715_175,28.668495,77.259636,145,7396.212
shp_715_175,28.669184,77.262444,146,7680.407
shp_715_175,28.66931,77.262711,147,7710.504
shp_715_175,28.669453,77.262871,148,7732.773
shp_715_175,28.669674,77.262978,149,7759.379
shp_715_175,28.669903,77.263016,150,7785.333
shp_715_175,28.670017,77.263054,151,7798.377
shp_715_175,28.670231,77.263092,152,7822.533
shp_715_175,28.670185,77.26338199999999,153,7851.75
shp_715_175,28.670198,77.263626,154,7875.63
shp_715_175,28.670229,77.263924,155,7904.805
shp_715_175,28.670265,77.264091,156,7921.391
shp_715_175,28.670265,77.264091,157,7921.391
shp_715_175,28.670366,77.264557,158,7968.063
shp_715_175,28.670515,77.264969,159,8011.623
shp_715_175,28.670607,77.265137,160,8031.419
shp_715_175,28.670818,77.265739,161,8094.621
shp_715_175,28.670942,77.266228,162,8144.412
shp_715_175,28.671043,77.266815,163,8202.415
shp_715_175,28.671312,77.268707,164,8389.914
shp_715_176,28.657469,77.236801,1,0.0
shp_715_176,28.657864,77.236824,2,43.943
shp_715_176,28.658382,77.236794,3,101.714
shp_715_176,28.658733,77.236717,4,141.55
shp_715_176,28.660038,77.236115,5,298.351
shp_715_176,28.660343,77.235977,6,334.752
shp_715_176,28.660604,77.235931,7,364.158
shp_715_176,28.661064,77.235764,8,417.906
shp_715_176,28.661245,77.235657,9,440.394
shp_715_176,28.661354,77.235504,10,459.964
shp_715_176,28.662035,77.234428,11,589.416
shp_715_176,28.662249,77.234009,12,636.989
shp_715_176,28.662405,77.233749,13,667.23
shp_715_176,28.662552,77.233917,14,690.208
shp_715_176,28.662626,77.234024,15,703.702
shp_715_176,28.663315,77.23468,16,803.592
shp_715_176,28.664038,77.235336,17,906.572
shp_715_176,28.664648,77.234779,18,993.521
shp_715_176,28.665491,77.2341,19,1108.519
shp_715_176,28.666452,77.233444,20,1233.38
shp_715_176,28.667557,77.232712,21,1375.73
shp_715_176,28.66794,77.232521,22,1422.006
shp_715_176,28.668493,77.232269,23,1488.288
shp_715_176,28.668865,77.232071,24,1534.177
shp_715_176,28.669037,77.23204,25,1553.461
shp_715_176,28.669506,77.231842,26,1609.005
shp_715_176,28.670095,77.231613,27,1678.344
shp_715_176,28.670706,77.231392,28,1749.609
shp_715_176,28.671768,77.231071,29,1872.178
shp_715_176,28.671942,77.231003,30,1892.397
shp_715_176,28.672667,77.23069,31,1978.714
shp_715_176,28.673466,77.230469,32,2070.295
shp_715_176,28.674198,77.230232,33,2155.131
shp_715_176,28.675055,77.229988,34,2253.491
shp_715_176,28.675232,77.229942,35,2273.438
shp_715_176,28.675409,77.229919,36,2293.531
shp_715_176,28.675497,77.229927,37,2303.199
shp_715_176,28.675581,77.22995,38,2312.882
shp_715_176,28.675659,77.229996,39,2322.558
shp_715_176,28.67573,77.230049,40,2332.231
shp_715_176,28.675791,77.230125,41,2341.909
shp_715_176,28.675838,77.230209,42,2351.584
shp_715_176,28.675871,77.230301,43,2361.258
shp_715_176,28.67589,77.230392,44,2370.936
shp_715_176,28.675894,77.230492,45,2380.61
shp_715_176,28.67588,77.230591,46,2390.29
shp_715_176,28.675852,77.230682,47,2399.963
shp_715_176,28.675808,77.230774,48,2409.636
shp_715_176,28.675753,77.23085,49,2419.315
shp_715_176,28.675686,77.230911,50,2428.992
shp_715_176,28.67561,77.230957,51,2438.669
shp_715_176,28.675528,77.230988,52,2448.337
shp_715_176,28.675325,77.231018,53,2471.072
shp_715_176,28.674961,77.23101,54,2511.582
shp_715_176,28.674128,77.230949,55,2604.617
shp_715_176,28.673733,77.230942,56,2648.56
shp_715_176,28.67355,77.230949,57,2668.985
shp_715_176,28.673315,77.231003,58,2695.55
shp_715_176,28.672646,77.231201,59,2772.554
shp_715_176,28.672237,77.231308,60,2819.298
shp_715_176,28.671574,77.231522,61,2895.854
shp_715_176,28.671442,77.231583,62,2911.665
shp_715_176,28.671318,77.231659,63,2927.475
shp_715_176,28.671095,77.231857,64,2958.96
shp_715_176,28.670971,77.232025,65,2980.446
shp_715_176,28.670864,77.232208,66,3001.915
shp_715_176,28.670778,77.232407,67,3023.397
shp_715_176,28.670713,77.232613,68,3044.874
shp_715_176,28.670671,77.232826,69,3066.347
shp_715_176,28.670652,77.233047,70,3087.829
shp_715_176,28.670656,77.233269,71,3109.31
shp_715_176,28.670683,77.233482,72,3130.78
shp_715_176,28.672638,77.238724,73,3686.842
shp_715_176,28.674015,77.242317,74,4069.85
shp_715_176,28.674225,77.243034,75,4144.096
shp_715_176,28.674341,77.243706,76,4210.809
shp_715_176,28.674398,77.244431,77,4281.768
shp_715_176,28.674398,77.245125,78,4349.852
shp_715_176,28.674313,77.245934,79,4429.345
shp_715_176,28.673977,77.2481,80,4643.96
shp_715_176,28.67395,77.248421,81,4675.381
shp_715_176,28.67391,77.248726,82,4705.296
shp_715_176,28.673849,77.249054,83,4738.522
shp_715_176,28.673784,77.249298,84,4762.933
shp_715_176,28.673538,77.250679,85,4901.026
shp_715_176,28.673397,77.251518,86,4984.36
shp_715_176,28.673414,77.25193,87,5024.847
shp_715_176,28.673395,77.25222,88,5053.219
shp_715_176,28.673197,77.253387,89,5168.976
shp_715_176,28.672987,77.254692,90,5298.763
shp_715_176,28.672791,77.256035,91,5431.324
shp_715_176,28.672306,77.255936,92,5486.06
shp_715_176,28.672314,77.255791,93,5499.784
shp_715_176,28.672127,77.25576,94,5520.898
shp_715_176,28.671572,77.255608,95,5584.238
shp_715_176,28.671162,77.255547,96,5630.402
shp_715_176,28.669828,77.255478,97,5778.928
shp_715_176,28.668879,77.255447,98,5884.616
shp_715_176,28.66843,77.255516,99,5935.05
shp_715_176,28.668339,77.255615,100,5949.121
shp_715_176,28.668205,77.255676,101,5964.918
shp_715_176,28.667892,77.255829,102,6003.13
shp_715_176,28.667845,77.25589,103,6010.813
shp_715_176,28.667753,77.255791,104,6024.933
shp_715_176,28.667709,77.255684,105,6036.7
shp_715_176,28.667845,77.255646,106,6052.198
shp_715_176,28.667845,77.255646,107,6052.198
shp_715_176,28.668137,77.255577,108,6085.424
shp_715_176,28.66843,77.255516,109,6118.619
shp_715_176,28.668879,77.255447,110,6169.053
shp_715_176,28.669481,77.255463,111,6236.041
shp_715_176,28.669481,77.255463,112,6236.041
shp_715_176,28.669828,77.255478,113,6274.741
shp_715_176,28.671162,77.255547,114,6423.267
shp_715_176,28.671572,77.255608,115,6469.432
shp_715_176,28.672127,77.25576,116,6532.771
shp_715_176,28.672813,77.255867,117,6610.062
shp_715_176,28.673466,77.256027,118,6684.341
shp_715_176,28.676357,77.256775,119,7014.352
shp_715_176,28.676737,77.256798,120,7056.717
shp_715_176,28.677076,77.256767,121,7094.503
shp_715_176,28.677109,77.25676,122,7098.196
shp_715_176,28.677109,77.25676,123,7098.196
shp_715_176,28.678652,77.256363,124,7274.32
shp_715_176,28.680017,77.255966,125,7431.241
shp_715_176,28.68321,77.25515,126,7795.564
shp_715_176,28.68321,77.25515,127,7795.564
shp_715_176,28.686861,77.254204,128,8212.317
shp_715_176,28.686861,77.254204,129,8212.317
shp_715_176,28.688099,77.253876,130,8353.77
shp_715_176,28.688259,77.253845,131,8371.697
shp_715_176,28.688402,77.25383,132,8387.865
shp_715_176,28.688541,77.253822,133,8403.221
shp_715_176,28.688908,77.253853,134,8444.153
shp_715_176,28.689747,77.253967,135,8538.189
shp_715_176,28.691198,77.254189,136,8701.335
shp_715_176,28.691198,77.254189,137,8701.335
shp_715_176,28.692625,77.25441,138,8861.496
shp_715_176,28.693995,77.254585,139,9015.064
shp_715_176,28.693995,77.254585,140,9015.064
shp_715_176,28.694094,77.254601,141,9026.037
shp_715_176,28.694223,77.254608,142,9040.477
shp_715_176,28.695921,77.254845,143,9230.975
shp_715_176,28.699902,77.255424,144,9677.695
shp_715_176,28.699989,77.255455,145,9687.928
shp_715_176,28.700146,77.255539,146,9707.002
shp_715_176,28.700224,77.255554,147,9715.93
shp_715_176,28.700783,77.255592,148,9778.338
shp_715_176,28.701145,77.255569,149,9818.631
shp_715_176,28.702019,77.255669,150,9916.474
shp_715_176,28.703527,77.25589,151,10085.694
shp_715_176,28.703691,77.255905,152,10104.054
shp_715_176,28.703884,77.255875,153,10125.687
shp_715_176,28.70405,77.255821,154,10144.914
shp_715_177,28.657469,77.236801,1,0.0
shp_715_177,28.657864,77.236824,2,43.943
shp_715_177,28.658382,77.236794,3,101.714
shp_715_177,28.658733,77.236717,4,141.55
shp_715_177,28.660038,77.236115,5,298.351
shp_715_177,28.660343,77.235977,6,334.752
shp_715_177,28.660604,77.235931,7,364.158
shp_715_177,28.661064,77.235764,8,417.906
shp_715_177,28.661245,77.235657,9,440.394
shp_715_177,28.661354,77.235504,10,459.964
shp_715_177,28.661987,77.234505,11,580.25
shp_715_177,28.661987,77.234505,12,580.25
shp_715_177,28.662035,77.234428,13,589.416
shp_715_177,28.662249,77.234009,14,636.989
shp_715_177,28.662746,77.233192,15,733.712
shp_715_177,28.662746,77.233192,16,733.712
shp_715_177,28.663021,77.232758,17,785.964
shp_715_177,28.663237,77.232437,18,825.376
shp_715_177,28.663933,77.23172,19,929.95
shp_715_177,28.664394,77.231209,20,1001.915
shp_715_177,28.665224,77.230247,21,1133.317
shp_715_177,28.665987,77.229683,22,1234.672
shp_715_177,28.665987,77.229683,23,1234.672
shp_715_177,28.666332,77.229485,24,1277.462
shp_715_177,28.666512,77.229431,25,1298.29
shp_715_177,28.666809,77.229416,26,1331.41
shp_715_177,28.666996,77.229347,27,1353.311
shp_715_177,28.667303,77.229202,28,1390.217
shp_715_177,28.667679,77.228951,29,1438.499
shp_715_178,28.657732,77.236946,1,0.0
shp_715_178,28.655979,77.236847,2,195.263
shp_715_178,28.654484,77.236633,3,363.065
shp_715_178,28.653643,77.236626,4,456.853
shp_715_178,28.653353,77.236649,5,489.207
shp_715_178,28.65291,77.2369,6,544.1
shp_715_178,28.650938,77.238373,7,806.58
shp_715_178,28.650938,77.238373,8,806.58
shp_715_178,28.649778,77.239212,9,959.831
shp_715_178,28.648642,77.240074,10,1111.419
shp_715_178,28.648642,77.240074,11,1111.419
shp_715_178,28.648481,77.240143,12,1130.698
shp_715_178,28.6483,77.240204,13,1151.729
shp_715_178,28.648148,77.240219,14,1168.741
shp_715_178,28.644928,77.240425,15,1527.698
shp_715_178,28.644928,77.240425,16,1527.698
shp_715_178,28.642227,77.240585,17,1828.769
shp_715_178,28.641647,77.240608,18,1893.345
shp_715_178,28.641548,77.240623,19,1904.499
shp_715_178,28.641548,77.240623,20,1904.499
shp_715_178,28.641441,77.240639,21,1916.46
shp_715_178,28.641317,77.240685,22,1930.961
shp_715_178,28.641085,77.240746,23,1957.401
shp_715_178,28.640259,77.240982,24,2052.397
shp_715_178,28.640064,77.241028,25,2074.366
shp_715_178,28.640047,77.240776,26,2098.722
shp_715_178,28.639997,77.240448,27,2131.542
shp_715_178,28.63994,77.239838,28,2191.214
shp_715_178,28.639988,77.238983,29,2275.333
shp_715_178,28.640007,77.237923,30,2378.913
shp_715_178,28.640007,77.237923,31,2378.913
shp_715_178,28.640018,77.237297,32,2439.973
shp_715_178,28.640142,77.235275,33,2637.632
shp_715_178,28.640142,77.235275,34,2637.632
shp_715_178,28.640205,77.234268,35,2736.593
shp_715_178,28.640223,77.233841,36,2778.281
shp_715_178,28.640368,77.231567,37,3001.383
shp_715_178,28.640392,77.231445,38,3013.44
shp_715_178,28.640522,77.231018,39,3057.121
shp_715_178,28.640633,77.230743,40,3087.034
shp_715_178,28.640678,77.230637,41,3098.234
shp_715_178,28.641188,77.22966,42,3209.407
shp_715_178,28.641188,77.22966,43,3209.407
shp_715_178,28.641829,77.228432,44,3349.279
shp_715_178,28.641829,77.228432,45,3349.279
shp_715_178,28.642218,77.227684,46,3434.339
shp_715_178,28.642241,77.227631,47,3439.787
shp_715_178,28.642241,77.227631,48,3439.787
shp_715_178,28.642385,77.227303,49,3475.853
shp_715_178,28.642452,77.227089,50,3497.857
shp_715_178,28.642439,77.226982,51,3508.08
shp_715_178,28.642447,77.226936,52,3513.208
shp_715_178,28.642462,77.226883,53,3518.332
shp_715_178,28.642509,77.226807,54,3527.71
shp_715_178,28.642582,77.226746,55,3537.424
shp_715_178,28.642666,77.226723,56,3547.132
shp_715_178,28.64271,77.226723,57,3551.999
shp_715_178,28.643076,77.226013,58,3632.723
shp_715_178,28.643076,77.226013,59,3632.723
shp_715_178,28.643934,77.224335,60,3822.498
shp_715_178,28.644167,77.223953,61,3867.794
shp_715_178,28.64426,77.223846,62,3882.761
shp_715_178,28.644354,77.223778,63,3895.168
shp_715_178,28.644527,77.223709,64,3915.404
shp_715_178,28.644842,77.223625,65,3951.358
shp_715_179,28.57066,77.326187,1,0.0
shp_715_179,28.570322,77.325775,2,54.982
shp_715_179,28.569998,77.325348,3,110.194
shp_715_179,28.569613,77.324898,4,171.9
shp_715_179,28.569427,77.324646,5,203.924
shp_715_179,28.569304,77.324486,6,224.562
shp_715_179,28.569298,77.324387,7,234.386
shp_715_179,28.568741,77.324295,8,297.086
shp_715_179,28.568754,77.323753,9,350.091
shp_715_179,28.569025,77.323769,10,380.26
shp_715_179,28.569038,77.323433,11,413.261
shp_715_179,28.56901,77.322769,12,478.491
shp_715_179,28.568768,77.322433,13,520.788
shp_715_179,28.568428,77.321884,14,586.623
shp_715_180,28.636787,77.287453,1,0.0
shp_715_180,28.6359,77.285759,2,192.997
shp_715_180,28.636026,77.285721,3,207.435
shp_715_180,28.636251,77.285606,4,234.935
shp_715_180,28.636459,77.285492,5,260.701
shp_715_180,28.63665,77.285362,6,285.196
shp_715_180,28.636965,77.285187,7,324.524
shp_715_180,28.64068,77.282959,8,791.797
shp_715_180,28.640858,77.282845,9,814.605
shp_715_180,28.641016,77.282722,10,835.496
shp_715_180,28.642466,77.281837,11,1018.565
shp_715_180,28.643236,77.281418,12,1113.836
shp_715_180,28.643471,77.281303,13,1142.218
shp_715_180,28.643888,77.281075,14,1193.766
shp_715_180,28.644045,77.280975,15,1213.856
shp_715_180,28.644253,77.280792,16,1242.96
shp_715_180,28.644388,77.280602,17,1267.001
shp_715_180,28.644581,77.28035,18,1299.296
shp_715_180,28.64481,77.280022,19,1340.506
shp_715_180,28.645281,77.279312,20,1427.655
shp_715_180,28.645449,77.279137,21,1452.546
shp_715_180,28.645576,77.279045,22,1469.484
shp_715_180,28.645769,77.278984,23,1491.809
shp_715_180,28.645908,77.278976,24,1507.233
shp_715_180,28.646521,77.279129,25,1577.108
shp_715_180,28.646521,77.279129,26,1577.108
shp_715_180,28.646847,77.279152,27,1613.318
shp_715_180,28.647205,77.27919,28,1653.486
shp_715_180,28.647425,77.279205,29,1678.004
shp_715_180,28.648146,77.279297,30,1758.746
shp_715_180,28.648279,77.279282,31,1773.652
shp_715_180,28.648499,77.279213,32,1799.168
shp_715_180,28.648851,77.279083,33,1840.439
shp_715_180,28.64925,77.278969,34,1886.102
shp_715_180,28.649822,77.27877,35,1952.636
shp_715_180,28.650055,77.278679,36,1980.006
shp_715_180,28.650312,77.278603,37,2009.751
shp_715_180,28.650976,77.278374,38,2086.83
shp_715_180,28.651487,77.278191,39,2146.577
shp_715_180,28.65196,77.278023,40,2201.595
shp_715_180,28.652081,77.277969,41,2216.209
shp_715_180,28.652317,77.27787,42,2244.345
shp_715_180,28.6525,77.277779,43,2266.57
shp_715_180,28.652613,77.277702,44,2280.862
shp_715_180,28.652613,77.277702,45,2280.862
shp_715_180,28.652735,77.277626,46,2296.38
shp_715_180,28.653568,77.277245,47,2396.481
shp_715_180,28.654057,77.277,48,2455.996
shp_715_180,28.654434,77.27684,49,2500.656
shp_715_180,28.655104,77.276505,50,2582.061
shp_715_180,28.655209,77.276459,51,2594.534
shp_715_180,28.655209,77.276459,52,2594.534
shp_715_180,28.655991,77.276138,53,2687.131
shp_715_180,28.656244,77.276039,54,2716.869
shp_715_180,28.656538,77.275925,55,2751.555
shp_715_180,28.657104,77.275635,56,2820.56
shp_715_180,28.658356,77.275032,57,2971.944
shp_715_180,28.659533,77.27449,58,3113.119
shp_715_180,28.659164,77.273315,59,3234.839
shp_715_180,28.658869,77.272232,60,3345.703
shp_715_180,28.65885,77.272011,61,3367.806
shp_715_180,28.658665,77.27211,62,3390.594
shp_715_181,28.58493,77.311684,1,0.0
shp_715_181,28.586123,77.31086,2,155.334
shp_715_181,28.587189,77.312752,3,374.775
shp_715_181,28.589016,77.316017,4,753.529
shp_715_181,28.589424,77.316643,5,829.797
shp_715_181,28.589903,77.317421,6,922.513
shp_715_181,28.590046,77.317665,7,951.634
shp_715_181,28.590887,77.319031,8,1114.156
shp_715_181,28.591223,77.319611,9,1182.357
shp_715_181,28.591221,77.319695,10,1190.58
shp_715_181,28.591801,77.320671,11,1305.617
shp_715_181,28.592756,77.322235,12,1492.096
shp_715_181,28.593451,77.323349,13,1625.605
shp_715_181,28.593508,77.323387,14,1633.055
shp_715_181,28.593601,77.323517,15,1648.914
shp_715_181,28.593742,77.323723,16,1674.742
shp_715_181,28.593763,77.323769,17,1679.473
shp_715_181,28.59379,77.323868,18,1689.964
shp_715_181,28.593836,77.323936,19,1698.567
shp_715_181,28.597128,77.32843,20,2270.301
shp_715_181,28.597261,77.328583,21,2291.334
shp_715_181,28.597391,77.328682,22,2308.959
shp_715_181,28.597431,77.328735,23,2315.432
shp_715_181,28.597763,77.329178,24,2372.264
shp_715_181,28.59786,77.329292,25,2387.91
shp_715_181,28.598442,77.328789,26,2468.982
shp_715_181,28.59918,77.328094,27,2575.472
shp_715_181,28.601082,77.326431,28,2842.367
shp_715_181,28.603039,77.329407,29,3205.368
shp_715_181,28.604189,77.331139,30,3417.916
shp_715_181,28.604189,77.331139,31,3417.916
shp_715_181,28.605774,77.333557,32,3712.754
shp_715_181,28.606459,77.334625,33,3841.805
shp_715_181,28.607456,77.336128,34,4026.314
shp_715_181,28.607639,77.336365,35,4056.991
shp_715_181,28.607973,77.336678,36,4105.278
shp_715_181,28.609131,77.337654,37,4265.438
shp_715_181,28.609491,77.337967,38,4316.031
shp_715_181,28.609447,77.338066,39,4326.885
shp_715_181,28.609091,77.337776,40,4375.605
shp_715_181,28.608753,77.338341,41,4442.203
shp_715_181,28.608027,77.339462,42,4578.098
shp_715_182,28.609993,77.373016,1,0.0
shp_715_182,28.609941,77.37381,2,77.999
shp_715_182,28.609779,77.375816,3,275.234
shp_715_182,28.609659,77.3778,4,469.15
shp_715_182,28.609571,77.377808,5,479.013
shp_715_182,28.609037,77.37767,6,540.016
shp_715_182,28.608326,77.377525,7,620.394
shp_715_182,28.608,77.377434,8,657.815
shp_715_182,28.607832,77.37735,9,678.041
shp_715_182,28.607759,77.377716,10,714.834
shp_715_182,28.607641,77.377693,11,728.073
shp_715_182,28.607616,77.377769,12,736.032
shp_715_182,28.607586,77.37796,13,755.087
shp_715_182,28.607573,77.378136,14,772.207
shp_715_182,28.607229,77.377953,15,814.58
shp_715_182,28.60714,77.378403,16,859.551
shp_715_182,28.606823,77.379715,17,993.043
shp_715_182,28.6068,77.379898,18,1010.754
shp_715_182,28.607853,77.379944,19,1128.146
shp_715_182,28.607824,77.380638,20,1195.714
shp_715_182,28.607756,77.381622,21,1292.517
shp_715_182,28.607706,77.382286,22,1357.31
shp_715_182,28.607605,77.383308,23,1457.909
shp_715_182,28.607557,77.384148,24,1540.374
shp_715_182,28.607527,77.384567,25,1581.143
shp_715_182,28.607475,77.385048,26,1628.586
shp_715_182,28.607344,77.386917,27,1811.67
shp_715_182,28.606829,77.393776,28,2484.395
shp_715_183,28.6091,77.372734,1,0.0
shp_715_183,28.609915,77.37278,2,90.743
shp_715_183,28.609976,77.37146,3,219.369
shp_715_183,28.610092,77.368477,4,511.898
shp_715_183,28.610102,77.367279,5,628.374
shp_715_183,28.610308,77.362892,6,1058.221
shp_715_183,28.610369,77.362221,7,1123.834
shp_715_183,28.611126,77.355721,8,1764.719
shp_715_183,28.611132,77.355614,9,1775.183
shp_715_183,28.611122,77.355515,10,1784.903
shp_715_183,28.611094,77.3554,11,1796.687
shp_715_183,28.610603,77.354576,12,1893.644
shp_715_184,28.578199,77.317917,1,0.0
shp_715_184,28.57748,77.318657,2,108.168
shp_715_184,28.578943,77.320663,3,363.114
shp_715_184,28.57906,77.320938,4,393.005
shp_715_184,28.580189,77.322411,5,583.566
shp_715_184,28.581642,77.324478,6,842.726
shp_715_184,28.583239,77.326637,7,1118.923
shp_715_184,28.587336,77.332222,8,1830.132
shp_715_184,28.587671,77.332642,9,1885.369
shp_715_184,28.588751,77.334007,10,2064.955
shp_715_184,28.5889,77.334213,11,2091.423
shp_715_184,28.589193,77.334663,12,2146.147
shp_715_184,28.590212,77.336105,13,2327.032
shp_715_184,28.590982,77.337135,14,2459.437
shp_715_184,28.590982,77.337135,15,2459.437
shp_715_184,28.593735,77.340836,16,2933.196
shp_715_184,28.59449,77.341866,17,3064.197
shp_715_184,28.59552,77.342926,18,3219.063
shp_715_184,28.595957,77.343338,19,3281.922
shp_715_184,28.5961,77.343491,20,3303.783
shp_715_184,28.596439,77.343803,21,3352.402
shp_715_184,28.596554,77.343895,22,3368.085
shp_715_184,28.596785,77.344139,23,3403.317
shp_715_184,28.596979,77.344284,24,3428.921
shp_715_184,28.597101,77.344337,25,3443.551
shp_715_184,28.59724,77.344383,26,3459.737
shp_715_184,28.597448,77.344406,27,3482.909
shp_715_184,28.598505,77.344231,28,3601.812
shp_715_185,28.553286,77.32119,1,0.0
shp_715_185,28.553041,77.320885,2,40.362
shp_715_185,28.552813,77.320618,3,76.779
shp_715_185,28.552656,77.32048,4,98.929
shp_715_185,28.552023,77.320229,5,173.518
shp_715_185,28.551924,77.320206,6,184.94
shp_715_185,28.551634,77.320168,7,217.268
shp_715_185,28.550503,77.320221,8,343.357
shp_715_185,28.550182,77.320137,9,379.959
shp_715_185,28.549871,77.320168,10,414.686
shp_715_185,28.549864,77.320244,11,422.645
shp_715_185,28.549831,77.320358,12,434.288
shp_715_185,28.549753,77.32045,13,446.699
shp_715_185,28.54965,77.320496,14,459.098
shp_715_185,28.549538,77.320496,15,471.51
shp_715_185,28.549435,77.320442,16,483.911
shp_715_185,28.54928,77.320595,17,506.743
shp_715_185,28.549185,77.320717,18,522.716
shp_715_185,28.546783,77.325096,19,1027.619
shp_715_185,28.545399,77.327644,20,1320.029
shp_715_185,28.545322,77.327789,21,1337.026
shp_715_185,28.545202,77.327652,22,1356.262
shp_715_185,28.544788,77.327087,23,1428.214
shp_715_185,28.544746,77.327049,24,1433.809
shp_715_185,28.544712,77.327042,25,1437.714
shp_715_185,28.544655,77.327049,26,1444.18
shp_715_185,28.544603,77.327072,27,1450.251
shp_715_185,28.544174,77.327538,28,1516.417
shp_715_185,28.544174,77.327538,29,1516.417
shp_715_185,28.541191,77.33078,30,1975.537
shp_715_185,28.541191,77.33078,31,1975.537
shp_715_185,28.540518,77.331528,32,2080.422
shp_715_185,28.540457,77.331642,33,2093.055
shp_715_185,28.539764,77.333611,34,2300.455
shp_715_185,28.53969,77.333763,35,2317.787
shp_715_185,28.539581,77.334061,36,2348.85
shp_715_185,28.538561,77.336205,37,2587.671
shp_715_185,28.538488,77.336449,38,2612.85
shp_715_185,28.538427,77.33683,39,2650.724
shp_715_185,28.538404,77.337067,40,2674.293
shp_715_185,28.53808,77.337608,41,2738.198
shp_715_185,28.535955,77.341042,42,3148.613
shp_715_185,28.535921,77.341194,43,3164.615
shp_715_185,28.535828,77.342506,44,3292.642
shp_715_185,28.535807,77.342598,45,3302.553
shp_715_185,28.535759,77.34269,46,3313.023
shp_715_185,28.534849,77.344193,47,3491.063
shp_715_185,28.534792,77.344269,48,3501.101
shp_715_185,28.53496,77.344444,49,3526.162
shp_715_186,28.561213,77.292122,1,0.0
shp_715_186,28.561176,77.292114,2,4.135
shp_715_186,28.560692,77.292076,3,58.113
shp_715_186,28.559603,77.292061,4,179.281
shp_715_186,28.558502,77.292122,5,301.88
shp_715_186,28.558079,77.292175,6,349.327
shp_715_186,28.557419,77.292297,7,423.813
shp_715_186,28.557217,77.292366,8,447.277
shp_715_186,28.556709,77.292542,9,506.439
shp_715_186,28.555895,77.292915,10,604.002
shp_715_186,28.555443,77.293098,11,657.384
shp_715_186,28.554245,77.293709,12,803.766
shp_715_186,28.554245,77.293709,13,803.766
shp_715_186,28.552706,77.294525,14,992.483
shp_715_186,28.552147,77.29483,15,1061.421
shp_715_186,28.551422,77.295265,16,1152.577
shp_715_186,28.550859,77.29557,17,1222.041
shp_715_186,28.550758,77.295616,18,1234.232
shp_715_187,28.561213,77.292122,1,0.0
shp_715_187,28.561325,77.292145,2,12.898
shp_715_187,28.561468,77.292198,3,29.616
shp_715_187,28.561523,77.292236,4,36.542
shp_715_187,28.561905,77.292595,5,91.904
shp_715_187,28.56181,77.292831,6,117.112
shp_715_187,28.561783,77.292946,7,128.914
shp_715_187,28.56163,77.293861,8,220.058
shp_715_187,28.561514,77.294655,9,298.246
shp_715_187,28.56144,77.295082,10,341.14
shp_715_187,28.56134,77.295593,11,392.477
shp_715_187,28.561298,77.29567,12,401.087
shp_715_187,28.561224,77.295738,13,411.674
shp_715_187,28.561171,77.295761,14,417.988
shp_715_187,28.561115,77.295776,15,424.304
shp_715_187,28.561026,77.295776,16,434.19
shp_715_187,28.560541,77.295837,17,488.627
shp_715_187,28.560455,77.295883,18,499.135
shp_715_187,28.559732,77.295975,19,580.134
shp_715_187,28.559475,77.296028,20,609.261
shp_715_187,28.559219,77.296089,21,638.373
shp_715_187,28.558439,77.296341,22,728.684
shp_715_187,28.557533,77.296707,23,835.595
shp_715_187,28.557022,77.296967,24,898.09
shp_715_187,28.556402,77.297348,25,976.354
shp_715_187,28.555609,77.297882,26,1078.974
shp_715_187,28.555054,77.298218,27,1148.906
shp_715_187,28.554977,77.298271,28,1159.192
shp_715_187,28.554043,77.298866,29,1278.249
shp_715_187,28.553051,77.299515,30,1405.425
shp_715_187,28.552731,77.299736,31,1447.313
shp_715_187,28.552328,77.299988,32,1498.304
shp_715_187,28.551708,77.300392,33,1577.916
shp_715_187,28.551317,77.300674,34,1629.458
shp_715_187,28.551138,77.300888,35,1658.205
shp_715_187,28.550982,77.301109,36,1685.978
shp_715_187,28.550911,77.301247,37,1701.726
shp_715_187,28.550838,77.301422,38,1720.674
shp_715_187,28.550734,77.301826,39,1762.093
shp_715_187,28.550646,77.302132,40,1793.398
shp_715_187,28.550591,77.302277,41,1809.021
shp_715_187,28.550486,77.30246,42,1830.045
shp_715_187,28.55024,77.302765,43,1870.506
shp_715_187,28.549646,77.303444,44,1964.347
shp_715_187,28.549194,77.303978,45,2037.003
shp_715_187,28.546967,77.306549,46,2389.643
shp_715_187,28.546568,77.306969,47,2450.354
shp_715_187,28.546482,77.306992,48,2460.205
shp_715_187,28.5464,77.307083,49,2472.726
shp_715_188,28.412281,77.311615,1,0.0
shp_715_188,28.412413,77.313782,2,212.823
shp_715_188,28.411797,77.313835,3,281.581
shp_715_188,28.411867,77.314766,4,372.807
shp_715_188,28.411867,77.314766,5,372.807
shp_715_188,28.4119,77.315208,6,416.729
shp_715_188,28.409691,77.315407,7,663.478
shp_715_188,28.409691,77.315407,8,663.478
shp_715_188,28.409733,77.316109,9,732.704
shp_715_188,28.409166,77.316162,10,795.884
shp_715_188,28.40922,77.317238,11,900.908
shp_715_188,28.408054,77.317337,12,1031.218
shp_715_188,28.408131,77.318398,13,1135.166
shp_715_188,28.408838,77.318359,14,1213.988
shp_715_188,28.408934,77.319473,15,1323.063
shp_715_188,28.40896,77.320038,16,1378.923
shp_715_189,28.585611,77.375587,1,0.0
shp_715_189,28.58667,77.375267,2,121.918
shp_715_189,28.587725,77.374878,3,245.109
shp_715_189,28.5884,77.374649,4,323.644
shp_715_189,28.588751,77.374496,5,365.481
shp_715_189,28.589729,77.374161,6,479.194
shp_715_189,28.590427,77.37381,7,563.993
shp_715_189,28.590837,77.373703,8,611.017
shp_715_189,28.591286,77.373657,9,660.929
shp_715_189,28.593573,77.372887,10,926.401
shp_715_189,28.594009,77.372749,11,976.935
shp_715_189,28.594179,77.372681,12,997.0
shp_715_189,28.594603,77.372543,13,1046.058
shp_715_189,28.59528,77.372299,14,1125.157
shp_715_189,28.595669,77.372124,15,1171.638
shp_715_189,28.596031,77.372086,16,1212.269
shp_715_189,28.596155,77.372086,17,1226.061
shp_715_189,28.596489,77.372108,18,1263.171
shp_715_189,28.597078,77.372124,19,1328.736
shp_715_189,28.597589,77.372154,20,1385.928
shp_715_189,28.598326,77.372185,21,1467.883
shp_715_189,28.598619,77.372299,22,1502.314
shp_715_189,28.600195,77.372322,23,1677.577
shp_715_189,28.601248,77.37236,24,1794.914
shp_715_189,28.602345,77.372421,25,1917.181
shp_715_189,28.604704,77.372505,26,2180.009
shp_715_189,28.605694,77.372536,27,2290.16
shp_715_189,28.607822,77.372665,28,2527.487
shp_715_189,28.609915,77.37278,29,2760.703
shp_715_189,28.610006,77.37281,30,2771.292
shp_715_189,28.612642,77.373062,31,3065.934
shp_715_189,28.6152,77.373329,32,3351.615
shp_715_189,28.616367,77.373428,33,3482.022
shp_715_189,28.616812,77.373444,34,3531.607
shp_715_189,28.617783,77.37355,35,3640.112
shp_715_189,28.617928,77.37355,36,3656.209
shp_715_189,28.620079,77.373787,37,3896.799
shp_715_189,28.621803,77.373962,38,4089.596
shp_715_189,28.623896,77.374168,39,4323.287
shp_715_189,28.623945,77.374176,40,4328.925
shp_715_189,28.624748,77.374252,41,4418.711
shp_715_189,28.62623,77.374313,42,4583.642
shp_715_189,28.626884,77.374329,43,4656.615
shp_715_189,28.627918,77.374367,44,4771.735
shp_715_189,28.628704,77.374413,45,4859.3
shp_715_189,28.62904,77.37429,46,4898.479
shp_715_189,28.630222,77.374329,47,5030.211
shp_715_190,28.616999,77.373466,1,0.0
shp_715_190,28.617783,77.37355,2,87.755
shp_715_190,28.617796,77.373062,3,135.726
shp_715_190,28.61783,77.370155,4,419.591
shp_715_190,28.617107,77.370041,5,500.768
shp_715_190,28.616398,77.369881,6,581.302
shp_715_190,28.615749,77.369606,7,658.404
shp_715_190,28.615232,77.369316,8,722.47
shp_715_190,28.614782,77.36895,9,783.983
shp_715_190,28.614296,77.368469,10,855.902
shp_715_190,28.613892,77.367897,11,927.415
shp_715_190,28.613691,77.367569,12,966.886
shp_715_190,28.613651,77.367493,13,975.141
shp_715_190,28.613314,77.366768,14,1055.829
shp_715_190,28.613106,77.365913,15,1142.448
shp_715_190,28.612993,77.365089,16,1224.059
shp_715_190,28.612988,77.364883,17,1243.923
shp_715_191,28.616999,77.373466,1,0.0
shp_715_191,28.617783,77.37355,2,87.755
shp_715_191,28.617796,77.373062,3,135.726
shp_715_191,28.618015,77.355026,4,1898.072
shp_715_191,28.618303,77.355034,5,1930.021
shp_715_191,28.618303,77.355034,6,1930.021
shp_715_191,28.619175,77.355049,7,2027.063
shp_715_191,28.622036,77.35508,8,2345.609
shp_715_192,28.616976,77.373688,1,0.0
shp_715_192,28.61525,77.373505,2,192.954
shp_715_192,28.615105,77.373604,3,211.79
shp_715_192,28.614595,77.380508,4,888.427
shp_715_192,28.614519,77.38166,5,1001.306
shp_715_192,28.614279,77.384933,6,1322.209
shp_715_192,28.613918,77.38961,7,1781.352
shp_715_192,28.613894,77.390366,8,1854.823
shp_715_192,28.613873,77.390526,9,1870.711
shp_715_192,28.613783,77.391388,10,1955.777
shp_715_192,28.613405,77.396301,11,2437.385
shp_715_192,28.616774,77.397278,12,2824.241
shp_715_192,28.618198,77.397675,13,2987.593
shp_715_192,28.619537,77.398087,14,3141.969
shp_715_193,28.689297,76.951172,1,0.0
shp_715_193,28.68928,76.951363,2,18.413
shp_715_193,28.693382,76.951431,3,475.202
shp_715_193,28.693382,76.951431,4,475.202
shp_715_193,28.695797,76.951477,5,744.066
shp_715_193,28.695797,76.951477,6,744.066
shp_715_193,28.695831,76.951477,7,747.965
shp_715_193,28.696211,76.951431,8,790.456
shp_715_193,28.696232,76.951431,9,792.668
shp_715_194,28.689297,76.951172,1,0.0
shp_715_194,28.688747,76.957344,2,605.471
shp_715_194,28.688654,76.958305,3,700.503
shp_715_194,28.688654,76.958305,4,700.503
shp_715_194,28.688507,76.959831,5,849.983
shp_715_194,28.688467,76.960144,6,880.843
shp_715_194,28.688417,76.96064,7,930.113
shp_715_194,28.688306999999998,76.961456,8,1010.098
shp_715_194,28.688059,76.964088,9,1268.621
shp_715_195,28.689169,76.951157,1,0.0
shp_715_195,28.689331,76.949448,2,168.221
shp_715_195,28.689524,76.947533,3,356.043
shp_715_195,28.689524,76.947533,4,356.043
shp_715_195,28.68961,76.946617,5,446.387
shp_715_195,28.689642,76.946434,6,464.881
shp_715_195,28.689699,76.94577,7,529.953
shp_715_195,28.689699,76.94577,8,529.953
shp_715_195,28.690157,76.94072,9,1025.857
shp_715_195,28.690382,76.938461,10,1247.608
shp_715_195,28.690382,76.938461,11,1247.608
shp_715_195,28.690607,76.936211,12,1468.99
shp_715_195,28.690678,76.935448,13,1543.916
shp_715_196,28.677402,77.112289,1,0.0
shp_715_196,28.677221,77.113739,2,142.81
shp_715_196,28.677208,77.113945,3,163.225
shp_715_196,28.676987,77.113892,4,188.302
shp_715_196,28.676895,77.113922,5,199.215
shp_715_196,28.674923,77.113579,6,421.109
shp_715_196,28.674429,77.113472,7,477.359
shp_715_196,28.674429,77.113472,8,477.359
shp_715_196,28.673494,77.113312,9,582.348
shp_715_196,28.673002,77.11322,10,638.059
shp_715_196,28.671871,77.113029,11,765.129
shp_715_196,28.671316,77.112968,12,827.202
shp_715_196,28.670952,77.112915,13,868.194
shp_715_196,28.670839,77.112885,14,880.974
shp_715_196,28.670481,77.112839,15,921.35
shp_715_196,28.669306,77.112625,16,1053.582
shp_715_196,28.669306,77.112625,17,1053.582
shp_715_196,28.667742,77.112343,18,1230.045
shp_715_196,28.667246,77.112274,19,1285.495
shp_715_196,28.666937,77.112221,20,1320.349
shp_715_196,28.666937,77.112221,21,1320.349
shp_715_196,28.666603,77.112167,22,1357.771
shp_715_196,28.666204,77.112076,23,1403.186
shp_715_196,28.66543,77.111931,24,1490.562
shp_715_196,28.665192,77.111839,25,1518.376
shp_715_196,28.664093,77.111076,26,1661.581
shp_715_196,28.66353,77.110703,27,1734.07
shp_715_196,28.66247,77.109985,28,1871.358
shp_715_196,28.662334,77.109863,29,1890.77
shp_715_196,28.662334,77.109863,30,1890.77
shp_715_196,28.662043,77.109596,31,1932.607
shp_715_196,28.661663,77.10923,32,1987.911
shp_715_196,28.661444,77.109039,33,2018.334
shp_715_196,28.661226,77.108955,34,2044.032
shp_715_196,28.660162,77.108833,35,2163.026
shp_715_196,28.659351,77.10878,36,2253.387
shp_715_196,28.658714,77.108749,37,2324.488
shp_715_196,28.658714,77.108749,38,2324.488
shp_715_196,28.657671,77.108826,39,2440.731
shp_715_196,28.657358,77.108856,40,2475.695
shp_715_196,28.655062,77.109016,41,2731.94
shp_715_196,28.654072,77.109154,42,2842.983
shp_715_196,28.653175,77.109306,43,2943.626
shp_715_196,28.653021,77.109322,44,2961.073
shp_715_197,28.677402,77.112289,1,0.0
shp_715_197,28.677221,77.113739,2,142.81
shp_715_197,28.677208,77.113945,3,163.225
shp_715_197,28.676508,77.119255,4,687.534
shp_715_197,28.676508,77.119255,5,687.534
shp_715_197,28.675755,77.124893,6,1244.759
shp_715_197,28.675491,77.127213,7,1472.94
shp_715_197,28.675491,77.127213,8,1472.94
shp_715_197,28.675119,77.130478,9,1794.625
shp_715_198,28.585005,77.311798,1,0.0
shp_715_198,28.583269,77.313004,2,226.69
shp_715_198,28.582535,77.313538,3,323.764
shp_715_198,28.581495,77.314537,4,474.814
shp_715_198,28.581573,77.314644,5,488.275
shp_715_198,28.580992,77.315254,6,576.534
shp_715_198,28.58152,77.315933,7,665.185
shp_715_198,28.581823,77.31636,8,719.024
shp_715_198,28.58214,77.316795,9,773.891
shp_715_198,28.58301,77.31794,10,921.836
shp_715_198,28.584082,77.319443,11,1110.976
shp_715_198,28.584772,77.320389,12,1231.701
shp_715_198,28.584854,77.320496,13,1245.584
shp_715_198,28.584925,77.32058,14,1256.517
shp_715_198,28.585278,77.321091,15,1320.182
shp_715_198,28.585463,77.321312,16,1350.177
shp_715_198,28.586472,77.322662,17,1523.454
shp_715_198,28.586554,77.322784,18,1538.301
shp_715_198,28.586554,77.322784,19,1538.301
shp_715_198,28.586864,77.323242,20,1595.078
shp_715_198,28.587227,77.323753,21,1659.153
shp_715_198,28.588987,77.326126,22,1963.093
shp_715_198,28.589561,77.326889,23,2061.235
shp_715_198,28.590433,77.328087,24,2213.086
shp_715_198,28.593307,77.331963,25,2709.399
shp_715_198,28.593708,77.332466,26,2775.318
shp_715_198,28.593828,77.332558,27,2791.532
shp_715_198,28.594028,77.332848,28,2827.923
shp_715_198,28.594193,77.333069,29,2855.841
shp_715_198,28.594307,77.333244,30,2877.207
shp_715_198,28.594633,77.333694,31,2934.285
shp_715_198,28.594646,77.333717,32,2937.153
shp_715_198,28.594662,77.333794,33,2944.526
shp_715_198,28.594833,77.334038,34,2975.457
shp_715_198,28.597094,77.337128,35,3368.472
shp_715_198,28.597273,77.337349,36,3398.01
shp_715_198,28.59734,77.337387,37,3406.195
shp_715_198,28.597368,77.337418,38,3410.428
shp_715_198,28.597431,77.337509,39,3421.693
shp_715_198,28.597431,77.337509,40,3421.693
shp_715_198,28.599447,77.340233,41,3770.159
shp_715_198,28.599905,77.340797,42,3845.259
shp_715_198,28.60025,77.341202,43,3900.214
shp_715_198,28.600315,77.341286,44,3911.585
shp_715_198,28.599529,77.342003,45,4023.587
shp_715_198,28.599348,77.342201,46,4051.591
shp_715_198,28.59923,77.342361,47,4071.665
shp_715_198,28.59915,77.34256,48,4093.368
shp_715_198,28.599079,77.342896,49,4127.297
shp_715_198,28.599052,77.343124,50,4149.542
shp_715_198,28.599058,77.3433,51,4167.123
shp_715_198,28.599079,77.343559,52,4191.875
shp_715_198,28.599154,77.344017,53,4237.462
shp_715_198,28.599174,77.344101,54,4246.56
shp_715_198,28.59936,77.345711,55,4405.053
shp_715_198,28.599415,77.346077,56,4441.214
shp_715_198,28.599464,77.346504,57,4483.278
shp_715_198,28.599636,77.348145,58,4644.969
shp_715_198,28.599863,77.349548,59,4784.036
shp_715_198,28.600044,77.350731,60,4901.428
shp_715_198,28.600063,77.350975,61,4925.293
shp_715_198,28.600134,77.351189,62,4947.843
shp_715_198,28.600304,77.351311,63,4970.282
shp_715_198,28.600624,77.351379,64,5006.588
shp_715_198,28.608402,77.350136,65,5881.091
shp_715_198,28.609035,77.350006,66,5952.461
shp_715_198,28.609043,77.350082,67,5959.756
shp_715_198,28.609043,77.350082,68,5959.756
shp_715_198,28.609362,77.352409,69,6190.211
shp_715_198,28.609402,77.352486,70,6198.953
shp_715_198,28.609547,77.352715,71,6226.007
shp_715_198,28.609804,77.353142,72,6276.734
shp_715_198,28.60972,77.353233,73,6290.074
shp_715_198,28.608761,77.35421,74,6433.264
shp_715_198,28.608828,77.354385,75,6451.734
shp_715_198,28.609154,77.355057,76,6526.964
shp_715_198,28.609489,77.354683,77,6579.553
shp_715_198,28.609533,77.35466,78,6584.967
shp_715_198,28.609583,77.354668,79,6590.495
shp_715_198,28.610258,77.355141,80,6678.75
shp_715_198,28.611053,77.355606,81,6778.563
shp_715_198,28.611132,77.355614,82,6787.242
shp_715_198,28.611242,77.355652,83,6799.994
shp_715_198,28.611023,77.357368,84,6969.38
shp_715_198,28.610365,77.362907,85,7515.636
shp_715_198,28.61021,77.367271,86,7942.695
shp_715_198,28.610161,77.368477,87,8060.412
shp_715_198,28.610012,77.372635,88,8467.703
shp_715_199,28.678493,77.102203,1,0.0
shp_715_199,28.678917,77.098862,2,329.18
shp_715_199,28.67905,77.097656,3,448.319
shp_715_199,28.67905,77.097656,4,448.319
shp_715_199,28.67914,77.096855,5,527.34
shp_715_199,28.679037,77.09684,6,538.691
shp_715_199,28.678783,77.096893,7,567.664
shp_715_199,28.678349,77.096848,8,616.11
shp_715_199,28.678301,77.096832,9,621.717
shp_715_199,28.678301,77.096832,10,621.717
shp_715_199,28.677576,77.096657,11,704.218
shp_715_199,28.677235,77.096611,12,742.45
shp_715_199,28.677235,77.096611,13,742.45
shp_715_199,28.675041,77.096336,14,988.051
shp_715_199,28.674498,77.096291,15,1048.719
shp_715_199,28.674498,77.096291,16,1048.719
shp_715_199,28.674419,77.096298,17,1057.552
shp_715_199,28.673803,77.096497,18,1128.69
shp_715_199,28.673294,77.096695,19,1188.604
shp_715_199,28.673294,77.096695,20,1188.604
shp_715_199,28.672012,77.097198,21,1339.667
shp_715_199,28.671606,77.097351,22,1387.121
shp_715_199,28.670124,77.097954,23,1562.207
shp_715_199,28.670015,77.097977,24,1574.667
shp_715_199,28.669855,77.098,25,1592.541
shp_715_199,28.669718,77.097992,26,1607.946
shp_715_199,28.668978,77.097908,27,1690.72
shp_715_199,28.668764,77.100029,28,1899.264
shp_715_199,28.66864,77.10154,29,2047.551
shp_715_200,28.588945,77.083107,1,0.0
shp_715_200,28.589191,77.082932,2,32.466
shp_715_200,28.589977,77.08242,3,133.313
shp_715_200,28.590069,77.082382,4,144.084
shp_715_200,28.590324,77.082321,5,173.141
shp_715_200,28.59042,77.082314,6,183.764
shp_715_200,28.590504,77.082321,7,193.284
shp_715_200,28.590408,77.083733,8,331.741
shp_715_200,28.590273,77.084869,9,443.987
shp_715_200,28.590134,77.085716,10,528.323
shp_715_200,28.59012,77.085762,11,532.745
shp_715_200,28.590086,77.086235,12,579.36
shp_715_200,28.590067,77.086311,13,586.771
shp_715_200,28.590038,77.086365,14,593.062
shp_715_200,28.589993,77.088707,15,822.118
shp_715_200,28.59,77.088783,16,829.935
shp_715_200,28.590008,77.088814,17,832.43
shp_715_200,28.590023,77.088829,18,834.802
shp_715_200,28.590061,77.088844,19,839.426
shp_715_200,28.590324,77.08886,20,868.832
shp_715_200,28.59066,77.088898,21,906.291
shp_715_200,28.590675,77.088905,22,908.231
shp_715_200,28.590683,77.088921,23,910.073
shp_715_200,28.590693,77.088989,24,916.669
shp_715_200,28.590666,77.089851,25,1001.121
shp_715_200,28.590677,77.089905,26,1006.553
shp_715_200,28.590702,77.089981,27,1014.177
shp_715_200,28.590979,77.090691,28,1090.413
shp_715_200,28.591011,77.090828,29,1103.967
shp_715_200,28.591043,77.09111,30,1132.004
shp_715_200,28.591051,77.091255,31,1145.886
shp_715_200,28.591078,77.092186,32,1237.307
shp_715_201,28.588945,77.083107,1,0.0
shp_715_201,28.589191,77.082932,2,32.466
shp_715_201,28.589977,77.08242,3,133.313
shp_715_201,28.590069,77.082382,4,144.084
shp_715_201,28.59013,77.082367,5,150.965
shp_715_201,28.590324,77.082321,6,173.142
shp_715_201,28.59042,77.082314,7,183.765
shp_715_201,28.590445,77.08194,8,220.269
shp_715_201,28.5902,77.081413,9,278.443
shp_715_201,28.590033,77.081322,10,299.016
shp_715_201,28.589891,77.081192,11,319.272
shp_715_201,28.589684,77.08091,12,355.48
shp_715_201,28.589365,77.080505,13,408.309
shp_715_201,28.589327,77.080521,14,412.814
shp_715_201,28.589287,77.080505,15,417.322
shp_715_201,28.58926,77.080467,16,421.836
shp_715_201,28.589251,77.080444,17,424.896
shp_715_201,28.589251,77.080406,18,427.965
shp_715_201,28.58926,77.080383,19,431.029
shp_715_201,28.589277,77.080353,20,434.086
shp_715_201,28.5893,77.080338,21,437.158
shp_715_201,28.589329,77.08033,22,440.222
shp_715_201,28.589373,77.080162,23,457.893
shp_715_201,28.589418,77.080048,24,470.067
shp_715_201,28.589716,77.079384,25,542.691
shp_715_201,28.589943,77.078949,26,592.277
shp_715_201,28.590214,77.078484,27,647.122
shp_715_201,28.59026,77.078316,28,664.147
shp_715_201,28.590275,77.078156,29,679.886
shp_715_201,28.590281,77.077972,30,697.882
shp_715_201,28.590246,77.077675,31,727.201
shp_715_201,28.590214,77.077599,32,735.207
shp_715_201,28.590094,77.077461,33,754.389
shp_715_201,28.589592,77.077057,34,822.707
shp_715_201,28.589518,77.076965,35,834.915
shp_715_201,28.589506,77.076942,36,837.763
shp_715_201,28.589512,77.076744,37,856.648
shp_715_201,28.589546,77.07653,38,877.879
shp_715_201,28.589617,77.076256,39,906.006
shp_715_201,28.589388,77.07634,40,932.669
shp_715_201,28.589024,77.076447,41,974.756
shp_715_201,28.588882,77.0765,42,991.163
shp_715_201,28.588545,77.07637,43,1030.585
shp_715_201,28.588228,77.076225,44,1068.863
shp_715_201,28.588085,77.076141,45,1086.738
shp_715_201,28.588039,77.07608,46,1094.693
shp_715_201,28.588017,77.075996,47,1102.958
shp_715_201,28.587996,77.075974,48,1106.302
shp_715_201,28.587755,77.075798,49,1138.007
shp_715_201,28.587217,77.075317,50,1213.915
shp_715_201,28.587049,77.075134,51,1239.976
shp_715_201,28.58691,77.075012,52,1259.772
shp_715_201,28.586775,77.074921,53,1277.081
shp_715_201,28.586336,77.074699,54,1330.459
shp_715_201,28.585747,77.074341,55,1404.795
shp_715_201,28.585241,77.074158,56,1463.81
shp_715_201,28.585133,77.074097,57,1477.604
shp_715_201,28.585012,77.073982,58,1494.66
shp_715_201,28.58485,77.073807,59,1519.827
shp_715_201,28.584768,77.0737,60,1533.46
shp_715_201,28.585033,77.0728,61,1626.769
shp_715_201,28.585081,77.07251,62,1655.093
shp_715_201,28.585102,77.072212,63,1684.352
shp_715_201,28.585117,77.071449,64,1759.159
shp_715_202,28.587164,77.372513,1,0.0
shp_715_202,28.588594,77.37442,2,245.238
shp_715_202,28.588837,77.374786,3,289.757
shp_715_202,28.589952,77.376831,4,525.304
shp_715_202,28.591801,77.38028,5,920.349
shp_715_202,28.592148,77.381042,6,1004.039
shp_715_202,28.592367,77.381332,7,1041.64
shp_715_202,28.592546,77.381744,8,1086.238
shp_715_202,28.592848,77.382484,9,1166.191
shp_715_202,28.593,77.382889,10,1209.2
shp_715_202,28.593077,77.38324,11,1244.249
shp_715_202,28.593615,77.384491,12,1380.733
shp_715_202,28.593723,77.384827,13,1416.045
shp_715_202,28.593769,77.385086,14,1441.389
shp_715_202,28.593782,77.385384,15,1470.501
shp_715_202,28.593763,77.386345,16,1564.424
shp_715_202,28.593773,77.386551,17,1585.052
shp_715_202,28.593813,77.386726,18,1602.586
shp_715_202,28.593878,77.386887,19,1619.938
shp_715_202,28.594048,77.387177,20,1653.667
shp_715_202,28.594175,77.387367,21,1677.447
shp_715_202,28.594532,77.387993,22,1750.371
shp_715_202,28.594746,77.388771,23,1830.115
shp_715_202,28.594955,77.389709,24,1924.442
shp_715_202,28.595049,77.389992,25,1954.27
shp_715_202,28.595245,77.390755,26,2031.396
shp_715_202,28.595407,77.391525,27,2109.095
shp_715_202,28.597683,77.400681,28,3038.936
shp_715_202,28.59865,77.404327,29,3411.61
shp_715_202,28.598955,77.40554,30,3535.147
shp_715_202,28.599224,77.406654,31,3647.472
shp_715_202,28.599617,77.408348,32,3818.744
shp_715_202,28.600113,77.410309,33,4018.172
shp_715_202,28.600172,77.4105,34,4038.24
shp_715_202,28.600378,77.411316,35,4121.167
shp_715_202,28.600622,77.412231,36,4214.362
shp_715_202,28.601309,77.414978,37,4493.896
shp_715_202,28.601826,77.416962,38,4696.209
shp_715_202,28.602592,77.420013,39,5006.068
shp_715_202,28.603069,77.421638,40,5173.818
shp_715_202,28.603352,77.422523,41,5265.438
shp_715_202,28.603991,77.424713,42,5491.079
shp_715_202,28.604471,77.426544,43,5677.7
shp_715_202,28.604593,77.426765,44,5703.32
shp_715_202,28.604689,77.426834,45,5716.062
shp_715_202,28.604771,77.426941,46,5729.987
shp_715_202,28.604826,77.427071,47,5743.92
shp_715_202,28.604849,77.427208,48,5757.858
shp_715_202,28.604828,77.427368,49,5773.505
shp_715_202,28.604776,77.427521,50,5789.542
shp_715_202,28.604692,77.427635,51,5804.19
shp_715_202,28.604858,77.428497,52,5890.412
shp_715_202,28.606115,77.433594,53,6407.517
shp_715_202,28.607025,77.437088,54,6763.906
shp_715_202,28.607361,77.438828,55,6938.138
shp_715_202,28.607386,77.439125,56,6967.022
shp_715_202,28.607403,77.439415,57,6995.305
shp_715_202,28.607351,77.440025,58,7055.34
shp_715_202,28.607327,77.440216,59,7074.522
shp_715_202,28.607292,77.440392,60,7091.836
shp_715_202,28.607285,77.440483,61,7101.233
shp_715_202,28.607119,77.441475,62,7199.268
shp_715_202,28.606953,77.442261,63,7278.595
shp_715_202,28.606888,77.442505,64,7303.82
shp_715_202,28.606434,77.443886,65,7447.474
shp_715_202,28.60606,77.444893,66,7554.742
shp_715_202,28.605516,77.446022,67,7680.369
shp_715_202,28.605024,77.446838,68,7776.954
shp_715_202,28.604376,77.447784,69,7894.359
shp_715_202,28.603556,77.448898,70,8036.261
shp_715_202,28.602943,77.4496,71,8133.111
shp_715_202,28.602913,77.44973,72,8146.132
shp_715_202,28.602936,77.449837,73,8157.451
shp_715_202,28.602936,77.449959,74,8168.769
shp_715_202,28.602915,77.450066,75,8180.084
shp_715_202,28.602879,77.450165,76,8190.51
shp_715_202,28.602823,77.450256,77,8200.947
shp_715_202,28.602764,77.450317,78,8210.017
shp_715_202,28.602695,77.450371,79,8219.087
shp_715_202,28.602592,77.450417,80,8231.479
shp_715_202,28.602482,77.450432,81,8243.863
shp_715_202,28.602371,77.450417,82,8256.253
shp_715_202,28.602266,77.450378,83,8268.644
shp_715_202,28.602137,77.450493,84,8286.777
shp_715_202,28.601561,77.451126,85,8376.171
shp_715_202,28.60108,77.451698,86,8453.623
shp_715_202,28.600523,77.452309,87,8539.468
shp_715_203,28.587164,77.372513,1,0.0
shp_715_203,28.588594,77.37442,2,245.238
shp_715_203,28.588837,77.374786,3,289.757
shp_715_203,28.589952,77.376831,4,525.304
shp_715_203,28.591801,77.38028,5,920.349
shp_715_203,28.592148,77.381042,6,1004.039
shp_715_203,28.592367,77.381332,7,1041.64
shp_715_203,28.592546,77.381744,8,1086.238
shp_715_203,28.592848,77.382484,9,1166.191
shp_715_203,28.593,77.382889,10,1209.2
shp_715_203,28.593077,77.38324,11,1244.249
shp_715_203,28.593615,77.384491,12,1380.733
shp_715_203,28.593723,77.384827,13,1416.045
shp_715_203,28.593769,77.385086,14,1441.389
shp_715_203,28.593782,77.385384,15,1470.501
shp_715_203,28.593763,77.386345,16,1564.424
shp_715_203,28.593773,77.386551,17,1585.052
shp_715_203,28.593813,77.386726,18,1602.586
shp_715_203,28.593878,77.386887,19,1619.938
shp_715_203,28.594048,77.387177,20,1653.667
shp_715_203,28.594175,77.387367,21,1677.447
shp_715_203,28.594532,77.387993,22,1750.371
shp_715_203,28.594746,77.388771,23,1830.115
shp_715_203,28.594955,77.389709,24,1924.442
shp_715_203,28.595049,77.389992,25,1954.27
shp_715_203,28.595245,77.390755,26,2031.396
shp_715_203,28.595407,77.391525,27,2109.095
shp_715_203,28.597683,77.400681,28,3038.936
shp_715_203,28.59865,77.404327,29,3411.61
shp_715_203,28.598955,77.40554,30,3535.147
shp_715_203,28.599224,77.406654,31,3647.472
shp_715_203,28.599617,77.408348,32,3818.744
shp_715_203,28.600113,77.410309,33,4018.172
shp_715_203,28.600172,77.4105,34,4038.24
shp_715_203,28.600378,77.411316,35,4121.167
shp_715_203,28.600622,77.412231,36,4214.362
shp_715_203,28.601309,77.414978,37,4493.896
shp_715_203,28.601826,77.416962,38,4696.209
shp_715_203,28.602592,77.420013,39,5006.068
shp_715_203,28.603069,77.421638,40,5173.818
shp_715_203,28.603352,77.422523,41,5265.438
shp_715_203,28.603991,77.424713,42,5491.079
shp_715_203,28.604471,77.426544,43,5677.7
shp_715_203,28.604593,77.426765,44,5703.32
shp_715_203,28.604689,77.426834,45,5716.062
shp_715_203,28.604771,77.426941,46,5729.987
shp_715_203,28.604826,77.427071,47,5743.92
shp_715_203,28.604849,77.427208,48,5757.858
shp_715_203,28.604828,77.427368,49,5773.505
shp_715_203,28.604776,77.427521,50,5789.542
shp_715_203,28.604692,77.427635,51,5804.19
shp_715_203,28.604858,77.428497,52,5890.412
shp_715_203,28.606115,77.433594,53,6407.517
shp_715_203,28.607025,77.437088,54,6763.906
shp_715_203,28.607361,77.438828,55,6938.138
shp_715_203,28.607386,77.439125,56,6967.022
shp_715_203,28.607403,77.439415,57,6995.305
shp_715_203,28.607351,77.440025,58,7055.34
shp_715_203,28.607327,77.440216,59,7074.522
shp_715_203,28.607292,77.440392,60,7091.836
shp_715_203,28.607285,77.440483,61,7101.233
shp_715_203,28.607119,77.441475,62,7199.268
shp_715_203,28.606953,77.442261,63,7278.595
shp_715_203,28.606888,77.442505,64,7303.82
shp_715_203,28.606434,77.443886,65,7447.474
shp_715_203,28.60606,77.444893,66,7554.742
shp_715_203,28.605516,77.446022,67,7680.369
shp_715_203,28.605024,77.446838,68,7776.954
shp_715_203,28.604376,77.447784,69,7894.359
shp_715_203,28.603556,77.448898,70,8036.261
shp_715_203,28.602943,77.4496,71,8133.111
shp_715_203,28.602913,77.44973,72,8146.132
shp_715_203,28.602936,77.449837,73,8157.451
shp_715_203,28.602936,77.449898,74,8163.207
shp_715_204,28.645306,77.167206,1,0.0
shp_715_204,28.6451,77.167557,2,41.368
shp_715_204,28.645687,77.167976,3,118.814
shp_715_204,28.645832,77.168106,4,139.016
shp_715_204,28.644993,77.16951,5,304.953
shp_715_204,28.645597,77.169907,6,382.849
shp_715_204,28.646505,77.170631,7,506.288
shp_715_204,28.647619,77.171494,8,655.719
shp_715_204,28.647619,77.171494,9,655.719
shp_715_204,28.647863,77.171677,10,688.682
shp_715_204,28.64711,77.172966,11,839.672
shp_715_204,28.646959,77.173195,12,868.033
shp_715_204,28.647188,77.17337,13,898.774
shp_715_204,28.646749,77.174126,14,986.829
shp_715_204,28.646965,77.174271,15,1014.777
shp_715_204,28.646793,77.174561,16,1048.556
shp_715_204,28.646021,77.175911,17,1206.455
shp_715_204,28.645872,77.176147,18,1234.621
shp_715_204,28.64609,77.176315,19,1263.683
shp_715_204,28.645666,77.177055,20,1350.002
shp_715_204,28.6457,77.177055,21,1353.821
shp_715_204,28.6457,77.177055,22,1353.821
shp_715_204,28.645838,77.177071,23,1369.224
shp_715_204,28.645981,77.177032,24,1385.421
shp_715_204,28.64608,77.176926,25,1400.282
shp_715_204,28.647925999999998,77.178284,26,1644.693
shp_715_204,28.648031,77.178368,27,1658.931
shp_715_204,28.648077,77.178421,28,1666.311
shp_715_204,28.648111,77.178482,29,1673.312
shp_715_204,28.648125,77.178528,30,1678.397
shp_715_204,28.648148,77.178772,31,1702.385
shp_715_204,28.648155,77.178986,32,1722.893
shp_715_204,28.648161,77.179268,33,1750.411
shp_715_204,28.648157,77.179619,34,1784.547
shp_715_204,28.648142,77.179863,35,1808.616
shp_715_204,28.648115,77.179947,36,1817.497
shp_715_204,28.648022,77.180069,37,1832.993
shp_715_204,28.647806,77.179939,38,1859.97
shp_715_204,28.647499,77.179726,39,1900.027
shp_715_204,28.647406,77.179642,40,1913.502
shp_715_204,28.647333,77.179497,41,1929.49
shp_715_204,28.647238,77.179077,42,1971.987
shp_715_204,28.647179,77.178993,43,1982.115
shp_715_204,28.647078,77.178963,44,1993.727
shp_715_204,28.646696,77.17894,45,2036.301
shp_715_204,28.646696,77.17894,46,2036.301
shp_715_204,28.646681,77.180138,47,2153.683
shp_715_204,28.646982,77.180168,48,2187.492
shp_715_204,28.647093,77.180191,49,2199.872
shp_715_204,28.647215,77.180244,50,2214.461
shp_715_204,28.647732,77.180603,51,2281.851
shp_715_204,28.647713,77.180634,52,2285.416
shp_715_204,28.647713,77.180634,53,2285.416
shp_715_204,28.64716,77.181564,54,2395.046
shp_715_204,28.648731,77.182709,55,2602.804
shp_715_204,28.648819,77.182755,56,2613.467
shp_715_204,28.64917,77.182884,57,2654.43
shp_715_204,28.649311,77.182945,58,2671.393
shp_715_204,28.649559,77.183113,59,2703.468
shp_715_204,28.649975,77.183411,60,2757.896
shp_715_204,28.650007,77.18335,61,2764.983
shp_715_205,28.64138,77.295319,1,0.0
shp_715_205,28.640608,77.29435,2,127.726
shp_715_205,28.640753,77.29422,3,148.383
shp_715_205,28.640823,77.294144,4,159.371
shp_715_205,28.641109,77.293945,5,196.617
shp_715_205,28.642044,77.292953,6,338.845
shp_715_205,28.642586,77.292419,7,418.689
shp_715_205,28.642586,77.292419,8,418.689
shp_715_205,28.643028,77.291977,9,484.129
shp_715_205,28.643305,77.291695,10,525.662
shp_715_205,28.643322,77.291634,11,531.788
shp_715_205,28.643362,77.291565,12,539.741
shp_715_205,28.643744,77.291161,13,597.533
shp_715_205,28.64407,77.290863,14,644.057
shp_715_205,28.644093,77.290848,15,646.979
shp_715_205,28.644146,77.29084,16,653.002
shp_715_205,28.644371,77.290619,17,686.256
shp_715_205,28.644371,77.290619,18,686.256
shp_715_205,28.645605,77.289398,19,867.978
shp_715_205,28.646713,77.288261,20,1034.033
shp_715_206,28.574865,77.356186,1,0.0
shp_715_206,28.575544,77.357094,2,116.252
shp_715_206,28.575611,77.357201,3,128.865
shp_715_206,28.57662,77.358566,4,303.499
shp_715_206,28.577427,77.35965,5,442.422
shp_715_206,28.577538,77.359787,6,460.521
shp_715_206,28.578941,77.361649,7,700.513
shp_715_206,28.57902,77.36174,8,712.759
shp_715_206,28.57988,77.362862,9,858.558
shp_715_206,28.580008,77.362915,10,873.652
shp_715_206,28.580114,77.363037,11,890.425
shp_715_206,28.580679,77.363792,12,987.365
shp_715_206,28.58102,77.364403,13,1058.11
shp_715_206,28.582897,77.366859,14,1376.56
shp_715_206,28.58429,77.368668,15,1611.335
shp_715_206,28.588594,77.37442,16,2350.514
shp_715_206,28.588837,77.374786,17,2395.033
shp_715_206,28.589952,77.376831,18,2630.581
shp_715_206,28.591801,77.38028,19,3025.625
shp_715_206,28.592148,77.381042,20,3109.315
shp_715_206,28.592367,77.381332,21,3146.917
shp_715_206,28.592546,77.381744,22,3191.514
shp_715_206,28.592848,77.382484,23,3271.467
shp_715_206,28.593,77.382889,24,3314.476
shp_715_206,28.593077,77.38324,25,3349.525
shp_715_206,28.593615,77.384491,26,3486.009
shp_715_206,28.593723,77.384827,27,3521.322
shp_715_206,28.593769,77.385086,28,3546.665
shp_715_206,28.593782,77.385384,29,3575.777
shp_715_206,28.593763,77.386345,30,3669.7
shp_715_206,28.593773,77.386551,31,3690.329
shp_715_206,28.593813,77.386726,32,3707.862
shp_715_206,28.593878,77.386887,33,3725.214
shp_715_206,28.594048,77.387177,34,3758.943
shp_715_206,28.594175,77.387367,35,3782.723
shp_715_206,28.594532,77.387993,36,3855.647
shp_715_206,28.594746,77.388771,37,3935.391
shp_715_206,28.594955,77.389709,38,4029.718
shp_715_206,28.595049,77.389992,39,4059.546
shp_715_206,28.595245,77.390755,40,4136.672
shp_715_206,28.595407,77.391525,41,4214.372
shp_715_206,28.597683,77.400681,42,5144.212
shp_715_206,28.59865,77.404327,43,5516.886
shp_715_206,28.598955,77.40554,44,5640.424
shp_715_206,28.599224,77.406654,45,5752.748
shp_715_206,28.599617,77.408348,46,5924.02
shp_715_206,28.600113,77.410309,47,6123.448
shp_715_206,28.600172,77.4105,48,6143.517
shp_715_206,28.600378,77.411316,49,6226.444
shp_715_206,28.600622,77.412231,50,6319.638
shp_715_206,28.601309,77.414978,51,6599.172
shp_715_206,28.601826,77.416962,52,6801.486
shp_715_206,28.602592,77.420013,53,7111.344
shp_715_206,28.603069,77.421638,54,7279.094
shp_715_206,28.603352,77.422523,55,7370.715
shp_715_206,28.603991,77.424713,56,7596.355
shp_715_206,28.604471,77.426544,57,7782.977
shp_715_206,28.604593,77.426765,58,7808.597
shp_715_206,28.604689,77.426834,59,7821.338
shp_715_206,28.604771,77.426941,60,7835.263
shp_715_206,28.604826,77.427071,61,7849.197
shp_715_206,28.604849,77.427208,62,7863.135
shp_715_206,28.604828,77.427368,63,7878.782
shp_715_206,28.604776,77.427521,64,7894.818
shp_715_206,28.60487,77.42778,65,7922.246
shp_715_206,28.605263,77.429436,66,8089.522
shp_715_207,28.574865,77.356186,1,0.0
shp_715_207,28.575544,77.357094,2,116.252
shp_715_207,28.575611,77.357201,3,128.865
shp_715_207,28.576952,77.359009,4,360.577
shp_715_207,28.577024,77.359146,5,376.27
shp_715_207,28.57715,77.359344,6,399.888
shp_715_207,28.577158,77.359367,7,402.384
shp_715_207,28.577156,77.35939,8,404.881
shp_715_207,28.577145,77.359413,9,407.37
shp_715_207,28.577126,77.359428,10,409.862
shp_715_207,28.577103,77.359428,11,412.347
shp_715_207,28.577082,77.359421,12,414.842
shp_715_207,28.576931,77.359222,13,440.79
shp_715_207,28.576885,77.359169,14,447.797
shp_715_207,28.576792,77.359131,15,459.048
shp_715_207,28.575691,77.357666,16,647.069
shp_715_207,28.575548,77.357582,17,665.172
shp_715_207,28.575483,77.357559,18,672.77
shp_715_207,28.575417,77.357544,19,680.373
shp_715_207,28.57535,77.357552,20,687.764
shp_715_207,28.575285,77.357567,21,695.145
shp_715_207,28.575226,77.357597,22,702.545
shp_715_207,28.573307,77.359161,23,965.372
shp_715_207,28.573183,77.359245,24,981.102
shp_715_207,28.572857,77.359505,25,1025.719
shp_715_207,28.572693,77.359619,26,1047.08
shp_715_207,28.572517,77.359711,27,1068.396
shp_715_207,28.571878,77.360245,28,1156.877
shp_715_207,28.570461,77.361404,29,1351.106
shp_715_207,28.570461,77.361404,30,1351.106
shp_715_207,28.569641,77.362083,31,1463.952
shp_715_207,28.568695,77.362915,32,1597.142
shp_715_207,28.568213,77.363411,33,1669.36
shp_715_207,28.567978,77.363602,34,1701.339
shp_715_207,28.567745,77.363754,35,1731.481
shp_715_207,28.567175,77.364082,36,1802.36
shp_715_207,28.566341,77.364754,37,1915.902
shp_715_207,28.565907,77.365067,38,1973.455
shp_715_207,28.565592,77.365257,39,2013.083
shp_715_207,28.567326,77.367828,40,2329.68
shp_715_207,28.567093,77.368004,41,2361.048
shp_715_207,28.56702,77.36808,42,2371.658
shp_715_207,28.566963,77.368164,43,2382.247
shp_715_207,28.566614,77.368874,44,2461.828
shp_715_207,28.566509,77.369019,45,2480.237
shp_715_207,28.566166,77.369614,46,2549.628
shp_715_207,28.565929,77.369934,47,2590.771
shp_715_207,28.565748,77.370125,48,2617.898
shp_715_208,28.574865,77.356186,1,0.0
shp_715_208,28.575254,77.356705,2,66.526
shp_715_208,28.575415,77.35685,3,89.132
shp_715_208,28.575487,77.35688,4,97.685
shp_715_208,28.575609,77.356895,5,111.451
shp_715_208,28.575729,77.356857,6,125.279
shp_715_208,28.576057,77.356613,7,168.66
shp_715_208,28.576536,77.356247,8,233.09
shp_715_208,28.576946,77.355888,9,290.572
shp_715_208,28.578289,77.354797,10,474.072
shp_715_208,28.578453,77.354691,11,495.255
shp_715_208,28.578623,77.354622,12,515.331
shp_715_208,28.579594,77.353836,13,647.895
shp_715_208,28.58106,77.352531,14,855.198
shp_715_208,28.581347,77.352287,15,894.86
shp_715_208,28.581448,77.352226,16,907.69
shp_715_208,28.582218,77.351654,17,1009.771
shp_715_208,28.585909,77.348198,18,1541.895
shp_715_208,28.588247,77.346031,19,1877.63
shp_715_208,28.588324,77.34594,20,1889.922
shp_715_208,28.589025,77.345276,21,1991.383
shp_715_208,28.5896,77.344719,22,2075.25
shp_715_208,28.58983,77.344505,23,2108.191
shp_715_208,28.589905,77.344604,24,2120.766
shp_715_208,28.588306,77.346115,25,2351.637
shp_715_208,28.588026,77.346474,26,2398.983
shp_715_208,28.585924,77.348473,27,2703.986
shp_715_208,28.587078,77.35006,28,2905.376
shp_715_208,28.587854,77.351082,29,3037.313
shp_715_208,28.587854,77.351082,30,3037.313
shp_715_208,28.588413,77.351814,31,3132.416
shp_715_208,28.590124,77.354134,32,3428.319
shp_715_208,28.590809,77.353455,33,3529.547
shp_715_208,28.59096,77.35331,34,3551.444
shp_715_208,28.591093,77.353195,35,3569.784
shp_715_208,28.591251,77.353134,36,3588.561
shp_715_208,28.591904,77.35302,37,3662.089
shp_715_208,28.592785,77.352806,38,3762.307
shp_715_208,28.5935,77.352646,39,3843.459
shp_715_208,28.593596,77.352615,40,3854.546
shp_715_208,28.593683,77.352554,41,3865.936
shp_715_208,28.594393,77.351837,42,3971.466
shp_715_208,28.59486,77.351387,43,4039.781
shp_715_208,28.594261,77.350586,44,4142.635
shp_715_208,28.594084,77.350327,45,4174.481
shp_715_208,28.591827,77.347336,46,4560.312
shp_715_209,28.666534,77.205872,1,0.0
shp_715_209,28.667248,77.205894,2,79.412
shp_715_209,28.667755,77.206345,3,150.723
shp_715_209,28.668161,77.206764,4,211.591
shp_715_209,28.668314,77.206566,5,237.107
shp_715_209,28.668825,77.205879,6,325.265
shp_715_209,28.668924,77.205658,7,349.28
shp_715_209,28.668938,77.205605,8,354.909
shp_715_209,28.668983,77.205276,9,387.582
shp_715_209,28.668983,77.205276,10,387.582
shp_715_209,28.669075,77.204613,11,452.891
shp_715_209,28.669212,77.203819,12,532.111
shp_715_209,28.669283,77.203568,13,557.583
shp_715_209,28.669373,77.203339,14,582.118
shp_715_209,28.669437,77.203209,15,596.647
shp_715_209,28.669497,77.20311,16,608.381
shp_715_209,28.66972,77.202843,17,644.537
shp_715_209,28.669817,77.202751,18,658.622
shp_715_209,28.669912,77.202675,19,671.312
shp_715_209,28.669998,77.202621,20,682.365
shp_715_209,28.670439,77.2024,21,735.973
shp_715_209,28.670637,77.202316,22,759.427
shp_715_209,28.670921,77.202179,23,793.904
shp_715_209,28.671015,77.202126,24,805.692
shp_715_209,28.671108,77.202049,25,818.253
shp_715_209,28.671165,77.201988,26,826.883
shp_715_209,28.671209,77.201912,27,835.841
shp_715_209,28.671247,77.20182,28,846.004
shp_715_209,28.671268,77.201706,29,857.269
shp_715_209,28.671267,77.201263,30,900.234
shp_715_209,28.671278,77.200569,31,968.086
shp_715_209,28.671247,77.200539,32,972.514
shp_715_209,28.671225,77.200478,33,979.115
shp_715_209,28.671234,77.200424,34,984.778
shp_715_209,28.671251,77.200386,35,988.58
shp_715_209,28.671278,77.200363,36,992.376
shp_715_209,28.67131,77.200348,37,996.174
shp_715_209,28.671352,77.200348,38,1000.916
shp_715_209,28.671385,77.200363,39,1004.815
shp_715_209,28.671412,77.200394,40,1008.716
shp_715_209,28.671434,77.200447,41,1014.542
shp_715_209,28.671741,77.200752,42,1059.884
shp_715_209,28.671741,77.200752,43,1059.884
shp_715_209,28.67177,77.200783,44,1064.785
shp_715_209,28.672131,77.201294,45,1128.746
shp_715_209,28.672461,77.20163,46,1177.825
shp_715_209,28.672562,77.201691,47,1190.601
shp_715_209,28.672659,77.201721,48,1201.787
shp_715_209,28.672754,77.201729,49,1212.436
shp_715_209,28.672852,77.201729,50,1223.139
shp_715_209,28.672852,77.201729,51,1223.139
shp_715_209,28.673265,77.201736,52,1269.283
shp_715_209,28.674206,77.201736,53,1374.08
shp_715_209,28.675125,77.201706,54,1476.261
shp_715_209,28.675215,77.201759,55,1487.522
shp_715_209,28.676004,77.202332,56,1591.701
shp_715_209,28.676197,77.202454,57,1616.427
shp_715_209,28.676228,77.2024,58,1622.791
shp_715_209,28.676273,77.202362,59,1629.149
shp_715_209,28.676292,77.202354,60,1631.323
shp_715_210,28.664841,77.206276,1,0.0
shp_715_210,28.664343,77.207863,2,164.342
shp_715_210,28.664213,77.208199,3,200.505
shp_715_210,28.664213,77.208199,4,200.505
shp_715_210,28.664129,77.208176,5,210.027
shp_715_210,28.66382,77.208069,6,246.112
shp_715_210,28.663578,77.207901,7,277.918
shp_715_210,28.663578,77.207901,8,277.918
shp_715_210,28.663116,77.207573,9,337.982
shp_715_210,28.662472,77.207314,10,414.212
shp_715_210,28.662249,77.207237,11,440.238
shp_715_210,28.662294,77.207001,12,463.762
shp_715_210,28.662294,77.207001,13,463.762
shp_715_210,28.662462,77.205864,14,576.241
shp_715_210,28.662477,77.205658,15,596.138
shp_715_210,28.662466,77.205605,16,602.023
shp_715_210,28.662418,77.205482,17,615.02
shp_715_210,28.662384,77.20546,18,619.373
shp_715_210,28.662331,77.205391,19,628.325
shp_715_210,28.662323,77.205376,20,630.284
shp_715_210,28.661804,77.205124,21,692.977
shp_715_210,28.661577,77.205002,22,720.909
shp_715_210,28.661119,77.204514,23,790.51
shp_715_210,28.661074,77.204453,24,798.705
shp_715_210,28.661074,77.204453,25,798.705
shp_715_210,28.661024,77.204384,26,807.048
shp_715_210,28.660872,77.204887,27,858.851
shp_715_210,28.660872,77.204887,28,858.851
shp_715_210,28.660393,77.206451,29,1021.02
shp_715_210,28.659803,77.208443,30,1225.877
shp_715_210,28.659142,77.210526,31,1442.539
shp_715_210,28.658901,77.21138,32,1530.067
shp_715_212,28.667229,77.197021,1,0.0
shp_715_212,28.665852,77.202194,2,527.694
shp_715_212,28.665518,77.203217,3,634.368
shp_715_212,28.665442,77.203621,4,674.265
shp_715_212,28.6654,77.203934,5,705.159
shp_715_212,28.665272,77.204414,6,754.548
shp_715_212,28.664986,77.205139,7,831.976
shp_715_212,28.664917,77.205482,8,866.553
shp_715_212,28.664959,77.205772,9,895.139
shp_715_212,28.664955,77.205841,10,901.646
shp_715_212,28.664923,77.205994,11,916.994
shp_715_212,28.664841,77.206276,12,946.461
shp_715_212,28.664343,77.207863,13,1110.803
shp_715_212,28.664177,77.208305,14,1157.713
shp_715_212,28.664177,77.208305,15,1157.713
shp_715_212,28.663631,77.209846,16,1320.349
shp_715_212,28.66321,77.210991,17,1441.636
shp_715_212,28.663202,77.211014,18,1443.771
shp_715_212,28.663202,77.211014,19,1443.771
shp_715_212,28.663067,77.211472,20,1490.777
shp_715_212,28.662989,77.211891,21,1533.179
shp_715_212,28.662951,77.212273,22,1570.24
shp_715_212,28.662951,77.212273,23,1570.24
shp_715_212,28.662945,77.212318,24,1575.206
shp_715_212,28.662992,77.214149,25,1754.141
shp_715_212,28.662991,77.214287,26,1767.029
shp_715_212,28.662954,77.214523,27,1791.151
shp_715_212,28.662821,77.215179,28,1856.615
shp_715_212,28.66292,77.21534,29,1875.705
shp_715_212,28.662951,77.21521,30,1888.498
shp_715_211,28.672859,77.146111,1,0.0
shp_715_211,28.673182,77.143547,2,252.622
shp_715_211,28.67314,77.143021,3,304.177
shp_715_211,28.673517,77.140541,4,550.619
shp_715_211,28.673527,77.140411,5,562.742
shp_715_211,28.673515,77.140297,6,573.953
shp_715_211,28.673409,77.140083,7,598.571
shp_715_211,28.673399,77.139992,8,607.627
shp_715_211,28.673435,77.139832,9,623.108
shp_715_211,28.673475,77.139763,10,631.342
shp_715_211,28.673531,77.139709,11,639.632
shp_715_211,28.673615,77.139664,12,649.971
shp_715_211,28.673656,77.139496,13,666.707
shp_715_211,28.673958,77.136887,14,924.141
shp_715_211,28.674086,77.136467,15,967.151
shp_715_211,28.673386,77.136261,16,1047.836
shp_715_211,28.672644,77.136009,17,1133.945
shp_715_211,28.672644,77.136009,18,1133.945
shp_715_211,28.672462,77.135941,19,1155.124
shp_715_211,28.67201,77.135689,20,1211.356
shp_715_211,28.671659,77.135452,21,1256.444
shp_715_211,28.671274,77.135132,22,1309.837
shp_715_211,28.67095,77.13475,23,1361.662
shp_715_211,28.670225,77.133842,24,1481.176
shp_715_211,28.67008,77.133713,25,1502.049
shp_715_211,28.670164,77.133026,26,1569.712
shp_715_211,28.670231,77.132347,27,1636.352
shp_715_211,28.670288,77.131851,28,1684.841
shp_715_211,28.670288,77.131851,29,1684.841
shp_715_211,28.670424,77.130684,30,1799.928
shp_715_211,28.670424,77.130684,31,1799.928
shp_715_211,28.670488,77.130264,32,1842.102
shp_715_211,28.670612,77.129189,33,1948.102
shp_715_211,28.670673,77.128578,34,2007.849
shp_715_211,28.670355,77.128525,35,2043.68
shp_715_211,28.670355,77.128525,36,2043.68
shp_715_211,28.669134,77.128334,37,2180.873
shp_715_211,28.669134,77.128334,38,2180.873
shp_715_211,28.666519,77.12793,39,2474.441
shp_715_211,28.666519,77.12793,40,2474.441
shp_715_211,28.665981,77.127853,41,2534.837
shp_715_211,28.665995,77.127785,42,2541.623
shp_715_211,28.666412,77.123947,43,2919.022
shp_715_211,28.666603,77.122337,44,3077.914
shp_715_211,28.666603,77.122337,45,3077.914
shp_715_211,28.666708,77.121445,46,3165.575
shp_715_211,28.666794,77.120804,47,3229.105
shp_715_211,28.666948,77.119431,48,3364.256
shp_715_211,28.666956,77.119354,49,3372.071
shp_715_211,28.666958,77.119102,50,3396.547
shp_715_211,28.666958,77.119102,51,3396.547
shp_715_211,28.666998,77.117157,52,3586.938
shp_715_211,28.667252,77.115395,53,3760.754
shp_715_211,28.667479,77.113701,54,3928.596
shp_715_213,28.666729,77.196884,1,0.0
shp_715_213,28.666773,77.196526,2,35.018
shp_715_213,28.666809,77.196014,3,84.878
shp_715_213,28.667015,77.196083,4,108.677
shp_715_213,28.667303,77.196205,5,142.833
shp_715_213,28.667507,77.19545,6,219.979
shp_715_213,28.667507,77.19545,7,219.979
shp_715_213,28.668344,77.192345,8,537.224
shp_715_213,28.668344,77.192345,9,537.224
shp_715_213,28.669302,77.188797,10,899.702
shp_715_213,28.669485,77.188072,11,973.164
shp_715_213,28.669693,77.187141,12,1067.091
shp_715_213,28.669729,77.186737,13,1106.839
shp_715_213,28.669874,77.183777,14,1396.19
shp_715_213,28.669874,77.183777,15,1396.19
shp_715_213,28.669935,77.182388,16,1532.086
shp_715_213,28.670012,77.181496,17,1619.54
shp_715_213,28.670012,77.181496,18,1619.54
shp_715_213,28.670019,77.181396,19,1629.512
shp_715_213,28.670208,77.180252,20,1743.22
shp_715_213,28.670443,77.179115,21,1857.254
shp_715_213,28.6707,77.177917,22,1977.405
shp_715_213,28.6707,77.177917,23,1977.405
shp_715_213,28.671015,77.176331,24,2136.779
shp_715_213,28.671015,77.176331,25,2136.779
shp_715_213,28.671402,77.174301,26,2339.419
shp_715_213,28.671402,77.174301,27,2339.419
shp_715_213,28.671515,77.17363,28,2405.903
shp_715_213,28.671597,77.17334,29,2435.95
shp_715_213,28.672047,77.172287,30,2550.399
shp_715_213,28.672125,77.172119,31,2568.96
shp_715_213,28.672365,77.171486,32,2636.028
shp_715_213,28.672464,77.171082,33,2677.402
shp_715_213,28.672518,77.170464,34,2737.836
shp_715_213,28.672501,77.169998,35,2783.04
shp_715_214,28.513103,77.185364,1,0.0
shp_715_214,28.51405,77.186234,2,135.127
shp_715_214,28.514414,77.186584,3,188.685
shp_715_214,28.516245,77.18824,4,448.85
shp_715_214,28.516417,77.188339,5,470.081
shp_715_214,28.518167,77.189255,6,684.561
shp_715_214,28.521061,77.189507,7,1007.681
shp_715_214,28.521717,77.189552,8,1080.906
shp_715_214,28.522247,77.189644,9,1140.501
shp_715_214,28.522345,77.189598,10,1152.182
shp_715_214,28.522615,77.189499,11,1183.768
shp_715_214,28.52326,77.189095,12,1265.817
shp_715_214,28.524158,77.188545,13,1379.556
shp_715_214,28.524345,77.188492,14,1400.895
shp_715_214,28.524441,77.188339,15,1419.125
shp_715_214,28.525038,77.187805,16,1503.691
shp_715_214,28.525433,77.187386,17,1563.608
shp_715_215,28.676989,77.346863,1,0.0
shp_715_215,28.676954,77.345604,2,123.506
shp_715_215,28.676893,77.344154,3,264.733
shp_715_215,28.677038,77.344139,4,281.054
shp_715_215,28.677103,77.345596,5,423.035
shp_715_215,28.677877,77.345573,6,509.2
shp_715_215,28.678377,77.345581,7,564.861
shp_715_215,28.678938,77.345612,8,627.438
shp_715_215,28.67981,77.345734,9,725.187
shp_715_215,28.68124,77.345917,10,885.339
shp_715_215,28.68124,77.345917,11,885.339
shp_715_215,28.681906,77.346001,12,959.968
shp_715_215,28.683338,77.346138,13,1120.106
shp_715_215,28.68401,77.346191,14,1194.972
shp_715_215,28.684469,77.346214,15,1246.046
shp_715_215,28.684734,77.346237,16,1275.862
shp_715_215,28.684866,77.346268,17,1290.65
shp_715_215,28.684917,77.346283,18,1296.693
shp_715_215,28.685015,77.345978,19,1329.086
shp_715_215,28.685015,77.345978,20,1329.086
shp_715_215,28.685566,77.344208,21,1511.871
shp_715_215,28.685638,77.344025,22,1531.984
shp_715_215,28.685638,77.344025,23,1531.984
shp_715_215,28.68572,77.343803,24,1555.142
shp_715_215,28.685947,77.3433,25,1610.72
shp_715_215,28.686522,77.342285,26,1728.225
shp_715_215,28.686728,77.341965,27,1767.489
shp_715_215,28.687077,77.341446,28,1831.161
shp_715_215,28.687269,77.341209,29,1862.761
shp_715_215,28.687292,77.341232,30,1866.27
shp_715_215,28.687605,77.341499,31,1909.67
shp_715_215,28.687605,77.341499,32,1909.67
shp_715_215,28.687735,77.341606,33,1927.57
shp_715_215,28.687889,77.341698,34,1946.884
shp_715_215,28.688868,77.342529,35,2082.736
shp_715_215,28.689569,77.343094,36,2178.334
shp_715_215,28.689569,77.343094,37,2178.334
shp_715_215,28.689795,77.343269,38,2208.977
shp_715_215,28.690142,77.343491,39,2253.022
shp_715_215,28.691715,77.344398,40,2449.586
shp_715_215,28.692177,77.344658,41,2506.866
shp_715_215,28.692297,77.344711,42,2521.179
shp_715_215,28.692596,77.344826,43,2556.331
shp_715_215,28.692596,77.344826,44,2556.331
shp_715_215,28.692665,77.344849,45,2564.357
shp_715_216,28.682135,77.043938,1,0.0
shp_715_216,28.682146,77.043373,2,55.187
shp_715_216,28.682148,77.042999,3,91.33
shp_715_216,28.682148,77.042999,4,91.33
shp_715_216,28.682165,77.039131,5,468.939
shp_715_216,28.682264,77.034912,6,880.989
shp_715_216,28.682285,77.032455,7,1121.243
shp_715_216,28.682285,77.030571,8,1305.049
shp_715_217,28.682293,77.043938,1,0.0
shp_715_217,28.682224,77.052124,2,799.479
shp_715_217,28.682224,77.052124,3,799.479
shp_715_217,28.682215,77.054062,4,989.119
shp_715_217,28.68224,77.056236,5,1201.167
shp_715_217,28.68224,77.056236,6,1201.167
shp_715_217,28.682268,77.058357,7,1408.008
shp_715_217,28.682289,77.059036,8,1474.771
shp_715_217,28.682207,77.06031,9,1599.432
shp_715_217,28.682207,77.06031,10,1599.432
shp_715_217,28.682184,77.063095,11,1871.712
shp_715_217,28.682184,77.064194,12,1978.755
shp_715_217,28.682184,77.064194,13,1978.755
shp_715_217,28.682182,77.066444,14,2198.18
shp_715_217,28.682146,77.068947,15,2442.772
shp_715_218,28.648941,77.12278,1,0.0
shp_715_218,28.648659,77.122139,2,69.646
shp_715_218,28.648537,77.121826,3,103.524
shp_715_218,28.648464,77.121773,4,113.057
shp_715_218,28.648417,77.121758,5,118.518
shp_715_218,28.648352,77.12175,6,125.85
shp_715_218,28.648201,77.121857,7,145.437
shp_715_218,28.647621,77.122223,8,219.581
shp_715_218,28.647583,77.122139,9,229.033
shp_715_218,28.647484,77.121948,10,250.931
shp_715_218,28.647335,77.121735,11,277.409
shp_715_218,28.64719,77.121559,12,300.82
shp_715_218,28.646973,77.121376,13,330.873
shp_715_218,28.646791,77.121262,14,353.938
shp_715_218,28.646557,77.121132,15,382.909
shp_715_218,28.646408,77.121071,16,400.385
shp_715_218,28.646265,77.121033,17,416.999
shp_715_218,28.645927,77.120979,18,454.77
shp_715_218,28.645794,77.120979,19,469.746
shp_715_218,28.645622,77.120987,20,488.949
shp_715_218,28.645525,77.12101,21,499.839
shp_715_218,28.645378,77.121056,22,516.696
shp_715_218,28.645378,77.121056,23,516.696
shp_715_218,28.645235,77.121094,24,533.277
shp_715_218,28.64509,77.121178,25,551.049
shp_715_218,28.644777,77.121384,26,591.718
shp_715_218,28.644609,77.121147,27,621.673
shp_715_218,28.644604,77.121109,28,625.69
shp_715_218,28.644577,77.121071,29,630.199
shp_715_218,28.644224,77.121353,30,678.173
shp_715_218,28.64394,77.121574,31,716.487
shp_715_218,28.642796,77.122101,32,853.737
shp_715_218,28.642796,77.122101,33,853.737
shp_715_218,28.642166,77.122391,34,929.396
shp_715_218,28.642166,77.122391,35,929.396
shp_715_218,28.641733,77.122597,36,981.559
shp_715_218,28.641647,77.122437,37,999.916
shp_715_218,28.641552,77.122307,38,1016.482
shp_715_218,28.64114,77.121887,39,1077.625
shp_715_218,28.64114,77.121887,40,1077.625
shp_715_218,28.641068,77.121819,41,1088.403
shp_715_218,28.640923,77.121521,42,1121.205
shp_715_218,28.640364,77.120033,43,1279.215
shp_715_218,28.640364,77.120033,44,1279.215
shp_715_218,28.640322,77.119919,45,1291.617
shp_715_218,28.640209,77.119957,46,1304.599
shp_715_218,28.640059,77.119987,47,1321.638
shp_715_218,28.639887,77.120003,48,1340.901
shp_715_218,28.638836,77.119972,49,1457.971
shp_715_219,28.649168,77.122673,1,0.0
shp_715_219,28.649632,77.12365,2,108.234
shp_715_219,28.650227,77.124802,3,238.967
shp_715_219,28.651789,77.127594,4,562.541
shp_715_219,28.651928,77.128113,5,614.973
shp_715_219,28.6523,77.129555,6,761.687
shp_715_219,28.652824,77.13163,7,973.206
shp_715_220,28.471981,77.094025,1,0.0
shp_715_220,28.470495,77.094048,2,165.532
shp_715_220,28.47003,77.094078,3,217.415
shp_715_220,28.467924,77.094467,4,454.868
shp_715_220,28.466934,77.094627,5,566.214
shp_715_220,28.463507,77.095284,6,953.051
shp_715_220,28.463039,77.095413,7,1006.53
shp_715_220,28.462357,77.095566,8,1084.182
shp_715_220,28.461882,77.095703,9,1138.616
shp_715_220,28.459923,77.096298,10,1364.219
shp_715_220,28.457441,77.097015,11,1649.389
shp_715_220,28.457441,77.097015,12,1649.389
shp_715_220,28.455101,77.097694,13,1918.187
shp_715_220,28.454607,77.097847,14,1975.155
shp_715_220,28.454607,77.097847,15,1975.155
shp_715_220,28.453581,77.098167,16,2093.627
shp_715_220,28.452375,77.098534,17,2232.574
shp_715_220,28.44989,77.099388,18,2521.597
shp_715_220,28.449121,77.099663,19,2611.346
shp_715_220,28.447435,77.100182,20,2805.719
shp_715_220,28.447435,77.100182,21,2805.719
shp_715_220,28.446394,77.10051,22,2925.956
shp_715_220,28.446394,77.10051,23,2925.956
shp_715_220,28.445139,77.100891,24,3070.612
shp_715_220,28.443768,77.101334,25,3229.347
shp_715_220,28.443768,77.101334,26,3229.347
shp_715_220,28.443489,77.101425,27,3261.515
shp_715_220,28.441452,77.102203,28,3500.752
shp_715_220,28.441236,77.102257,29,3525.407
shp_715_220,28.439903,77.10276,30,3681.755
shp_715_220,28.439478,77.102913,31,3731.313
shp_715_220,28.438591,77.103249,32,3835.426
shp_715_220,28.437654,77.103592,33,3944.945
shp_715_220,28.437243,77.103714,34,3992.491
shp_715_220,28.437243,77.103714,35,3992.491
shp_715_220,28.435555,77.104218,36,4186.545
shp_715_220,28.433802,77.104759,37,4388.822
shp_715_220,28.433802,77.104759,38,4388.822
shp_715_220,28.432638,77.105141,39,4523.783
shp_715_220,28.432093,77.10527,40,4585.766
shp_715_220,28.431944,77.105316,41,4602.841
shp_715_220,28.431835,77.105362,42,4615.735
shp_715_220,28.431557,77.105522,43,4650.26
shp_715_220,28.431517,77.105568,44,4656.729
shp_715_220,28.431448,77.105621,45,4666.364
shp_715_220,28.431423,77.105637,46,4669.149
shp_715_220,28.431423,77.105637,47,4669.149
shp_715_220,28.431349,77.105659,48,4677.712
shp_715_220,28.431267,77.105659,49,4686.932
shp_715_220,28.431185,77.105644,50,4696.152
shp_715_220,28.43111,77.105606,51,4705.369
shp_715_220,28.431025,77.105522,52,4717.915
shp_715_220,28.430967,77.105415,53,4730.448
shp_715_220,28.430445,77.105377,54,4788.666
shp_715_220,28.429571,77.105339,55,4885.939
shp_715_220,28.428188,77.105331,56,5039.852
shp_715_220,28.42754,77.105316,57,5112.094
shp_715_220,28.425022,77.105286,58,5392.368
shp_715_220,28.424482,77.105232,59,5452.805
shp_715_220,28.423727,77.105217,60,5536.841
shp_715_220,28.423306,77.10524,61,5583.725
shp_715_221,28.47205,77.093834,1,0.0
shp_715_221,28.47224,77.093834,2,21.172
shp_715_221,28.472416,77.093811,3,40.836
shp_715_221,28.474403,77.093803,4,262.184
shp_715_221,28.475857,77.093765,5,423.949
shp_715_221,28.47633,77.093773,6,476.705
shp_715_221,28.477804,77.093765,7,640.835
shp_715_221,28.478537,77.09375,8,722.233
shp_715_221,28.479017,77.093803,9,776.107
shp_715_221,28.479399,77.093887,10,819.393
shp_715_221,28.48102,77.094353,11,1005.332
shp_715_222,28.643002,77.19101,1,0.0
shp_715_222,28.641785,77.19014,2,159.781
shp_715_222,28.642048,77.189659,3,214.751
shp_715_222,28.642498,77.188797,4,313.265
shp_715_222,28.643343,77.188622,5,408.823
shp_715_222,28.643356,77.188728,6,419.241
shp_715_222,28.64389,77.188629,7,479.531
shp_715_222,28.643524,77.186119,8,728.214
shp_715_222,28.643507,77.185806,9,758.529
shp_715_222,28.64327,77.18438,10,900.293
shp_715_222,28.642763,77.180847,11,1250.449
shp_715_222,28.642952,77.180748,12,1273.425
shp_715_222,28.643768,77.180817,13,1364.625
shp_715_222,28.644585,77.180916,14,1456.052
shp_715_222,28.644978,77.180984,15,1500.091
shp_715_222,28.646755,77.181313,16,1700.75
shp_715_222,28.64687,77.181351,17,1713.932
shp_715_222,28.64716,77.181564,18,1752.356
shp_715_222,28.647732,77.180603,19,1865.551
shp_715_222,28.648022,77.180069,20,1927.357
shp_715_222,28.648115,77.179947,21,1942.852
shp_715_222,28.648817,77.180458,22,2035.527
shp_715_222,28.648975,77.180199,23,2066.706
shp_715_222,28.649113,77.180054,24,2087.255
shp_715_222,28.649269,77.179817,25,2116.342
shp_715_222,28.649851,77.180252,26,2193.473
shp_715_222,28.649887,77.18029,27,2199.177
shp_715_223,28.643002,77.19101,1,0.0
shp_715_223,28.641785,77.19014,2,159.781
shp_715_223,28.641846,77.190033,3,171.955
shp_715_223,28.643034,77.190857,4,326.889
shp_715_223,28.643719,77.191368,5,418.031
shp_715_223,28.644001,77.191536,6,453.326
shp_715_223,28.644302,77.191544,7,486.708
shp_715_223,28.644505,77.19149,8,509.992
shp_715_223,28.64501,77.191399,9,566.877
shp_715_223,28.644829,77.190056,10,699.96
shp_715_223,28.6448,77.190063,11,703.236
shp_715_223,28.64477,77.190056,12,706.515
shp_715_223,28.644745,77.190041,13,709.793
shp_715_223,28.644724,77.190018,14,713.079
shp_715_223,28.644711,77.189972,15,717.893
shp_715_223,28.644714,77.189919,16,722.797
shp_715_223,28.644732,77.189896,17,726.077
shp_715_223,28.644754,77.189873,18,729.251
shp_715_223,28.644781,77.189865,19,732.44
shp_715_223,28.64481,77.189857,20,735.613
shp_715_223,28.644836,77.189873,21,738.791
shp_715_223,28.645496,77.188705,22,874.05
shp_715_223,28.646208,77.189224,23,967.924
shp_715_223,28.646622,77.189507,24,1021.604
shp_715_223,28.647297,77.188278,25,1162.93
shp_715_223,28.647978,77.187019,26,1307.837
shp_715_223,28.648478,77.186134,27,1410.58
shp_715_223,28.649975,77.183411,28,1724.59
shp_715_223,28.649975,77.183411,29,1724.59
shp_715_223,28.650166,77.183578,30,1751.63
shp_715_223,28.650331,77.183708,31,1774.098
shp_715_223,28.650698,77.18396,32,1821.469
shp_715_223,28.652393,77.18515,33,2043.368
shp_715_223,28.652393,77.18515,34,2043.368
shp_715_223,28.652849,77.185448,35,2101.631
shp_715_223,28.653358,77.185799,36,2168.072
shp_715_223,28.653559,77.185944,37,2194.302
shp_715_223,28.654051,77.186317,38,2260.134
shp_715_223,28.654505,77.186623,39,2318.903
shp_715_223,28.654816,77.186852,40,2359.902
shp_715_223,28.654816,77.186852,41,2359.902
shp_715_223,28.654879,77.186897,42,2368.322
shp_715_223,28.655827,77.18515,43,2569.062
shp_715_223,28.656212,77.185417,44,2619.306
shp_715_223,28.656588,77.185661,45,2667.304
shp_715_223,28.657152,77.184624,46,2786.037
shp_715_223,28.657724,77.183624,47,2902.909
shp_715_224,28.643002,77.19101,1,0.0
shp_715_224,28.641785,77.19014,2,159.781
shp_715_224,28.642048,77.189659,3,214.751
shp_715_224,28.642498,77.188797,4,313.265
shp_715_224,28.643343,77.188622,5,408.823
shp_715_224,28.643356,77.188728,6,419.241
shp_715_224,28.64389,77.188629,7,479.531
shp_715_224,28.643524,77.186119,8,728.214
shp_715_224,28.643507,77.185806,9,758.529
shp_715_224,28.64327,77.18438,10,900.293
shp_715_224,28.642763,77.180847,11,1250.449
shp_715_224,28.642532,77.179329,12,1400.933
shp_715_224,28.642399,77.178284,13,1504.211
shp_715_224,28.642052,77.176125,14,1718.506
shp_715_224,28.642019,77.17601,15,1730.313
shp_715_224,28.641956,77.175476,16,1782.526
shp_715_224,28.641907,77.17524,17,1806.486
shp_715_224,28.641811,77.175011,18,1831.549
shp_715_224,28.641743,77.174904,19,1844.158
shp_715_224,28.641695,77.174896,20,1849.538
shp_715_224,28.641649,77.174881,21,1854.919
shp_715_224,28.641605,77.174858,22,1860.303
shp_715_224,28.641567,77.17482,23,1865.687
shp_715_224,28.641523,77.174767,24,1873.154
shp_715_224,28.640585,77.174377,25,1984.351
shp_715_224,28.640398,77.174316,26,2005.921
shp_715_224,28.640049,77.174271,27,2045.159
shp_715_224,28.639738,77.174324,28,2080.139
shp_715_224,28.639463,77.174423,29,2112.207
shp_715_224,28.638926,77.174652,30,2175.987
shp_715_224,28.638475,77.174721,31,2226.54
shp_715_224,28.637804,77.174675,32,2301.513
shp_715_224,28.637373,77.174614,33,2349.738
shp_715_224,28.637373,77.174614,34,2349.738
shp_715_224,28.636168,77.168434,35,2968.148
shp_715_225,28.64571,77.322258,1,0.0
shp_715_225,28.645731,77.322701,2,43.107
shp_715_225,28.645788,77.324738,3,242.485
shp_715_225,28.646023,77.328529,4,613.618
shp_715_225,28.646162,77.331139,5,869.265
shp_715_225,28.646124,77.331238,6,879.41
shp_715_225,28.646082,77.331299,7,887.276
shp_715_225,28.646,77.331375,8,899.136
shp_715_225,28.645895,77.331497,9,915.794
shp_715_225,28.645874,77.331398,10,926.12
shp_715_225,28.645266,77.33036800000001,11,1047.493
shp_715_225,28.644993,77.329964,12,1097.139
shp_715_225,28.644674,77.329544,13,1151.294
shp_715_225,28.64432,77.32917,14,1205.108
shp_715_225,28.644003,77.328903,15,1248.838
shp_715_225,28.643511,77.328537,16,1314.503
shp_715_225,28.643116,77.328278,17,1365.094
shp_715_225,28.642651,77.328041,18,1421.803
shp_715_225,28.642105,77.32785,19,1485.513
shp_715_225,28.641691,77.327751,20,1532.697
shp_715_225,28.641281,77.32769,21,1578.564
shp_715_225,28.640778,77.327667,22,1634.601
shp_715_225,28.640247,77.327682,23,1693.811
shp_715_225,28.639894,77.327751,24,1733.416
shp_715_225,28.639517,77.327827,25,1776.186
shp_715_225,28.639109,77.32795,26,1823.142
shp_715_225,28.638783,77.328087,27,1861.83
shp_715_225,28.638163,77.328362,28,1936.05
shp_715_225,28.632755,77.331009,29,2591.122
shp_715_225,28.632483,77.331329,30,2634.478
shp_715_225,28.632364,77.331535,31,2658.6
shp_715_225,28.632309,77.331673,32,2673.788
shp_715_225,28.632305,77.331795,33,2685.694
shp_715_225,28.632502,77.33252,34,2759.876
shp_715_225,28.632601,77.332932,35,2801.538
shp_715_225,28.632656,77.333267,36,2834.984
shp_715_225,28.632729,77.3339,37,2896.956
shp_715_225,28.63275,77.33477,38,2982.054
shp_715_225,28.632666,77.335632,39,3067.081
shp_715_225,28.632622,77.339027,40,3398.867
shp_715_225,28.632629,77.339775,41,3471.556
shp_715_225,28.632673,77.341339,42,3624.365
shp_715_225,28.632681,77.342155,43,3704.626
shp_715_225,28.632652,77.343994,44,3884.24
shp_715_225,28.632696,77.345207,45,4003.05
shp_715_225,28.6327,77.348557,46,4329.76
shp_715_225,28.632689,77.349319,47,4404.438
shp_715_225,28.632662,77.349899,48,4461.375
shp_715_225,28.632641,77.353455,49,4808.885
shp_715_225,28.63258,77.358505,50,5302.123
shp_715_225,28.632578,77.359985,51,5446.464
shp_715_225,28.632662,77.360085,52,5460.338
shp_715_225,28.632704,77.360123,53,5466.265
shp_715_225,28.632738,77.360146,54,5470.666
shp_715_225,28.632832,77.360161,55,5481.175
shp_715_225,28.63345,77.36013,56,5550.147
shp_715_225,28.63596,77.360054,57,5829.73
shp_715_226,28.64571,77.322258,1,0.0
shp_715_226,28.645731,77.322701,2,43.107
shp_715_226,28.645788,77.324738,3,242.485
shp_715_226,28.646023,77.328529,4,613.618
shp_715_226,28.646162,77.331139,5,869.265
shp_715_226,28.646124,77.331238,6,879.41
shp_715_226,28.646082,77.331299,7,887.276
shp_715_226,28.646,77.331375,8,899.136
shp_715_226,28.645895,77.331497,9,915.794
shp_715_226,28.645874,77.331398,10,926.12
shp_715_226,28.645266,77.33036800000001,11,1047.493
shp_715_226,28.644993,77.329964,12,1097.139
shp_715_226,28.644674,77.329544,13,1151.294
shp_715_226,28.64432,77.32917,14,1205.108
shp_715_226,28.644003,77.328903,15,1248.838
shp_715_226,28.643511,77.328537,16,1314.503
shp_715_226,28.643116,77.328278,17,1365.094
shp_715_226,28.642651,77.328041,18,1421.803
shp_715_226,28.642105,77.32785,19,1485.513
shp_715_226,28.641691,77.327751,20,1532.697
shp_715_226,28.641281,77.32769,21,1578.564
shp_715_226,28.640778,77.327667,22,1634.601
shp_715_226,28.640247,77.327682,23,1693.811
shp_715_226,28.639894,77.327751,24,1733.416
shp_715_226,28.639517,77.327827,25,1776.186
shp_715_226,28.639109,77.32795,26,1823.142
shp_715_226,28.638783,77.328087,27,1861.83
shp_715_226,28.638163,77.328362,28,1936.05
shp_715_226,28.632755,77.331009,29,2591.122
shp_715_226,28.632483,77.331329,30,2634.478
shp_715_226,28.632364,77.331535,31,2658.6
shp_715_226,28.632309,77.331673,32,2673.788
shp_715_226,28.632305,77.331795,33,2685.694
shp_715_226,28.632502,77.33252,34,2759.876
shp_715_226,28.632601,77.332932,35,2801.538
shp_715_226,28.632656,77.333267,36,2834.984
shp_715_226,28.632729,77.3339,37,2896.956
shp_715_226,28.63275,77.33477,38,2982.054
shp_715_226,28.632666,77.335632,39,3067.081
shp_715_226,28.632622,77.339027,40,3398.867
shp_715_226,28.632629,77.339775,41,3471.556
shp_715_226,28.632673,77.341339,42,3624.365
shp_715_226,28.632681,77.342155,43,3704.626
shp_715_226,28.632652,77.343994,44,3884.24
shp_715_226,28.63258,77.345222,45,4004.676
shp_715_226,28.632545,77.348587,46,4333.078
shp_715_226,28.632544,77.350456,47,4515.984
shp_715_226,28.632469,77.358063,48,5259.196
shp_715_226,28.632448,77.36438,49,5876.148
shp_715_226,28.632456,77.365906,50,6025.691
shp_715_226,28.63242,77.368515,51,6280.23
shp_715_226,28.632395,77.371513,52,6573.509
shp_715_226,28.632374,77.373199,53,6737.81
shp_715_226,28.632339,77.37793,54,7200.046
shp_715_226,28.632339,77.379868,55,7389.264
shp_715_226,28.632441,77.3815,56,7549.596
shp_715_226,28.632643,77.382904,57,7688.845
shp_715_226,28.632895,77.383987,58,7798.398
shp_715_226,28.63328,77.38533,59,7935.883
shp_715_226,28.634144,77.388077,60,8221.208
shp_715_226,28.634356,77.388634,61,8280.163
shp_715_226,28.634888,77.390312,62,8455.151
shp_715_226,28.635792,77.393105,63,8745.47
shp_715_226,28.636889,77.396713,64,9118.784
shp_715_226,28.638067,77.400543,65,9515.549
shp_715_226,28.640661,77.408813,66,10373.408
shp_715_226,28.640865,77.409538,67,10447.604
shp_715_226,28.641052,77.410324,68,10527.258
shp_715_226,28.641199,77.41114,69,10608.34
shp_715_226,28.641317,77.411934,70,10687.602
shp_715_226,28.64138,77.412437,71,10737.248
shp_715_226,28.641447,77.413132,72,10805.445
shp_715_226,28.641502,77.413933,73,10883.787
shp_715_226,28.64152,77.414818,74,10970.389
shp_715_226,28.641506,77.415596,75,11046.459
shp_715_226,28.641438,77.416519,76,11137.057
shp_715_226,28.641319,77.417557,77,11238.588
shp_715_226,28.641188,77.418404,78,11323.051
shp_715_226,28.64097,77.419487,79,11431.895
shp_715_226,28.640652,77.421234,80,11605.618
shp_715_226,28.640747,77.421486,81,11632.682
shp_715_226,28.643726,77.42202,82,11968.3
shp_715_226,28.644344,77.422005,83,12037.163
shp_715_226,28.644459,77.421982,84,12050.002
shp_715_226,28.644855,77.421883,85,12095.235
shp_715_226,28.645601,77.421715,86,12179.968
shp_715_226,28.647429,77.421265,87,12388.174
shp_715_226,28.64864,77.420952,88,12526.233
shp_715_226,28.649057,77.420853,89,12573.636
shp_715_226,28.649866,77.420677,90,12665.361
shp_715_226,28.651411,77.420311,91,12841.143
shp_715_226,28.655218,77.419334,92,13275.465
shp_715_226,28.656107,77.419167,93,13375.831
shp_715_227,28.652824,77.13163,1,0.0
shp_715_227,28.65313,77.132858,2,124.583
shp_715_227,28.653448,77.134087,3,249.681
shp_715_227,28.653547,77.134331,4,276.12
shp_715_227,28.653791,77.135048,5,351.285
shp_715_227,28.654188,77.135788,6,435.819
shp_715_227,28.654598,77.136467,7,516.215
shp_715_227,28.654598,77.136467,8,516.215
shp_715_227,28.654661,77.136574,9,528.611
shp_715_227,28.65556,77.138283,10,723.257
shp_715_227,28.65556,77.138283,11,723.257
shp_715_227,28.656008,77.139076,12,815.288
shp_715_227,28.656008,77.139076,13,815.288
shp_715_227,28.656521,77.139992,14,921.623
shp_715_227,28.656521,77.139992,15,921.623
shp_715_227,28.657784,77.142242,16,1183.051
shp_715_227,28.657877,77.142426,17,1203.302
shp_715_228,28.707779,77.125519,1,0.0
shp_715_228,28.708368,77.124672,2,105.543
shp_715_228,28.707165,77.123604,3,275.696
shp_715_228,28.707165,77.123604,4,275.696
shp_715_228,28.7061,77.122658,5,425.384
shp_715_228,28.7061,77.122658,6,425.384
shp_715_228,28.702085,77.11911,7,991.12
shp_715_228,28.702085,77.11911,8,991.12
shp_715_228,28.701132,77.118263,9,1125.742
shp_715_228,28.701132,77.118263,10,1125.742
shp_715_228,28.700981,77.118134,11,1146.915
shp_715_228,28.700897,77.117989,12,1163.367
shp_715_228,28.701015,77.11795,13,1177.068
shp_715_228,28.701126,77.117905,14,1190.315
shp_715_228,28.701189,77.117867,15,1198.062
shp_715_228,28.701248,77.117821,16,1206.137
shp_715_228,28.7022,77.11644,17,1377.589
shp_715_228,28.7022,77.11644,18,1377.589
shp_715_228,28.702921,77.115402,19,1507.08
shp_715_229,28.740294,77.13546,1,0.0
shp_715_229,28.739574,77.134811,2,102.046
shp_715_229,28.738745,77.136024,3,251.986
shp_715_229,28.738422,77.136459,4,307.972
shp_715_229,28.736986,77.138496,5,563.057
shp_715_229,28.736912,77.138588,6,575.194
shp_715_229,28.736052,77.137825,7,696.529
shp_715_229,28.736052,77.137825,8,696.529
shp_715_229,28.734749,77.136673,9,880.185
shp_715_229,28.733492,77.135521,10,1059.881
shp_715_229,28.733454,77.135483,11,1065.14
shp_715_229,28.733221,77.13533,12,1095.148
shp_715_229,28.732677,77.134895,13,1169.252
shp_715_229,28.732227,77.134499,14,1232.53
shp_715_229,28.732779,77.13369,15,1332.169
shp_715_229,28.732779,77.13369,16,1332.169
shp_715_229,28.733021,77.133354,17,1374.843
shp_715_229,28.73403,77.131897,18,1556.023
shp_715_229,28.732964,77.130951,19,1706.03
shp_715_229,28.734987,77.127975,20,2073.705
shp_715_229,28.73457,77.127609,21,2132.595
shp_715_229,28.73457,77.127609,22,2132.595
shp_715_229,28.732729,77.125977,23,2392.269
shp_715_229,28.732729,77.125977,24,2392.269
shp_715_229,28.729055,77.122726,25,2909.915
shp_715_229,28.730318,77.120895,26,3136.771
shp_715_229,28.730318,77.120895,27,3136.771
shp_715_229,28.730875,77.120079,28,3237.903
shp_715_229,28.731138,77.119713,29,3284.05
shp_715_229,28.73189,77.118637,30,3418.724
shp_715_229,28.73189,77.118637,31,3418.724
shp_715_229,28.732927,77.117142,32,3604.934
shp_715_229,28.733023,77.117226,33,3618.622
shp_715_229,28.729195,77.122696,34,4301.881
shp_715_229,28.727158,77.125648,35,4668.64
shp_715_230,28.740294,77.13546,1,0.0
shp_715_230,28.740406,77.135567,2,15.916
shp_715_230,28.741169,77.134529,3,148.205
shp_715_230,28.742367,77.13562,4,318.922
shp_715_230,28.742441,77.135651,5,327.77
shp_715_230,28.742533,77.135674,6,338.293
shp_715_230,28.743387,77.135719,7,433.478
shp_715_230,28.743713,77.135719,8,469.714
shp_715_230,28.743925,77.135712,9,493.309
shp_715_230,28.744989,77.135735,10,611.878
shp_715_230,28.745188,77.136574,11,696.848
shp_715_230,28.745293,77.137161,12,755.085
shp_715_230,28.745268,77.137314,13,770.236
shp_715_230,28.745211,77.137421,14,782.403
shp_715_230,28.745102,77.137543,15,799.708
shp_715_230,28.744955,77.137672,16,820.399
shp_715_231,28.576803,77.111221,1,0.0
shp_715_231,28.576715,77.111549,2,33.518
shp_715_231,28.576294,77.113007,3,183.365
shp_715_231,28.57707,77.113419,4,278.719
shp_715_231,28.583443,77.116714,5,1057.95
shp_715_231,28.585453,77.117722,6,1302.35
shp_715_231,28.588316,77.119164,7,1650.968
shp_715_231,28.59026,77.120125,8,1886.865
shp_715_231,28.590958,77.120499,9,1972.819
shp_715_231,28.591509,77.120766,10,2039.235
shp_715_231,28.593082,77.121544,11,2230.304
shp_715_231,28.593082,77.121544,12,2230.304
shp_715_231,28.594812,77.122444,13,2441.831
shp_715_231,28.596893,77.123459,14,2694.12
shp_715_231,28.599306,77.124687,15,2988.225
shp_715_231,28.599306,77.124687,16,2988.225
shp_715_231,28.599379,77.124725,17,2996.91
shp_715_231,28.596834,77.131271,18,3696.504
shp_715_231,28.596809,77.131393,19,3708.674
shp_715_231,28.596804,77.131508,20,3720.132
shp_715_231,28.596813,77.131599,21,3729.488
shp_715_231,28.596905,77.131805,22,3751.882
shp_715_231,28.596928,77.131912,23,3762.296
shp_715_231,28.596924,77.132019,24,3772.868
shp_715_231,28.596895,77.132118,25,3783.44
shp_715_231,28.596838,77.132217,26,3794.923
shp_715_231,28.596779,77.132271,27,3803.362
shp_715_231,28.596712,77.132317,28,3811.81
shp_715_231,28.596624,77.132339,29,3821.883
shp_715_231,28.596535,77.132339,30,3831.947
shp_715_231,28.596457,77.132317,31,3840.933
shp_715_232,28.640285,77.206902,1,0.0
shp_715_232,28.639854,77.20768,2,90.069
shp_715_232,28.639833,77.207947,3,115.79
shp_715_232,28.639847,77.208,4,121.118
shp_715_232,28.639885,77.208069,5,129.146
shp_715_232,28.640087,77.208221,6,155.994
shp_715_232,28.640186,77.208252,7,167.529
shp_715_232,28.641058,77.208473,8,266.907
shp_715_232,28.641788,77.208649,9,349.954
shp_715_232,28.642662,77.208847,10,449.126
shp_715_232,28.64312,77.208939,11,501.019
shp_715_232,28.643915,77.209145,12,591.858
shp_715_232,28.644403,77.209251,13,647.142
shp_715_232,28.645435,77.209496,14,764.448
shp_715_232,28.645746,77.209579,15,799.855
shp_715_232,28.64621,77.209724,16,853.512
shp_715_232,28.646654,77.209831,17,903.976
shp_715_232,28.647436,77.210045,18,993.655
shp_715_232,28.647505,77.21006,19,1001.318
shp_715_232,28.647699,77.210114,20,1023.662
shp_715_232,28.647923,77.210159,21,1048.876
shp_715_232,28.648148,77.210228,22,1074.669
shp_715_232,28.648344,77.210251,23,1096.835
shp_715_232,28.64854,77.210258,24,1118.652
shp_715_232,28.64879,77.210213,25,1146.853
shp_715_232,28.64929,77.210159,26,1202.593
shp_715_232,28.649517,77.210121,27,1228.071
shp_715_232,28.650558,77.21003,28,1344.501
shp_715_232,28.65097,77.209984,29,1390.429
shp_715_232,28.651184,77.209976,30,1414.224
shp_715_232,28.651407,77.21003,31,1439.558
shp_715_232,28.651655,77.210129,32,1469.072
shp_715_232,28.653475,77.210968,33,1687.473
shp_715_232,28.653629,77.211021,34,1705.351
shp_715_232,28.653744,77.211082,35,1719.516
shp_715_232,28.653944,77.211166,36,1743.185
shp_715_232,28.655037,77.211525,37,1869.894
shp_715_232,28.655769,77.211792,38,1955.51
shp_715_232,28.656376,77.211983,39,2025.542
shp_715_232,28.656813,77.212128,40,2076.167
shp_715_233,28.638987,77.20536800000001,1,0.0
shp_715_233,28.639612,77.204292,2,126.211
shp_715_233,28.638912,77.203781,3,218.794
shp_715_233,28.638603,77.20359,4,257.921
shp_715_233,28.637093,77.20282,5,442.14
shp_715_233,28.636065,77.201988,6,582.602
shp_715_233,28.631596,77.198708,7,1174.25
shp_715_233,28.630711,77.200142,8,1345.45
shp_715_233,28.630116,77.199699,9,1424.57
shp_715_233,28.628927,77.19986,10,1557.719
shp_715_233,28.628857,77.199844,11,1565.719
shp_715_233,28.628668,77.199745,12,1588.916
shp_715_233,28.628452,77.199615,13,1616.148
shp_715_233,28.628279,77.199471,14,1639.882
shp_715_233,28.62793,77.200089,15,1711.425
shp_715_233,28.627474,77.199753,16,1771.973
shp_715_234,28.521376,77.199684,1,0.0
shp_715_234,28.521751,77.198776,2,98.121
shp_715_234,28.52216,77.197479,3,233.007
shp_715_234,28.522255,77.197136,4,268.104
shp_715_234,28.522301,77.196877,5,293.532
shp_715_234,28.522301,77.196877,6,293.532
shp_715_234,28.522329,77.196724,7,309.355
shp_715_234,28.522339,77.196541,8,327.067
shp_715_234,28.522337,77.196411,9,339.815
shp_715_234,28.522463,77.196411,10,353.797
shp_715_234,28.522465,77.196808,11,392.453
shp_715_234,28.522427,77.197006,12,412.255
shp_715_234,28.522278,77.197525,13,466.02
shp_715_234,28.521873,77.198822,14,600.906
shp_715_234,28.521023,77.200768,15,812.858
shp_715_234,28.520859,77.201385,16,876.098
shp_715_234,28.520576,77.202568,17,995.819
shp_715_234,28.52033,77.203766,18,1116.615
shp_715_234,28.520113,77.204742,19,1215.169
shp_715_234,28.520012,77.205276,20,1268.555
shp_715_234,28.519999,77.205444,21,1285.24
shp_715_234,28.51993,77.205818,22,1322.435
shp_715_234,28.519859,77.206123,23,1353.166
shp_715_234,28.51964,77.20694,24,1436.915
shp_715_234,28.519176,77.209076,25,1652.266
shp_715_234,28.519047,77.209946,26,1738.385
shp_715_234,28.518883,77.21048,27,1793.418
shp_715_234,28.518862,77.210594,28,1804.694
shp_715_234,28.518732,77.211105,29,1857.161
shp_715_234,28.518492,77.212227,30,1969.674
shp_715_234,28.518187,77.213707,31,2118.59
shp_715_234,28.518072,77.214394,32,2186.678
shp_715_234,28.518064,77.214539,33,2201.433
shp_715_234,28.518028,77.214905,34,2237.241
shp_715_234,28.517977,77.215324,35,2278.611
shp_715_234,28.51796,77.215408,36,2287.101
shp_715_234,28.517904,77.215805,37,2326.533
shp_715_234,28.517683,77.216881,38,2434.185
shp_715_234,28.517683,77.216881,39,2434.185
shp_715_234,28.516956,77.220413,40,2789.047
shp_715_234,28.516676,77.221619,41,2911.511
shp_715_234,28.516529,77.22229,42,2979.368
shp_715_234,28.516285,77.223526,43,3102.872
shp_715_234,28.516111,77.224228,44,3174.086
shp_715_234,28.51602,77.224709,45,3222.255
shp_715_234,28.51602,77.224709,46,3222.255
shp_715_234,28.515783,77.226028,47,3353.844
shp_715_234,28.515636,77.226768,48,3428.387
shp_715_234,28.515564,77.227173,49,3468.816
shp_715_234,28.515333,77.228043,50,3557.258
shp_715_234,28.515076,77.229195,51,3673.752
shp_715_234,28.515076,77.229195,52,3673.752
shp_715_234,28.514879,77.230064,53,3762.017
shp_715_234,28.514439,77.231827,54,3940.928
shp_715_234,28.514305,77.232399,55,3998.708
shp_715_234,28.514248,77.232727,56,4031.836
shp_715_234,28.514248,77.232727,57,4031.836
shp_715_234,28.514017,77.233948,58,4153.992
shp_715_234,28.513979,77.2341,59,4169.381
shp_715_234,28.513979,77.2341,60,4169.381
shp_715_234,28.513674,77.235329,61,4294.237
shp_715_234,28.513575,77.23584,62,4345.302
shp_715_234,28.513378,77.236664,63,4428.467
shp_715_234,28.513206,77.23732,64,4495.699
shp_715_234,28.513088,77.237877,65,4552.033
shp_715_234,28.512913,77.238777,66,4641.621
shp_715_234,28.512852,77.239182,67,4682.045
shp_715_235,28.742788,77.146461,1,0.0
shp_715_235,28.74436,77.144958,2,227.907
shp_715_235,28.744389,77.14489,3,235.702
shp_715_235,28.744415,77.144798,4,245.271
shp_715_235,28.744423,77.144699,5,255.114
shp_715_235,28.744408,77.144562,6,268.349
shp_715_235,28.743774,77.14209,7,519.62
shp_715_235,28.743521,77.141396,8,593.315
shp_715_235,28.743345,77.141022,9,634.376
shp_715_235,28.743244,77.140846,10,654.734
shp_715_235,28.742773,77.140114,11,743.469
shp_715_235,28.742754,77.140076,12,748.031
shp_715_235,28.742739,77.140015,13,753.88
shp_715_235,28.742735,77.139893,14,765.783
shp_715_235,28.742746,77.139801,15,775.288
shp_715_235,28.742775,77.139679,16,787.537
shp_715_235,28.74283,77.139572,17,799.283
shp_715_235,28.742908,77.139481,18,811.896
shp_715_235,28.743776,77.138641,19,938.61
shp_715_235,28.745033,77.137466,20,1119.695
shp_715_235,28.745186,77.137306,21,1142.719
shp_715_235,28.745213,77.137146,22,1158.311
shp_715_235,28.745192,77.137001,23,1173.024
shp_715_235,28.744905,77.135735,24,1300.642
shp_715_235,28.744698,77.134689,25,1404.973
shp_715_235,28.744621,77.133583,26,1513.148
shp_715_235,28.744646,77.133133,27,1557.624
shp_715_235,28.744793,77.13224,28,1646.083
shp_715_235,28.744823,77.13192,29,1677.282
shp_715_235,28.744905,77.131927,30,1686.4
shp_715_235,28.74489,77.132057,31,1699.242
shp_715_235,28.74489,77.132057,32,1699.242
shp_715_235,28.744867,77.132248,33,1718.182
shp_715_235,28.744806,77.132637,34,1756.449
shp_715_235,28.744717,77.133141,35,1806.356
shp_715_235,28.744699,77.133568,36,1848.18
shp_715_235,28.74472,77.133842,37,1875.633
shp_715_235,28.744642,77.13385,38,1884.412
shp_715_235,28.744621,77.133583,39,1910.341
shp_715_235,28.744646,77.133133,40,1954.817
shp_715_235,28.744793,77.13224,41,2043.276
shp_715_235,28.744814,77.132019,42,2064.825
shp_715_235,28.743603,77.131927,43,2200.097
shp_715_235,28.742611,77.131859,44,2310.545
shp_715_235,28.742174,77.131859,45,2359.226
shp_715_235,28.741863,77.131927,46,2394.641
shp_715_235,28.741642,77.132011,47,2420.597
shp_715_235,28.741426,77.132172,48,2448.958
shp_715_235,28.741217,77.132401,49,2481.468
shp_715_235,28.740877,77.132881,50,2541.539
shp_715_235,28.740877,77.132881,51,2541.539
shp_715_235,28.740713,77.133118,52,2570.989
shp_715_235,28.739853,77.132347,53,2692.609
shp_715_235,28.73929,77.131874,54,2770.596
shp_715_235,28.739254,77.131836,55,2776.055
shp_715_235,28.73914,77.13163,56,2799.546
shp_715_235,28.738977,77.131516,57,2820.757
shp_715_235,28.736143,77.129005,58,3220.464
shp_715_235,28.736143,77.129005,59,3220.464
shp_715_235,28.731916,77.125252,60,3816.638
shp_715_235,28.731916,77.125252,61,3816.638
shp_715_235,28.729132,77.122787,62,4208.868
shp_715_235,28.7281,77.124283,63,4394.541
shp_715_235,28.7281,77.124283,64,4394.541
shp_715_235,28.727577,77.125038,65,4488.34
shp_715_235,28.727577,77.125038,66,4488.34
shp_715_235,28.727083,77.125755,67,4577.223
shp_715_235,28.727083,77.125755,68,4577.223
shp_715_235,28.726597,77.12648,69,4666.644
shp_715_235,28.726471,77.126686,70,4690.687
shp_715_235,28.72613,77.127129,71,4748.618
shp_715_235,28.724228,77.12989,72,5090.898
shp_715_235,28.72414,77.129807,73,5103.247
shp_715_235,28.726048,77.12706,74,5445.509
shp_715_235,28.724876,77.126007,75,5611.26
shp_715_235,28.724876,77.126007,76,5611.26
shp_715_235,28.721638,77.123108,77,6069.636
shp_715_235,28.721638,77.123108,78,6069.636
shp_715_235,28.719753,77.121422,79,6336.142
shp_715_235,28.719324,77.121056,80,6396.3
shp_715_235,28.717522,77.119423,81,6652.356
shp_715_235,28.716766,77.118752,82,6758.851
shp_715_235,28.716234,77.118301,83,6832.75
shp_715_235,28.716209,77.11824,84,6838.985
shp_715_235,28.716066,77.118118,85,6858.952
shp_715_235,28.716066,77.118118,86,6858.952
shp_715_235,28.714899,77.117088,87,7023.563
shp_715_235,28.714828,77.117073,88,7031.525
shp_715_235,28.714602,77.116882,89,7062.719
shp_715_235,28.714602,77.116882,90,7062.719
shp_715_235,28.714352,77.116676,91,7097.202
shp_715_235,28.71409,77.11644,92,7134.356
shp_715_235,28.715204,77.114838,93,7333.817
shp_715_236,28.714853,77.115639,1,0.0
shp_715_236,28.713007,77.118309,2,332.143
shp_715_236,28.713007,77.118309,3,332.143
shp_715_236,28.711231,77.12088,4,651.586
shp_715_236,28.711231,77.12088,5,651.586
shp_715_236,28.711138,77.121017,6,668.549
shp_715_236,28.711138,77.121017,7,668.549
shp_715_236,28.710461,77.122002,8,790.378
shp_715_236,28.710461,77.122002,9,790.378
shp_715_236,28.708925,77.124222,10,1066.495
shp_715_236,28.708925,77.124222,11,1066.495
shp_715_236,28.707537,77.126221,12,1315.772
shp_715_236,28.707537,77.126221,13,1315.772
shp_715_236,28.706297,77.127998,14,1537.487
shp_715_236,28.706297,77.127998,15,1537.487
shp_715_236,28.70579,77.128731,16,1628.559
shp_715_236,28.70579,77.128731,17,1628.559
shp_715_236,28.705345,77.129372,18,1708.179
shp_715_236,28.705345,77.129372,19,1708.179
shp_715_236,28.705061,77.129776,20,1758.889
shp_715_236,28.705061,77.129776,21,1758.889
shp_715_236,28.704481,77.130615,22,1863.006
shp_715_237,28.679642,77.092484,1,0.0
shp_715_237,28.679749,77.091484,2,98.284
shp_715_237,28.679974,77.089737,3,270.552
shp_715_237,28.679974,77.089737,4,270.552
shp_715_237,28.680122,77.088112,5,430.041
shp_715_237,28.680174,77.087654,6,475.167
shp_715_237,28.680174,77.087654,7,475.167
shp_715_237,28.6805,77.084923,8,744.825
shp_715_237,28.68013,77.084869,9,786.19
shp_715_237,28.680145,77.084747,10,798.162
shp_715_237,28.680145,77.084747,11,798.162
shp_715_237,28.680513,77.084808,12,839.653
shp_715_237,28.680685,77.083168,13,1000.778
shp_715_237,28.680897,77.081291,14,1185.463
shp_715_237,28.680822,77.081291,15,1193.569
shp_715_237,28.680593,77.081276,16,1219.244
shp_715_237,28.680132,77.0812,17,1271.095
shp_715_237,28.678892,77.081024,18,1410.304
shp_715_237,28.677961,77.080864,19,1514.885
shp_715_237,28.676754,77.080688,20,1650.477
shp_715_237,28.676138,77.080589,21,1719.784
shp_715_237,28.675577,77.080482,22,1782.892
shp_715_237,28.674397,77.080307,23,1915.614
shp_715_237,28.674089,77.080299,24,1949.692
shp_715_237,28.672926,77.080101,25,2080.641
shp_715_237,28.670921,77.079826,26,2305.448
shp_715_237,28.669977,77.079674,27,2411.687
shp_715_237,28.670046,77.078934,28,2484.346
shp_715_237,28.670046,77.078934,29,2484.346
shp_715_237,28.670092,77.078468,30,2529.671
shp_715_237,28.670092,77.07827,31,2549.743
shp_715_237,28.670013,77.077507,32,2624.53
shp_715_237,28.668837,77.077469,33,2755.431
shp_715_237,28.668839,77.077156,34,2786.253
shp_715_237,28.668839,77.077156,35,2786.253
shp_715_237,28.668879,77.074516,36,3044.102
shp_715_237,28.668879,77.074516,37,3044.102
shp_715_237,28.668894,77.073395,38,3153.792
shp_715_237,28.668894,77.072685,39,3223.022
shp_715_237,28.668911,77.072556,40,3235.938
shp_715_237,28.668907,77.072464,41,3244.991
shp_715_237,28.668091,77.070099,42,3493.17
shp_715_238,28.679873,77.092506,1,0.0
shp_715_238,28.679781,77.093445,2,92.377
shp_715_238,28.679741,77.093979,3,144.414
shp_715_238,28.679813,77.094246,4,171.663
shp_715_238,28.679876,77.094398,5,188.457
shp_715_238,28.680014,77.094528,6,208.039
shp_715_238,28.682562,77.094978,7,495.117
shp_715_238,28.682997,77.095184,8,547.486
shp_715_238,28.683872,77.095329,9,645.947
shp_715_238,28.686321,77.095711,10,921.136
shp_715_238,28.686428,77.09568,11,933.148
shp_715_238,28.686586,77.09568,12,950.814
shp_715_238,28.687246,77.095802,13,1025.217
shp_715_238,28.687859,77.095886,14,1093.897
shp_715_238,28.688044,77.09584,15,1114.948
shp_715_238,28.68819,77.095673,16,1138.262
shp_715_238,28.688293,77.095444,17,1163.416
shp_715_238,28.68841,77.095306,18,1181.811
shp_715_238,28.688475,77.095253,19,1190.561
shp_715_238,28.688528,77.095253,20,1196.536
shp_715_238,28.688576,77.093155,21,1401.198
shp_715_238,28.688576,77.093155,22,1401.198
shp_715_238,28.688581,77.092911,23,1424.675
shp_715_238,28.68865,77.091591,24,1554.054
shp_715_238,28.68865,77.091591,25,1554.054
shp_715_238,28.689165,77.091591,26,1611.374
shp_715_238,28.695072,77.091743,27,2269.184
shp_715_238,28.695072,77.091743,28,2269.184
shp_715_238,28.696653,77.091789,29,2445.308
shp_715_239,28.679873,77.092506,1,0.0
shp_715_239,28.679781,77.093445,2,92.377
shp_715_239,28.679741,77.093979,3,144.414
shp_715_239,28.679813,77.094246,4,171.663
shp_715_239,28.679876,77.094398,5,188.457
shp_715_239,28.680014,77.094528,6,208.039
shp_715_239,28.682562,77.094978,7,495.117
shp_715_239,28.682997,77.095184,8,547.486
shp_715_239,28.683872,77.095329,9,645.947
shp_715_239,28.686321,77.095711,10,921.136
shp_715_239,28.686428,77.09568,11,933.148
shp_715_239,28.686586,77.09568,12,950.814
shp_715_239,28.687246,77.095802,13,1025.217
shp_715_239,28.687859,77.095886,14,1093.897
shp_715_239,28.688044,77.09584,15,1114.948
shp_715_239,28.68819,77.095673,16,1138.262
shp_715_239,28.688293,77.095444,17,1163.416
shp_715_239,28.688341,77.095383,18,1170.935
shp_715_239,28.688341,77.095383,19,1170.935
shp_715_239,28.68841,77.095306,20,1181.811
shp_715_239,28.688238,77.095184,21,1204.637
shp_715_239,28.688131,77.095009,22,1225.0
shp_715_239,28.688057,77.094856,23,1242.112
shp_715_239,28.687956,77.09462,24,1268.25
shp_715_239,28.687798,77.094193,25,1313.393
shp_715_239,28.687761,77.093941,26,1338.183
shp_715_239,28.687807,77.091217,27,1604.196
shp_715_239,28.687807,77.091217,28,1604.196
shp_715_239,28.687832,77.089828,29,1740.083
shp_715_239,28.687929,77.086342,30,2080.324
shp_715_239,28.688,77.083138,31,2393.827
shp_715_239,28.688042,77.082054,32,2499.219
shp_715_239,28.688047,77.08197,33,2507.507
shp_715_239,28.6882,77.08197,34,2524.574
shp_715_239,28.6882,77.08197,35,2524.574
shp_715_239,28.688965,77.081963,36,2609.626
shp_715_239,28.688995,77.081001,37,2703.347
shp_715_239,28.688988,77.080902,38,2713.006
shp_715_239,28.689009,77.080864,39,2717.479
shp_715_239,28.689014,77.080803,40,2723.918
shp_715_239,28.689011,77.080307,41,2771.879
shp_715_239,28.689049,77.07914,42,2886.407
shp_715_239,28.689068,77.078209,43,2977.27
shp_715_239,28.689096,77.07814,44,2984.524
shp_715_239,28.689154,77.078117,45,2991.129
shp_715_239,28.690922,77.078148,46,3188.03
shp_715_239,28.690966,77.078102,47,3194.597
shp_715_239,28.691055,77.077782,48,3227.663
shp_715_239,28.691454,77.07663,49,3348.881
shp_715_239,28.691591,77.076324,50,3382.068
shp_715_239,28.691961,77.075577,51,3465.664
shp_715_239,28.691944,77.075317,52,3491.433
shp_715_239,28.691957,77.075218,53,3500.935
shp_715_239,28.692415,77.073677,54,3660.311
shp_715_239,28.692705,77.072723,55,3758.684
shp_715_239,28.692705,77.072723,56,3758.684
shp_715_239,28.69278,77.072472,57,3784.533
shp_715_239,28.693027,77.072571,58,3813.711
shp_715_239,28.693027,77.072571,59,3813.711
shp_715_239,28.695827,77.073685,60,4143.666
shp_715_239,28.698839,77.07486,61,4498.075
shp_715_239,28.699919,77.075272,62,4624.872
shp_715_239,28.700159,77.07534,63,4652.588
shp_715_239,28.700174,77.07534,64,4654.321
shp_715_240,28.354649,77.316177,1,0.0
shp_715_240,28.354376,77.316216,2,30.557
shp_715_240,28.353823,77.316254,3,92.36
shp_715_240,28.354038,77.319435,4,405.352
shp_715_240,28.35409,77.320335,5,493.359
shp_715_240,28.354111,77.320549,6,514.193
shp_715_240,28.354126,77.320992,7,557.683
shp_715_240,28.354158,77.321571,8,614.83
shp_715_240,28.354158,77.321571,9,614.83
shp_715_240,28.354197,77.322273,10,683.46
shp_715_240,28.354332,77.32402,11,855.214
shp_715_240,28.354397,77.324936,12,945.78
shp_715_240,28.354441,77.325745,13,1025.113
shp_715_240,28.354513,77.326729,14,1121.439
shp_715_240,28.354546,77.327271,15,1174.705
shp_715_240,28.354586,77.327736,16,1220.76
shp_715_240,28.354586,77.327736,17,1220.76
shp_715_240,28.354719,77.32975,18,1418.174
shp_715_240,28.355896,77.329681,19,1549.51
shp_715_240,28.359016,77.329422,20,1897.733
shp_715_240,28.359478,77.329346,21,1949.766
shp_715_240,28.359962,77.329308,22,2003.668
shp_715_240,28.359962,77.329308,23,2003.668
shp_715_240,28.364307,77.328957,24,2488.699
shp_715_241,28.339895,77.331253,1,0.0
shp_715_241,28.339907,77.33062,2,61.785
shp_715_241,28.339899,77.329811,3,141.112
shp_715_241,28.339911,77.329453,4,176.681
shp_715_241,28.339905,77.328278,5,291.542
shp_715_241,28.339911,77.328194,6,299.473
shp_715_241,28.339943,77.328163,7,304.457
shp_715_241,28.340269,77.327927,8,347.473
shp_715_241,28.339949,77.32737,9,412.462
shp_715_241,28.339926,77.327293,10,420.53
shp_715_241,28.339928,77.327263,11,423.824
shp_715_241,28.339867,77.327187,12,433.643
shp_715_241,28.339815,77.327141,13,440.878
shp_715_241,28.339724,77.327087,14,452.42
shp_715_241,28.339144,77.32679,15,523.37
shp_715_241,28.339203,77.326645,16,538.646
shp_715_241,28.339224,77.326614,17,542.397
shp_715_241,28.339268,77.326576,18,548.569
shp_715_241,28.339376,77.326508,19,562.678
shp_715_241,28.33946,77.326424,20,574.877
shp_715_241,28.339703,77.326042,21,620.799
shp_715_241,28.3398,77.325806,22,646.676
shp_715_241,28.339895,77.325546,23,674.403
shp_715_241,28.339985,77.325348,24,695.648
shp_715_241,28.34013,77.325089,25,726.178
shp_715_241,28.340183,77.324951,26,740.985
shp_715_241,28.340219,77.324768,27,759.295
shp_715_241,28.340256,77.324646,28,771.653
shp_715_241,28.340359,77.324356,29,802.271
shp_715_241,28.340477,77.324089,30,831.316
shp_715_241,28.340508,77.324043,31,836.96
shp_715_241,28.340569,77.323997,32,845.58
shp_715_241,28.340876,77.32383,33,883.136
shp_715_241,28.340622,77.323128,34,957.839
shp_715_241,28.34042,77.322601,35,1014.269
shp_715_241,28.340273,77.322304,36,1047.397
shp_715_241,28.340061,77.321709,37,1110.103
shp_715_241,28.339981,77.321571,38,1126.461
shp_715_241,28.339928,77.321503,39,1135.669
shp_715_241,28.339853,77.321426,40,1146.9
shp_715_241,28.339514,77.321114,41,1195.321
shp_715_241,28.339268,77.320877,42,1231.255
shp_715_241,28.339235,77.3209,43,1235.311
shp_715_241,28.339211,77.3209,44,1238.071
shp_715_241,28.339188,77.320892,45,1240.833
shp_715_241,28.339151,77.320854,46,1246.28
shp_715_241,28.339142,77.320801,47,1251.689
shp_715_241,28.338814,77.320656,48,1291.045
shp_715_241,28.338774,77.320671,49,1295.733
shp_715_241,28.338732,77.320671,50,1300.414
shp_715_241,28.338694,77.320648,51,1305.098
shp_715_241,28.338665,77.32061,52,1309.784
shp_715_241,28.338652,77.320572,53,1314.462
shp_715_241,28.338654,77.320518,54,1319.15
shp_715_241,28.338671,77.32048,55,1323.838
shp_715_241,28.338392,77.320053,56,1375.902
shp_715_241,28.338318,77.319908,57,1392.183
shp_715_241,28.338203,77.319626,58,1422.714
shp_715_241,28.33806,77.31916,59,1470.742
shp_715_241,28.337978,77.318764,60,1511.093
shp_715_241,28.337864,77.318031,61,1583.453
shp_715_241,28.337738,77.317574,62,1630.625
shp_715_241,28.33766,77.31723,63,1665.63
shp_715_241,28.337645,77.317108,64,1677.282
shp_715_241,28.337641,77.316994,65,1688.465
shp_715_241,28.337669,77.31678,66,1710.027
shp_715_241,28.337761,77.31636,67,1752.02
shp_715_241,28.33757,77.316307,68,1773.878
shp_715_241,28.337135,77.316238,69,1822.861
shp_715_241,28.334965,77.31591,70,2066.588
shp_715_241,28.334963,77.315788,71,2078.945
shp_715_241,28.334831,77.315765,72,2093.794
shp_715_241,28.334831,77.315765,73,2093.794
shp_715_241,28.334557,77.31572,74,2124.576
shp_715_241,28.333714,77.315483,75,2221.168
shp_715_241,28.33256,77.315155,76,2353.725
shp_715_241,28.332508,77.31514,77,2359.529
shp_715_241,28.332388,77.315071,78,2374.691
shp_715_241,28.332315,77.315041,79,2383.273
shp_715_241,28.329662,77.31424,80,2688.748
shp_715_241,28.329021,77.313972,81,2764.654
shp_715_241,28.324102,77.311752,82,3353.851
shp_715_241,28.324015,77.311722,83,3364.081
shp_715_241,28.32345,77.311607,84,3428.085
shp_715_241,28.323191,77.311508,85,3458.505
shp_715_241,28.32305,77.311432,86,3475.829
shp_715_241,28.32305,77.311432,87,3475.829
shp_715_241,28.322704,77.311234,88,3518.956
shp_715_241,28.321726,77.310768,89,3637.108
shp_715_241,28.319784,77.30986,90,3870.577
shp_715_241,28.319347,77.309669,91,3922.977
shp_715_241,28.317772,77.308929,92,4112.729
shp_715_241,28.316317,77.308266,93,4287.339
shp_715_241,28.31521,77.307716,94,4421.47
shp_715_241,28.314255,77.307259,95,4537.089
shp_715_241,28.313356,77.306839,96,4645.162
shp_715_241,28.310593,77.305466,97,4981.146
shp_715_241,28.309586,77.304977,98,5102.733
shp_715_241,28.308928,77.304626,99,5183.801
shp_715_241,28.308947,77.30452,100,5194.815
shp_715_241,28.309013,77.304268,101,5220.129
shp_715_241,28.310299,77.304901,102,5375.991
shp_715_241,28.310575,77.305016,103,5409.014
shp_715_241,28.311274,77.305351,104,5493.413
shp_715_241,28.311989,77.305733,105,5581.108
shp_715_241,28.312635,77.306038,106,5659.263
shp_715_241,28.313147,77.306328,107,5722.858
shp_715_241,28.313246,77.306404,108,5736.059
shp_715_241,28.313309,77.306465,109,5745.453
shp_715_241,28.313339,77.306541,110,5753.567
shp_715_241,28.314222,77.306961,111,5860.142
shp_715_241,28.315598,77.307594,112,6025.364
shp_715_241,28.316547,77.308067,113,6140.635
shp_715_241,28.318998,77.309235,114,6436.49
shp_715_241,28.318998,77.309235,115,6436.49
shp_715_241,28.319908,77.309677,116,6546.699
shp_715_241,28.322739,77.310997,117,6887.245
shp_715_241,28.322832,77.310814,118,6907.681
shp_715_241,28.32284,77.310707,119,6918.197
shp_715_241,28.323338,77.309883,120,7016.128
shp_715_241,28.324078,77.308701,121,7158.0
shp_715_241,28.325325,77.30629,122,7432.63
shp_715_241,28.325432,77.306183,123,7448.304
shp_715_241,28.326302,77.304604,124,7630.44
shp_715_241,28.326872,77.30381,125,7731.333
shp_715_241,28.3272,77.303574,126,7774.491
shp_715_241,28.327227,77.30352,127,7780.706
shp_715_241,28.327244,77.303497,128,7783.521
shp_715_241,28.327244,77.303497,129,7783.521
shp_715_241,28.327276,77.303459,130,7788.756
shp_715_241,28.327473,77.303307,131,7815.29
shp_715_241,28.327711,77.303139,132,7846.185
shp_715_241,28.327888,77.303032,133,7868.73
shp_715_241,28.328089,77.302948,134,7892.294
shp_715_241,28.328337,77.302902,135,7920.349
shp_715_241,28.328663,77.302849,136,7956.933
shp_715_241,28.329096,77.302818,137,8005.45
shp_715_241,28.329395,77.302803,138,8038.703
shp_715_241,28.329506,77.302841,139,8051.55
shp_715_241,28.329754,77.302834,140,8079.166
shp_715_241,28.329208,77.301781,141,8198.971
shp_715_241,28.329098,77.301521,142,8226.881
shp_715_241,28.328777,77.300911,143,8296.589
shp_715_241,28.328726,77.300797,144,8309.45
shp_715_241,28.328419,77.300323,145,8366.978
shp_715_241,28.328131,77.299973,146,8413.628
shp_715_241,28.327969,77.299828,147,8436.858
shp_715_241,28.327864,77.299759,148,8450.277
shp_715_241,28.327835,77.299736,149,8454.218
shp_715_241,28.327753,77.299614,150,8468.93
shp_715_241,28.327595,77.299294,151,8505.341
shp_715_241,28.326799,77.297401,152,8710.622
shp_715_241,28.326569,77.296814,153,8773.683
shp_715_242,28.477985,77.305443,1,0.0
shp_715_242,28.477531,77.305481,2,50.638
shp_715_242,28.47463,77.305824,3,375.282
shp_715_242,28.474594,77.305824,4,379.261
shp_715_242,28.474594,77.305824,5,379.261
shp_715_242,28.474012,77.305817,6,444.045
shp_715_242,28.472961,77.305855,7,561.182
shp_715_242,28.472849,77.305931,8,575.825
shp_715_242,28.472607,77.306015,9,603.883
shp_715_242,28.472424,77.30603,10,624.559
shp_715_242,28.472027,77.306053,11,668.563
shp_715_242,28.472012,77.30619,12,682.708
shp_715_242,28.471994,77.307892,13,848.83
shp_715_242,28.471994,77.307892,14,848.83
shp_715_242,28.471977,77.309128,15,969.765
shp_715_242,28.471962,77.309174,16,974.306
shp_715_242,28.471945,77.309189,17,977.188
shp_715_242,28.471922,77.309204,18,980.006
shp_715_242,28.471277,77.309219,19,1051.77
shp_715_242,28.471277,77.309219,20,1051.77
shp_715_242,28.470203,77.309219,21,1171.266
shp_715_242,28.470194,77.310303,22,1277.339
shp_715_242,28.469734,77.31031,23,1328.495
shp_715_242,28.469715,77.310799,24,1376.348
shp_715_242,28.469719,77.310944,25,1390.536
shp_715_242,28.469725,77.311066,26,1402.692
shp_715_242,28.469784,77.31144,27,1440.268
shp_715_242,28.469784,77.31144,28,1440.268
shp_715_242,28.469812,77.31163,29,1458.613
shp_715_242,28.469864,77.313377,30,1629.949
shp_715_242,28.469934,77.313362,31,1637.939
shp_715_243,28.440586,77.305992,1,0.0
shp_715_243,28.436476,77.314392,2,941.0
shp_715_243,28.436476,77.314392,3,941.0
shp_715_243,28.436478,77.314278,4,952.263
shp_715_243,28.435377,77.31427,5,1074.66
shp_715_243,28.435379,77.31469,6,1115.511
shp_715_243,28.435379,77.31469,7,1115.511
shp_715_243,28.435379,77.31514,8,1159.577
shp_715_243,28.435379,77.31514,9,1159.577
shp_715_243,28.435379,77.315727,10,1216.776
shp_715_243,28.435411,77.31781,11,1421.037
shp_715_243,28.435411,77.31781,12,1421.037
shp_715_243,28.435432,77.319298,13,1566.721
shp_715_243,28.435154,77.319351,14,1598.09
shp_715_243,28.433275,77.31942,15,1807.316
shp_715_243,28.433275,77.31942,16,1807.316
shp_715_243,28.431705,77.319481,17,1982.314
shp_715_243,28.430759,77.319717,18,2090.17
shp_715_243,28.429565,77.319908,19,2224.225
shp_715_243,28.428799,77.32,20,2310.167
shp_715_243,28.428732,77.32003,21,2318.197
shp_715_243,28.428677,77.320038,22,2324.431
shp_715_243,28.428461,77.320145,23,2350.601
shp_715_243,28.428392,77.320221,24,2361.157
shp_715_243,28.428341,77.320297,25,2370.451
shp_715_243,28.428352,77.32045,26,2385.836
shp_715_243,28.428352,77.32045,27,2385.836
shp_715_243,28.42845,77.321892,28,2527.073
shp_715_243,28.428585,77.324203,29,2754.172
shp_715_243,28.428713,77.325958,30,2926.641
shp_715_243,28.428713,77.325958,31,2926.641
shp_715_243,28.428732,77.326729,32,3002.143
shp_715_244,28.43417,77.104645,1,0.0
shp_715_244,28.432638,77.105141,2,177.385
shp_715_244,28.432093,77.10527,3,239.368
shp_715_244,28.431944,77.105316,4,256.443
shp_715_244,28.431835,77.105362,5,269.337
shp_715_244,28.431557,77.105522,6,303.863
shp_715_244,28.431517,77.105568,7,310.332
shp_715_244,28.431448,77.105621,8,319.966
shp_715_244,28.431349,77.105659,9,331.314
shp_715_244,28.431267,77.105659,10,340.534
shp_715_244,28.431185,77.105644,11,349.754
shp_715_244,28.43111,77.105606,12,358.971
shp_715_244,28.431025,77.105522,13,371.517
shp_715_244,28.430967,77.105415,14,384.05
shp_715_244,28.430445,77.105377,15,442.268
shp_715_244,28.429571,77.105339,16,539.541
shp_715_244,28.428188,77.105331,17,693.454
shp_715_244,28.42754,77.105316,18,765.696
shp_715_244,28.425022,77.105286,19,1045.97
shp_715_244,28.424482,77.105232,20,1106.407
shp_715_244,28.423727,77.105217,21,1190.443
shp_715_244,28.423306,77.10524,22,1237.327
shp_715_245,28.588888,77.252632,1,0.0
shp_715_245,28.588768,77.252617,2,13.554
shp_715_245,28.588373,77.252098,3,80.335
shp_715_245,28.588354,77.251289,4,159.428
shp_715_245,28.588367,77.251183,5,170.323
shp_715_245,28.588404,77.251114,6,177.898
shp_715_245,28.588253,77.25106,7,195.717
shp_715_245,28.587782,77.250816,8,252.989
shp_715_245,28.587921,77.250488,9,288.509
shp_715_245,28.588785,77.248329,10,520.438
shp_715_245,28.588886,77.248085,11,547.091
shp_715_245,28.588917,77.248032,12,553.294
shp_715_245,28.588942,77.247772,13,578.823
shp_715_245,28.588915,77.247749,14,582.738
shp_715_245,28.588888,77.247696,15,588.415
shp_715_245,28.588875,77.247643,16,594.094
shp_715_245,28.588879,77.247581,17,599.763
shp_715_245,28.588896,77.247528,18,605.439
shp_715_245,28.588928,77.247482,19,611.122
shp_715_245,28.58897,77.247452,20,616.794
shp_715_245,28.588707,77.24678,21,688.991
shp_715_245,28.587553,77.247368,22,829.63
shp_715_245,28.587036,77.247772,23,899.359
shp_715_245,28.586483,77.24826,24,977.461
shp_715_245,28.585638,77.248962,25,1093.891
shp_715_245,28.583305,77.250954,26,1418.503
shp_715_245,28.583059,77.251183,27,1453.684
shp_715_245,28.582943,77.25132,28,1472.29
shp_715_245,28.58263,77.252083,29,1554.755
shp_715_245,28.582636,77.252731,30,1618.502
shp_715_245,28.582678,77.252838,31,1629.521
shp_715_245,28.582794,77.252914,32,1644.428
shp_715_245,28.583097,77.252937,33,1678.151
shp_715_245,28.583313,77.252922,34,1702.167
shp_715_245,28.583633,77.252884,35,1738.138
shp_715_245,28.583731,77.252914,36,1749.364
shp_715_245,28.585024,77.253433,37,1901.809
shp_715_245,28.585182,77.253456,38,1919.731
shp_715_245,28.585203,77.253548,39,1928.798
shp_715_245,28.585196,77.253639,40,1937.688
shp_715_245,28.585173,77.253662,41,1941.17
shp_715_245,28.584484,77.253906,42,2021.444
shp_715_245,28.584435,77.253937,43,2027.703
shp_715_245,28.584393,77.254005,44,2035.799
shp_715_245,28.58437,77.254082,45,2043.417
shp_715_245,28.58441,77.254601,46,2094.865
shp_715_245,28.584433,77.254677,47,2102.639
shp_715_245,28.584501,77.254753,48,2113.23
shp_715_245,28.584564,77.254807,49,2122.183
shp_715_245,28.58466,77.25486,50,2133.975
shp_715_245,28.584766,77.254898,51,2146.479
shp_715_245,28.584871,77.254921,52,2158.245
shp_715_245,28.584967,77.254974,53,2170.24
shp_715_245,28.58498,77.255013,54,2173.722
shp_715_245,28.585024,77.255058,55,2180.37
shp_715_245,28.587761,77.255074,56,2485.147
shp_715_245,28.588207,77.255051,57,2534.823
shp_715_245,28.588394,77.25499,58,2556.631
shp_715_245,28.588715,77.254944,59,2592.554
shp_715_245,28.588772,77.255028,60,2602.907
shp_715_245,28.588781,77.255058,61,2606.702
shp_715_245,28.588799,77.255219,62,2622.484
shp_715_245,28.588844,77.255318,63,2633.413
shp_715_245,28.588902,77.255745,64,2675.69
shp_715_245,28.588816,77.25576,65,2685.371
shp_715_245,28.588816,77.25576,66,2685.371
shp_715_245,28.588808,77.25576,67,2686.179
shp_715_245,28.588753,77.255363,68,2725.287
shp_715_245,28.588755,77.255325,69,2729.456
shp_715_245,28.588799,77.255219,70,2740.494
shp_715_245,28.588781,77.255058,71,2756.276
shp_715_245,28.588772,77.255028,72,2760.071
shp_715_245,28.588715,77.254944,73,2770.424
shp_715_245,28.588394,77.25499,74,2806.347
shp_715_245,28.588207,77.255051,75,2828.156
shp_715_245,28.587761,77.255074,76,2877.831
shp_715_245,28.586143,77.255066,77,3057.872
shp_715_245,28.586143,77.255066,78,3057.872
shp_715_245,28.585024,77.255058,79,3182.608
shp_715_245,28.58498,77.255013,80,3189.256
shp_715_245,28.584866,77.255005,81,3201.938
shp_715_245,28.584686,77.254967,82,3222.218
shp_715_245,28.584581,77.254913,83,3235.052
shp_715_245,28.584494,77.25486,84,3246.256
shp_715_245,28.584396,77.254738,85,3262.28
shp_715_245,28.584389,77.254715,86,3264.757
shp_715_245,28.584389,77.254715,87,3264.757
shp_715_245,28.584364,77.254639,88,3272.541
shp_715_245,28.584335,77.254028,89,3331.971
shp_715_245,28.584354,77.253983,90,3337.075
shp_715_245,28.584482,77.253853,91,3356.296
shp_715_245,28.585096,77.253586,92,3429.308
shp_715_245,28.585121,77.253571,93,3432.775
shp_715_245,28.585131,77.253548,94,3435.24
shp_715_245,28.584993,77.253532,95,3450.436
shp_715_245,28.584641,77.253403,96,3491.617
shp_715_245,28.584707,77.253304,97,3503.923
shp_715_245,28.585224,77.252655,98,3589.517
shp_715_245,28.585676,77.252121,99,3662.161
shp_715_245,28.586376,77.251343,100,3771.127
shp_715_245,28.586716,77.250946,101,3825.085
shp_715_245,28.586716,77.250946,102,3825.085
shp_715_245,28.587118,77.250496,103,3887.82
shp_715_245,28.587246,77.250275,104,3914.278
shp_715_245,28.587326,77.250092,105,3934.004
shp_715_245,28.587395,77.249756,106,3967.669
shp_715_245,28.587435,77.249313,107,4011.396
shp_715_245,28.587461,77.248894,108,4052.593
shp_715_245,28.587435,77.248573,109,4083.865
shp_715_245,28.587252,77.247833,110,4158.712
shp_715_245,28.587183,77.247658,111,4177.821
shp_715_245,28.587036,77.247772,112,4197.448
shp_715_245,28.586483,77.24826,113,4275.549
shp_715_245,28.585638,77.248962,114,4391.979
shp_715_245,28.585545,77.249046,115,4405.205
shp_715_245,28.585501,77.248962,116,4414.65
shp_715_245,28.58703,77.247643,117,4628.216
shp_715_245,28.587526,77.247261,118,4694.638
shp_715_245,28.589027,77.246483,119,4878.415
shp_715_245,28.589027,77.246483,120,4878.415
shp_715_245,28.589476,77.246246,121,4933.373
shp_715_245,28.589817,77.246025,122,4977.123
shp_715_245,28.589853,77.246109,123,4986.121
shp_715_245,28.589565,77.246307,124,5023.879
shp_715_245,28.589565,77.246307,125,5023.879
shp_715_245,28.58951,77.246353,126,5031.106
shp_715_245,28.588707,77.24678,127,5129.839
shp_715_245,28.588665,77.246674,128,5140.996
shp_715_245,28.589476,77.246246,129,5240.363
shp_715_245,28.589817,77.246025,130,5284.113
shp_715_245,28.591097,77.245041,131,5455.979
shp_715_245,28.592033,77.244392,132,5577.939
shp_715_246,28.447439,77.100182,1,0.0
shp_715_246,28.445139,77.100891,2,265.277
shp_715_246,28.443975,77.101273,3,400.038
shp_715_246,28.443975,77.101273,4,400.038
shp_715_246,28.443489,77.101425,5,456.18
shp_715_246,28.441452,77.102203,6,695.417
shp_715_246,28.441236,77.102257,7,720.072
shp_715_246,28.439903,77.10276,8,876.421
shp_715_246,28.439478,77.102913,9,925.979
shp_715_246,28.438591,77.103249,10,1030.091
shp_715_246,28.437654,77.103592,11,1139.61
shp_715_246,28.437452,77.103653,12,1162.981
shp_715_246,28.437452,77.103653,13,1162.981
shp_715_246,28.435555,77.104218,14,1381.21
shp_715_246,28.434917,77.104408,15,1454.73
shp_715_246,28.434917,77.104408,16,1454.73
shp_715_246,28.433905,77.104729,17,1571.501
shp_715_246,28.432638,77.105141,18,1718.449
shp_715_246,28.432093,77.10527,19,1780.432
shp_715_246,28.431944,77.105316,20,1797.507
shp_715_246,28.431835,77.105362,21,1810.402
shp_715_246,28.431557,77.105522,22,1844.927
shp_715_246,28.431517,77.105568,23,1851.396
shp_715_246,28.431448,77.105621,24,1861.03
shp_715_246,28.431349,77.105659,25,1872.378
shp_715_246,28.431267,77.105659,26,1881.599
shp_715_246,28.431185,77.105644,27,1890.819
shp_715_246,28.43111,77.105606,28,1900.036
shp_715_246,28.431025,77.105522,29,1912.582
shp_715_246,28.430967,77.105415,30,1925.114
shp_715_246,28.430445,77.105377,31,1983.332
shp_715_246,28.429571,77.105339,32,2080.605
shp_715_246,28.428188,77.105331,33,2234.518
shp_715_246,28.42754,77.105316,34,2306.76
shp_715_246,28.425022,77.105286,35,2587.034
shp_715_246,28.424482,77.105232,36,2647.471
shp_715_246,28.423727,77.105217,37,2731.507
shp_715_246,28.423306,77.10524,38,2778.391
shp_715_247,28.447392,77.100029,1,0.0
shp_715_247,28.448486,77.099693,2,126.341
shp_715_247,28.448486,77.099693,3,126.341
shp_715_247,28.44908,77.09951,4,194.816
shp_715_247,28.449844,77.099228,5,284.245
shp_715_247,28.451385,77.098686,6,463.741
shp_715_247,28.451385,77.098686,7,463.741
shp_715_247,28.452337,77.098351,8,574.511
shp_715_247,28.453262,77.097977,9,683.933
shp_715_247,28.454445,77.097641,10,819.622
shp_715_247,28.454445,77.097641,11,819.622
shp_715_247,28.455215,77.097435,12,907.749
shp_715_247,28.45554,77.097382,13,944.223
shp_715_247,28.45739,77.096848,14,1156.844
shp_715_247,28.45739,77.096848,15,1156.844
shp_715_247,28.458612,77.096481,16,1297.491
shp_715_247,28.461164,77.095741,17,1590.578
shp_715_247,28.461838,77.095543,18,1668.013
shp_715_247,28.462217,77.095436,19,1711.4
shp_715_247,28.462725,77.095291,20,1769.814
shp_715_247,28.463524,77.0951,21,1860.665
shp_715_247,28.464359,77.094948,22,1954.942
shp_715_247,28.466887,77.094452,23,2240.316
shp_715_247,28.469671,77.093956,24,2554.146
shp_715_247,28.470032,77.093903,25,2594.653
shp_715_247,28.470619,77.093849,26,2660.223
shp_715_247,28.47205,77.093834,27,2819.406
shp_715_248,28.727987,77.16098,1,0.0
shp_715_248,28.731112,77.158691,2,413.339
shp_715_248,28.731112,77.158691,3,413.339
shp_715_248,28.731541,77.158379,4,469.906
shp_715_248,28.732187,77.157928,5,554.474
shp_715_248,28.732473,77.157707,6,592.745
shp_715_248,28.733297,77.156982,7,708.955
shp_715_248,28.735104,77.155655,8,947.917
shp_715_248,28.735104,77.155655,9,947.917
shp_715_248,28.736044,77.154976,10,1071.739
shp_715_248,28.736343,77.154747,11,1111.844
shp_715_248,28.736736,77.154564,12,1159.154
shp_715_248,28.737213,77.154465,13,1213.042
shp_715_248,28.738327,77.154305,14,1337.961
shp_715_248,28.738327,77.154305,15,1337.961
shp_715_248,28.738428,77.154289,16,1349.288
shp_715_248,28.740452,77.153656,17,1583.089
shp_715_248,28.740894,77.153496,18,1634.733
shp_715_248,28.741175,77.153381,19,1667.89
shp_715_248,28.752367,77.149757,20,2962.981
shp_715_248,28.752367,77.149757,21,2962.981
shp_715_248,28.752768,77.149628,22,3009.368
shp_715_248,28.758259,77.147827,23,3645.524
shp_715_249,28.728111,77.161148,1,0.0
shp_715_249,28.726952,77.162018,2,154.579
shp_715_249,28.727827,77.163559,3,333.813
shp_715_249,28.728828,77.165291,4,535.879
shp_715_249,28.728828,77.165291,5,535.879
shp_715_249,28.7293,77.1661,6,630.982
shp_715_249,28.729427,77.166306,7,655.694
shp_715_249,28.729597,77.166618,8,691.406
shp_715_249,28.729969,77.167259,9,766.64
shp_715_249,28.729969,77.167259,10,766.64
shp_715_249,28.730247,77.16774,11,822.951
shp_715_249,28.730499,77.168152,12,871.391
shp_715_249,28.730885,77.168808,13,949.077
shp_715_249,28.730885,77.168808,14,949.077
shp_715_249,28.731405,77.169701,15,1053.347
shp_715_249,28.731405,77.169701,16,1053.347
shp_715_249,28.73201,77.170738,17,1175.14
shp_715_249,28.73201,77.170738,18,1175.14
shp_715_249,28.732334,77.171288,19,1239.828
shp_715_249,28.732706,77.171951,20,1316.382
shp_715_249,28.733307,77.172958,21,1435.153
shp_715_250,28.728111,77.161148,1,0.0
shp_715_250,28.722607,77.165283,2,733.713
shp_715_250,28.722507,77.165367,3,747.805
shp_715_250,28.722507,77.165367,4,747.805
shp_715_250,28.721928,77.165878,5,829.212
shp_715_250,28.720224,77.167404,6,1069.993
shp_715_250,28.719908,77.167671,7,1114.109
shp_715_250,28.719908,77.167671,8,1114.109
shp_715_250,28.718903,77.168556,9,1255.395
shp_715_250,28.718903,77.168556,10,1255.395
shp_715_250,28.717648,77.169655,11,1431.499
shp_715_250,28.717731,77.169769,12,1446.251
shp_715_250,28.717094,77.170334,13,1536.022
shp_715_250,28.717039,77.17025,14,1546.109
shp_715_250,28.717039,77.17025,15,1546.109
shp_715_250,28.717016,77.170219,16,1550.185
shp_715_250,28.716282,77.170807,17,1650.234
shp_715_250,28.715504,77.171486,18,1759.321
shp_715_250,28.715504,77.171486,19,1759.321
shp_715_250,28.714602,77.172302,20,1887.322
shp_715_250,28.714602,77.172302,21,1887.322
shp_715_250,28.713741,77.173073,22,2009.385
shp_715_250,28.713741,77.173073,23,2009.385
shp_715_250,28.712404,77.174324,24,2201.76
shp_715_250,28.712288,77.174362,25,2215.271
shp_715_250,28.711563,77.174988,26,2316.246
shp_715_250,28.710434,77.176025,27,2477.878
shp_715_250,28.710064,77.176346,28,2529.838
shp_715_250,28.708458,77.177788,29,2756.992
shp_715_250,28.708326,77.177925,30,2776.887
shp_715_250,28.708296,77.177963,31,2782.448
shp_715_250,28.708221,77.178123,32,2799.858
shp_715_250,28.708105,77.178314,33,2822.589
shp_715_250,28.70789,77.179001,34,2893.62
shp_715_250,28.70784,77.179047,35,2900.841
shp_715_250,28.707754,77.179108,36,2912.112
shp_715_250,28.707649,77.179138,37,2924.273
shp_715_250,28.707506,77.179169,38,2940.266
shp_715_250,28.707367,77.179092,39,2957.29
shp_715_250,28.707287,77.179008,40,2969.576
shp_715_250,28.707186,77.178871,41,2986.791
shp_715_250,28.707104,77.178848,42,2996.229
shp_715_250,28.706995,77.178833,43,3008.412
shp_715_250,28.706888,77.178856,44,3020.333
shp_715_250,28.706831,77.178879,45,3027.164
shp_715_250,28.706738,77.178932,46,3038.8
shp_715_250,28.706442,77.179169,47,3079.342
shp_715_251,28.424009,77.105034,1,0.0
shp_715_251,28.426319,77.10508,2,257.134
shp_715_251,28.426939,77.10508,3,326.253
shp_715_251,28.42819,77.105095,4,465.568
shp_715_251,28.430559,77.105141,5,729.267
shp_715_251,28.430981,77.105095,6,776.513
shp_715_251,28.431055,77.10498,7,790.025
shp_715_251,28.431156,77.104904,8,803.529
shp_715_251,28.431236,77.104881,9,812.791
shp_715_251,28.43132,77.104881,10,822.058
shp_715_251,28.4314,77.104897,11,831.32
shp_715_251,28.431477,77.104942,12,840.596
shp_715_251,28.431545,77.105003,13,850.614
shp_715_251,28.431597,77.105087,14,860.64
shp_715_251,28.431797,77.105125,15,883.121
shp_715_251,28.431978,77.105095,16,903.595
shp_715_251,28.432205,77.105019,17,930.036
shp_715_251,28.432957,77.104782,18,1016.706
shp_715_251,28.432957,77.104782,19,1016.706
shp_715_251,28.435328,77.10408,20,1289.45
shp_715_251,28.435328,77.10408,21,1289.45
shp_715_251,28.43726,77.103508,22,1511.883
shp_715_251,28.437979,77.103256,23,1595.334
shp_715_251,28.439869,77.102554,24,1816.96
shp_715_251,28.442091,77.101746,25,2076.433
shp_715_251,28.442673,77.101509,26,2145.513
shp_715_251,28.443472,77.101219,27,2238.854
shp_715_251,28.443846,77.101074,28,2282.722
shp_715_251,28.444065,77.100998,29,2308.131
shp_715_251,28.4445,77.100876,30,2358.225
shp_715_251,28.445627,77.100578,31,2487.037
shp_715_251,28.446346,77.100349,32,2569.932
shp_715_251,28.446346,77.100349,33,2569.932
shp_715_251,28.447342,77.100044,34,2684.815
shp_715_251,28.447342,77.100044,35,2684.815
shp_715_251,28.44908,77.09951,36,2885.329
shp_715_251,28.449844,77.099228,37,2974.758
shp_715_251,28.451876,77.098518,38,3211.219
shp_715_251,28.451876,77.098518,39,3211.219
shp_715_251,28.452337,77.098351,40,3265.024
shp_715_251,28.453262,77.097977,41,3374.446
shp_715_251,28.454197,77.09771,42,3481.718
shp_715_251,28.454197,77.09771,43,3481.718
shp_715_251,28.454651,77.09758,44,3533.883
shp_715_251,28.455215,77.097435,45,3598.266
shp_715_251,28.45554,77.097382,46,3634.741
shp_715_251,28.45739,77.096848,47,3847.361
shp_715_251,28.45739,77.096848,48,3847.361
shp_715_251,28.458612,77.096481,49,3988.008
shp_715_251,28.460707,77.095879,50,4228.372
shp_715_251,28.460707,77.095879,51,4228.372
shp_715_251,28.461838,77.095543,52,4358.528
shp_715_251,28.462217,77.095436,53,4401.915
shp_715_251,28.462725,77.095291,54,4460.33
shp_715_251,28.463524,77.0951,55,4551.181
shp_715_251,28.464359,77.094948,56,4645.458
shp_715_251,28.466887,77.094452,57,4930.832
shp_715_251,28.469671,77.093956,58,5244.662
shp_715_251,28.470032,77.093903,59,5285.168
shp_715_251,28.470619,77.093849,60,5350.738
shp_715_251,28.471426,77.093842,61,5440.475
shp_715_252,28.720757,77.104935,1,0.0
shp_715_252,28.720778,77.103798,2,111.394
shp_715_252,28.720512,77.10376,3,141.07
shp_715_252,28.720222,77.103699,4,173.81
shp_715_252,28.719675,77.103622,5,235.359
shp_715_252,28.719467,77.102745,6,323.884
shp_715_252,28.719442,77.102615,7,336.512
shp_715_252,28.71944,77.102493,8,348.555
shp_715_252,28.719469,77.102272,9,370.21
shp_715_252,28.719259,77.102188,10,394.896
shp_715_252,28.719242,77.102173,11,397.424
shp_715_252,28.719236,77.10215,12,399.657
shp_715_252,28.719242,77.102127,13,401.962
shp_715_252,28.719299,77.10199,14,417.095
shp_715_252,28.718699,77.101639,15,492.349
shp_715_252,28.718525,77.101517,16,514.787
shp_715_252,28.718414,77.101418,17,530.407
shp_715_252,28.718307,77.10128,18,548.274
shp_715_252,28.71793,77.100754,19,614.673
shp_715_252,28.717945,77.100746,20,616.615
shp_715_252,28.718115,77.100517,21,646.063
shp_715_252,28.71829,77.100136,22,687.92
shp_715_252,28.718296,77.100105,23,690.972
shp_715_252,28.718292,77.100082,24,693.63
shp_715_252,28.718109,77.099823,25,725.702
shp_715_252,28.718094,77.0998,26,728.675
shp_715_252,28.71804,77.099625,27,747.094
shp_715_252,28.718035,77.099106,28,797.151
shp_715_252,28.718107,77.098572,29,849.859
shp_715_252,28.718142,77.098152,30,891.059
shp_715_252,28.718134,77.097946,31,911.495
shp_715_252,28.718115,77.097839,32,922.31
shp_715_252,28.718079,77.09771,33,935.133
shp_715_252,28.718052,77.097641,34,942.537
shp_715_252,28.717886,77.097359,35,976.007
shp_715_252,28.717634,77.096863,36,1031.842
shp_715_252,28.717541,77.096649,37,1054.899
shp_715_252,28.71748,77.096443,38,1076.624
shp_715_252,28.717432,77.096222,39,1098.625
shp_715_252,28.717373,77.09599300000001,40,1121.575
shp_715_252,28.717314,77.095863,41,1135.891
shp_715_252,28.717255,77.095787,42,1145.925
shp_715_252,28.717173,77.095749,43,1155.855
shp_715_252,28.716946,77.095657,44,1182.556
shp_715_252,28.716829,77.095627,45,1195.864
shp_715_252,28.716715,77.095612,46,1208.792
shp_715_252,28.716478,77.095589,47,1235.006
shp_715_252,28.716364,77.095566,48,1248.159
shp_715_252,28.716265,77.095512,49,1260.23
shp_715_252,28.716202,77.095474,50,1268.427
shp_715_252,28.716162,77.095421,51,1275.199
shp_715_252,28.716143,77.095375,52,1280.305
shp_715_252,28.716143,77.095299,53,1287.198
shp_715_252,28.716162,77.095238,54,1294.02
shp_715_252,28.716204,77.095154,55,1302.896
shp_715_252,28.716709,77.094521,56,1386.666
shp_715_252,28.716753,77.094437,57,1396.344
shp_715_252,28.716749,77.09436,58,1403.901
shp_715_252,28.716732,77.094269,59,1413.12
shp_715_252,28.716625,77.093857,60,1454.714
shp_715_252,28.716496,77.093132,61,1526.942
shp_715_252,28.716446,77.092911,62,1549.405
shp_715_252,28.716379,77.092659,63,1574.842
shp_715_252,28.716259,77.092308,64,1612.012
shp_715_252,28.715961,77.091476,65,1699.358
shp_715_252,28.715775,77.090988,66,1751.278
shp_715_252,28.715637,77.090645,67,1788.102
shp_715_252,28.715351,77.090004,68,1858.69
shp_715_252,28.714775,77.088539,69,2015.274
shp_715_252,28.714569,77.088036,70,2069.385
shp_715_252,28.7143,77.087418,71,2136.977
shp_715_252,28.714006,77.086777,72,2207.698
shp_715_252,28.713736,77.086212,73,2270.39
shp_715_252,28.713638,77.085968,74,2296.19
shp_715_252,28.713148,77.084267,75,2471.162
shp_715_252,28.713041,77.084015,76,2498.376
shp_715_252,28.712849,77.083611,77,2543.5
shp_715_252,28.712776,77.08342,78,2564.071
shp_715_252,28.712687,77.083099,79,2596.341
shp_715_252,28.712532,77.082451,80,2661.91
shp_715_252,28.712488,77.082214,81,2685.785
shp_715_252,28.712479,77.0821,82,2696.984
shp_715_252,28.712505,77.081886,83,2718.284
shp_715_252,28.712538,77.081726,84,2733.987
shp_715_252,28.71273,77.080978,85,2810.163
shp_715_252,28.712784,77.080826,86,2826.365
shp_715_252,28.71283,77.080711,87,2838.674
shp_715_252,28.712858,77.080666,88,2844.377
shp_715_252,28.712929,77.080566,89,2856.772
shp_715_252,28.712963,77.080498,90,2864.417
shp_715_252,28.712984,77.080429,91,2871.11
shp_715_252,28.712996,77.080299,92,2883.884
shp_715_252,28.712988,77.080238,93,2890.254
shp_715_252,28.712927,77.080139,94,2901.822
shp_715_252,28.712881,77.080101,95,2908.44
shp_715_252,28.713055,77.079773,96,2945.614
shp_715_252,28.713739,77.078117,97,3124.38
shp_715_252,28.71419,77.076935,98,3250.366
shp_715_252,28.714466,77.07637,99,3313.46
shp_715_252,28.714928,77.075493,100,3413.463
shp_715_252,28.715315,77.074799,101,3493.847
shp_715_252,28.715799,77.073997,102,3588.596
shp_715_252,28.71937,77.068619,103,4247.08
shp_715_252,28.720472,77.06694,104,4451.837
shp_715_252,28.720755,77.06649,105,4506.172
shp_715_252,28.720755,77.06649,106,4506.172
shp_715_252,28.721762,77.064842,107,4701.839
shp_715_253,28.720821,77.104942,1,0.0
shp_715_253,28.721994,77.10495,2,130.402
shp_715_253,28.722422,77.104973,3,178.143
shp_715_253,28.722471,77.104965,4,183.598
shp_715_253,28.722454,77.105148,5,202.094
shp_715_253,28.722635,77.104874,6,235.952
shp_715_253,28.72459,77.102058,7,586.563
shp_715_253,28.730783,77.093033,8,1704.984
shp_715_253,28.730783,77.093033,9,1704.984
shp_715_253,28.733313,77.089355,10,2161.393
shp_715_253,28.731369,77.087639,11,2435.292
shp_715_253,28.7318,77.087029,12,2511.505
shp_715_253,28.732159,77.08651,13,2576.249
shp_715_253,28.732525,77.085892,14,2648.81
shp_715_253,28.732363,77.085747,15,2671.568
shp_715_253,28.732363,77.085747,16,2671.568
shp_715_253,28.730011,77.083679,17,3002.355
shp_715_253,28.730068,77.083534,18,3017.67
shp_715_253,28.730068,77.083534,19,3017.67
shp_715_253,28.731148,77.084511,20,3170.831
shp_715_253,28.732584,77.085777,21,3372.807
shp_715_253,28.732544,77.085854,22,3381.664
shp_715_253,28.732544,77.085854,23,3381.664
shp_715_253,28.732159,77.08651,24,3458.588
shp_715_253,28.733673,77.087814,25,3670.048
shp_715_254,28.720757,77.104935,1,0.0
shp_715_254,28.720778,77.103798,2,111.394
shp_715_254,28.720512,77.10376,3,141.07
shp_715_254,28.720222,77.103699,4,173.81
shp_715_254,28.719675,77.103622,5,235.359
shp_715_254,28.717989,77.103035,6,431.568
shp_715_254,28.718151,77.102669,7,471.241
shp_715_254,28.717506,77.102203,8,556.338
shp_715_254,28.717407,77.102364,9,575.373
shp_715_254,28.716785,77.101921,10,656.945
shp_715_254,28.716175,77.102707,11,759.441
shp_715_254,28.715982,77.102936,12,790.508
shp_715_254,28.71525,77.103752,13,904.441
shp_715_254,28.714924,77.103523,14,947.114
shp_715_254,28.712774,77.102478,15,1207.068
shp_715_254,28.712437,77.10231,16,1248.149
shp_715_254,28.712437,77.10231,17,1248.149
shp_715_254,28.712074,77.102127,18,1292.358
shp_715_254,28.712074,77.102127,19,1292.358
shp_715_254,28.71118,77.101685,20,1400.779
shp_715_254,28.710705,77.101463,21,1458.074
shp_715_254,28.710705,77.101463,22,1458.074
shp_715_254,28.710543,77.101387,23,1477.455
shp_715_254,28.710459,77.101334,24,1488.121
shp_715_254,28.709093,77.1007,25,1652.325
shp_715_254,28.70912,77.100517,26,1670.163
shp_715_254,28.709154,77.09861,27,1856.555
shp_715_255,28.720757,77.104935,1,0.0
shp_715_255,28.720778,77.103798,2,111.394
shp_715_255,28.720512,77.10376,3,141.07
shp_715_255,28.720222,77.103699,4,173.81
shp_715_255,28.719675,77.103622,5,235.359
shp_715_255,28.717989,77.103035,6,431.568
shp_715_255,28.718151,77.102669,7,471.241
shp_715_255,28.717506,77.102203,8,556.338
shp_715_255,28.717407,77.102364,9,575.373
shp_715_255,28.716827,77.101952,10,651.496
shp_715_255,28.716827,77.101952,11,651.496
shp_715_255,28.716785,77.101921,12,656.945
shp_715_255,28.716957,77.101685,13,686.88
shp_715_255,28.717232,77.101357,14,731.227
shp_715_255,28.717232,77.101357,15,731.227
shp_715_255,28.717474,77.101067,16,770.035
shp_715_255,28.717585,77.100975,17,785.474
shp_715_255,28.717945,77.100746,18,831.298
shp_715_255,28.718115,77.100517,19,860.746
shp_715_255,28.71829,77.100136,20,902.603
shp_715_255,28.718296,77.100105,21,905.656
shp_715_255,28.718292,77.100082,22,908.314
shp_715_255,28.718094,77.0998,23,943.324
shp_715_255,28.71804,77.099625,24,961.744
shp_715_255,28.718035,77.099106,25,1011.801
shp_715_255,28.718107,77.098572,26,1064.509
shp_715_255,28.718142,77.098152,27,1105.709
shp_715_255,28.718134,77.097946,28,1126.145
shp_715_255,28.718115,77.097839,29,1136.96
shp_715_255,28.718079,77.09771,30,1149.782
shp_715_255,28.718052,77.097641,31,1157.187
shp_715_255,28.717886,77.097359,32,1190.656
shp_715_255,28.717634,77.096863,33,1246.492
shp_715_255,28.717541,77.096649,34,1269.549
shp_715_255,28.71748,77.096443,35,1291.273
shp_715_255,28.717432,77.096222,36,1313.275
shp_715_255,28.717373,77.09599300000001,37,1336.224
shp_715_255,28.717314,77.095863,38,1350.54
shp_715_255,28.717255,77.095787,39,1360.574
shp_715_255,28.717173,77.095749,40,1370.504
shp_715_255,28.716946,77.095657,41,1397.206
shp_715_255,28.716829,77.095627,42,1410.514
shp_715_255,28.716715,77.095612,43,1423.441
shp_715_255,28.716478,77.095589,44,1449.656
shp_715_255,28.716364,77.095566,45,1462.809
shp_715_255,28.716265,77.095512,46,1474.88
shp_715_255,28.716202,77.095474,47,1483.077
shp_715_255,28.716162,77.095421,48,1489.848
shp_715_255,28.716143,77.095375,49,1494.954
shp_715_255,28.716143,77.095299,50,1501.847
shp_715_255,28.716162,77.095238,51,1508.669
shp_715_255,28.716204,77.095154,52,1517.545
shp_715_255,28.716709,77.094521,53,1601.315
shp_715_255,28.716753,77.094437,54,1610.994
shp_715_255,28.716749,77.09436,55,1618.551
shp_715_255,28.716732,77.094269,56,1627.769
shp_715_255,28.716625,77.093857,57,1669.364
shp_715_255,28.716553,77.093452,58,1709.584
shp_715_255,28.716553,77.093452,59,1709.584
shp_715_255,28.716496,77.093132,60,1741.591
shp_715_255,28.716446,77.092911,61,1764.055
shp_715_255,28.716379,77.092659,62,1789.492
shp_715_255,28.716286,77.092384,63,1818.697
shp_715_255,28.716286,77.092384,64,1818.697
shp_715_255,28.715961,77.091476,65,1914.006
shp_715_255,28.715775,77.090988,66,1965.926
shp_715_255,28.715637,77.090645,67,2002.75
shp_715_255,28.715351,77.090004,68,2073.338
shp_715_255,28.715282,77.089821,69,2092.54
shp_715_256,28.720821,77.104942,1,0.0
shp_715_256,28.721994,77.10495,2,130.402
shp_715_256,28.722422,77.104973,3,178.143
shp_715_256,28.722471,77.104965,4,183.598
shp_715_256,28.722454,77.105148,5,202.094
shp_715_256,28.722546,77.105255,6,216.557
shp_715_256,28.72212,77.105865,7,292.266
shp_715_256,28.721792,77.106308,8,348.814
shp_715_256,28.721317,77.106773,9,418.517
shp_715_256,28.720449,77.107666,10,548.765
shp_715_256,28.720184,77.107979,11,591.248
shp_715_256,28.724201,77.111504,12,1155.294
shp_715_256,28.724569,77.111839,13,1207.647
shp_715_256,28.724569,77.111839,14,1207.647
shp_715_256,28.727341,77.114365,15,1602.654
shp_715_256,28.727341,77.114365,16,1602.654
shp_715_256,28.727823,77.114777,17,1669.708
shp_715_256,28.728027,77.114975,18,1699.568
shp_715_256,28.729465,77.116257,19,1902.967
shp_715_256,28.729952,77.116684,20,1971.114
shp_715_256,28.730536,77.11721,21,2054.277
shp_715_256,28.731995,77.118484,22,2258.608
shp_715_256,28.73217,77.118225,23,2290.313
shp_715_256,28.73217,77.118225,24,2290.313
shp_715_256,28.733458,77.116371,25,2521.406
shp_715_256,28.735067,77.114029,26,2811.857
shp_715_256,28.735067,77.114029,27,2811.857
shp_715_256,28.73563,77.113213,28,2913.305
shp_715_256,28.735714,77.113289,29,2925.358
shp_715_256,28.735119,77.114166,30,3033.945
shp_715_256,28.736115,77.115051,31,3174.271
shp_715_256,28.736115,77.115051,32,3174.271
shp_715_256,28.739119,77.117714,33,3597.991
shp_715_256,28.739119,77.117714,34,3597.991
shp_715_256,28.740801,77.119209,35,3835.283
shp_715_256,28.741364,77.119736,36,3916.105
shp_715_256,28.741776,77.120087,37,3973.446
shp_715_256,28.741461,77.12059,38,4033.794
shp_715_256,28.74128,77.120857,39,4066.998
shp_715_256,28.740732,77.121658,40,4165.813
shp_715_256,28.740732,77.121658,41,4165.813
shp_715_256,28.739311,77.123718,42,4421.921
shp_715_256,28.739445,77.123833,43,4440.674
shp_715_256,28.739445,77.123833,44,4440.674
shp_715_256,28.739676,77.124039,45,4473.117
shp_715_256,28.739729,77.124077,46,4480.216
shp_715_256,28.740599,77.124847,47,4602.526
shp_715_256,28.740883,77.125084,48,4642.025
shp_715_256,28.742586,77.126595,49,4881.975
shp_715_256,28.742666,77.126511,50,4893.643
shp_715_256,28.742863,77.126411,51,4917.888
shp_715_256,28.742939,77.126396,52,4926.365
shp_715_256,28.743919,77.12635,53,5035.782
shp_715_256,28.744011,77.126938,54,5093.859
shp_715_256,28.74415,77.127678,55,5168.253
shp_715_256,28.744341,77.128326,56,5234.484
shp_715_256,28.744522,77.128723,57,5278.709
shp_715_256,28.744642,77.129044,58,5312.329
shp_715_256,28.744823,77.129868,59,5395.462
shp_715_256,28.744896,77.130417,60,5449.525
shp_715_256,28.744936,77.131187,61,5525.016
shp_715_256,28.744923,77.131767,62,5581.775
shp_715_256,28.744867,77.132248,63,5629.168
shp_715_256,28.744806,77.132637,64,5667.436
shp_715_256,28.744717,77.133141,65,5717.342
shp_715_256,28.744709,77.133324,66,5735.298
shp_715_256,28.744709,77.133324,67,5735.298
shp_715_256,28.744699,77.133568,68,5759.167
shp_715_256,28.74478,77.134682,69,5868.202
shp_715_256,28.744989,77.135735,70,5973.73
shp_715_256,28.745188,77.136574,71,6058.701
shp_715_256,28.745293,77.137161,72,6116.938
shp_715_256,28.745268,77.137314,73,6132.146
shp_715_257,28.670469,77.416176,1,0.0
shp_715_257,28.670118,77.416885,2,79.931
shp_715_257,28.669693,77.417786,3,179.438
shp_715_257,28.669462,77.418228,4,230.023
shp_715_257,28.668978,77.418953,5,318.984
shp_715_257,28.667992,77.42038,6,496.187
shp_715_257,28.667938,77.42054,7,513.279
shp_715_257,28.667898,77.420624,8,522.593
shp_715_257,28.667746,77.420891,9,553.708
shp_715_257,28.667109,77.421722,10,661.047
shp_715_257,28.667109,77.421722,11,661.047
shp_715_257,28.666994,77.421829,12,677.8
shp_715_257,28.66675,77.422028,13,711.295
shp_715_257,28.666117,77.422462,14,793.271
shp_715_257,28.666998,77.423317,15,922.129
shp_715_257,28.669359,77.425484,16,1259.447
shp_715_257,28.669512,77.425682,17,1285.548
shp_715_257,28.66958,77.425804,18,1299.926
shp_715_257,28.669624,77.425934,19,1313.029
shp_715_257,28.669687,77.426369,20,1355.945
shp_715_257,28.669687,77.426369,21,1355.945
shp_715_257,28.669828,77.427315,22,1449.937
shp_715_257,28.669939,77.427979,23,1516.136
shp_715_257,28.670338,77.430756,24,1790.968
shp_715_258,28.670469,77.416176,1,0.0
shp_715_258,28.670118,77.416885,2,79.931
shp_715_258,28.669693,77.417786,3,179.438
shp_715_258,28.669462,77.418228,4,230.023
shp_715_258,28.668978,77.418953,5,318.984
shp_715_258,28.667992,77.42038,6,496.187
shp_715_258,28.667938,77.42054,7,513.279
shp_715_258,28.667898,77.420624,8,522.593
shp_715_258,28.667746,77.420891,9,553.708
shp_715_258,28.667109,77.421722,10,661.047
shp_715_258,28.666994,77.421829,11,677.8
shp_715_258,28.66675,77.422028,12,711.295
shp_715_258,28.666395,77.422272,13,757.187
shp_715_258,28.666395,77.422272,14,757.187
shp_715_258,28.666117,77.422462,15,793.271
shp_715_258,28.665428,77.42289,16,880.678
shp_715_258,28.665108,77.423096,17,921.88
shp_715_258,28.664865,77.423203,18,950.66
shp_715_258,28.66474,77.423241,19,965.278
shp_715_258,28.664536,77.423264,20,987.927
shp_715_258,28.663857,77.423302,21,1063.733
shp_715_258,28.663550999999998,77.42334,22,1097.862
shp_715_258,28.663486,77.423363,23,1105.189
shp_715_258,28.663355,77.423424,24,1121.177
shp_715_258,28.663269,77.423523,25,1134.712
shp_715_258,28.663269,77.423523,26,1134.712
shp_715_258,28.663219,77.423576,27,1142.327
shp_715_258,28.663168,77.423569,28,1148.146
shp_715_258,28.663139,77.423531,29,1152.742
shp_715_258,28.663157,77.423462,30,1159.844
shp_715_258,28.663254,77.423347,31,1175.073
shp_715_258,28.663338,77.423279,32,1186.727
shp_715_258,28.663406,77.422981,33,1216.525
shp_715_258,28.663404,77.422951,34,1219.783
shp_715_258,28.663393,77.422928,35,1222.464
shp_715_258,28.662754,77.422714,36,1296.386
shp_715_258,28.662754,77.422714,37,1296.386
shp_715_258,28.662333,77.422577,38,1345.282
shp_715_258,28.662241,77.422531,39,1356.402
shp_715_258,28.662138,77.42247,40,1369.247
shp_715_258,28.661856,77.422256,41,1406.986
shp_715_258,28.661657,77.422081,42,1435.121
shp_715_258,28.661539,77.421989,43,1451.185
shp_715_258,28.661434,77.421928,44,1464.306
shp_715_258,28.661434,77.421928,45,1464.306
shp_715_258,28.661282,77.421829,46,1483.616
shp_715_258,28.660942,77.421654,47,1525.172
shp_715_258,28.660645,77.421539,48,1560.326
shp_715_258,28.660435,77.421471,49,1584.481
shp_715_258,28.659679,77.42128,50,1670.625
shp_715_258,28.659641,77.421265,51,1675.086
shp_715_258,28.659567,77.421204,52,1685.286
shp_715_258,28.659538,77.421165,53,1690.282
shp_715_258,28.659452,77.421104,54,1701.459
shp_715_258,28.658787,77.420494,55,1796.538
shp_715_258,28.658525,77.420242,56,1835.028
shp_715_258,28.658525,77.420242,57,1835.028
shp_715_258,28.6581,77.419846,58,1895.911
shp_715_258,28.657902,77.419701,59,1922.384
shp_715_258,28.657202,77.419327,60,2008.269
shp_715_258,28.65683,77.419121,61,2054.56
shp_715_258,28.655249,77.419426,62,2233.02
shp_715_258,28.652529,77.420128,63,2543.545
shp_715_258,28.65106,77.420494,64,2710.851
shp_715_258,28.65106,77.420494,65,2710.851
shp_715_258,28.64934,77.420891,66,2906.289
shp_715_258,28.649107,77.420959,67,2932.858
shp_715_258,28.647444,77.421356,68,3122.133
shp_715_258,28.645622,77.421806,69,3329.617
shp_715_258,28.645622,77.421806,70,3329.617
shp_715_258,28.644348,77.422089,71,3474.245
shp_715_258,28.64373,77.422096,72,3542.83
shp_715_258,28.643375,77.422035,73,3582.806
shp_715_258,28.643375,77.422035,74,3582.806
shp_715_258,28.642464,77.421898,75,3685.169
shp_715_258,28.641754,77.421761,76,3765.238
shp_715_259,28.670307,77.416084,1,0.0
shp_715_259,28.670397,77.415855,2,24.44
shp_715_259,28.670567,77.415344,3,77.45
shp_715_259,28.670805,77.414589,4,156.086
shp_715_259,28.670977,77.414658,5,176.335
shp_715_259,28.671286,77.413284,6,314.293
shp_715_259,28.671412,77.412796,7,364.411
shp_715_259,28.671747,77.412682,8,403.335
shp_715_259,28.671963,77.412651,9,427.465
shp_715_259,28.67247,77.413498,10,527.646
shp_715_259,28.672915,77.414093,11,604.255
shp_715_259,28.673334,77.414757,12,683.7
shp_715_259,28.673454,77.414932,13,705.655
shp_715_259,28.673687,77.415192,14,741.791
shp_715_259,28.674652,77.416611,15,917.271
shp_715_259,28.674652,77.416611,16,917.271
shp_715_259,28.67527,77.417465,17,1025.706
shp_715_259,28.675423,77.417351,18,1046.347
shp_715_259,28.676085,77.417007,19,1127.24
shp_715_259,28.676672,77.416718,20,1198.364
shp_715_259,28.677525,77.416328,21,1300.766
shp_715_259,28.678305,77.415955,22,1394.846
shp_715_259,28.678879,77.415695,23,1463.642
shp_715_259,28.679585,77.415329,24,1549.832
shp_715_259,28.680021,77.415146,25,1601.838
shp_715_259,28.680441,77.414948,26,1652.144
shp_715_259,28.681429,77.414459,27,1772.038
shp_715_259,28.681942,77.414238,28,1833.143
shp_715_259,28.682043,77.414207,29,1844.96
shp_715_259,28.682249,77.414192,30,1867.913
shp_715_259,28.682249,77.414192,31,1867.913
shp_715_259,28.683088,77.414154,32,1961.331
shp_715_259,28.683088,77.414154,33,1961.331
shp_715_259,28.684626,77.414085,34,2132.605
shp_715_259,28.684715,77.414101,35,2142.708
shp_715_259,28.684782,77.414139,36,2151.101
shp_715_259,28.684874,77.41407,37,2163.224
shp_715_259,28.684929,77.41394,38,2177.656
shp_715_259,28.684961,77.413589,39,2212.238
shp_715_259,28.685001,77.413063,40,2263.674
shp_715_259,28.684973,77.412971,41,2273.061
shp_715_259,28.685045,77.412018,42,2366.622
shp_715_260,28.458443,77.096725,1,0.0
shp_715_260,28.455101,77.097694,2,383.804
shp_715_260,28.454609,77.097847,3,440.493
shp_715_260,28.454609,77.097847,4,440.493
shp_715_260,28.453581,77.098167,5,559.244
shp_715_260,28.452293,77.098564,6,707.801
shp_715_260,28.452293,77.098564,7,707.801
shp_715_260,28.44989,77.099388,8,987.21
shp_715_260,28.449121,77.099663,9,1076.958
shp_715_260,28.446394,77.10051,10,1391.568
shp_715_260,28.446394,77.10051,11,1391.568
shp_715_260,28.445139,77.100891,12,1536.225
shp_715_260,28.443489,77.101425,13,1727.127
shp_715_260,28.441452,77.102203,14,1966.364
shp_715_260,28.441236,77.102257,15,1991.02
shp_715_260,28.439903,77.10276,16,2147.368
shp_715_260,28.439478,77.102913,17,2196.926
shp_715_260,28.438591,77.103249,18,2301.038
shp_715_260,28.437654,77.103592,19,2410.557
shp_715_260,28.437384,77.103676,20,2441.773
shp_715_260,28.437384,77.103676,21,2441.773
shp_715_260,28.435555,77.104218,22,2652.157
shp_715_260,28.434999,77.104385,23,2716.072
shp_715_260,28.434999,77.104385,24,2716.072
shp_715_260,28.433905,77.104729,25,2842.448
shp_715_260,28.43327,77.104935,26,2916.15
shp_715_260,28.43327,77.104935,27,2916.15
shp_715_260,28.432638,77.105141,28,2989.397
shp_715_260,28.432093,77.10527,29,3051.38
shp_715_260,28.431944,77.105316,30,3068.455
shp_715_260,28.431818,77.10537,31,3083.6
shp_715_260,28.431818,77.10537,32,3083.6
shp_715_260,28.431557,77.105522,33,3115.864
shp_715_260,28.431517,77.105568,34,3122.333
shp_715_260,28.431448,77.105621,35,3131.967
shp_715_260,28.431349,77.105659,36,3143.315
shp_715_260,28.431267,77.105659,37,3152.535
shp_715_260,28.431185,77.105644,38,3161.756
shp_715_260,28.43111,77.105606,39,3170.973
shp_715_260,28.431025,77.105522,40,3183.519
shp_715_260,28.430967,77.105415,41,3196.051
shp_715_260,28.430445,77.105377,42,3254.269
shp_715_260,28.429571,77.105339,43,3351.542
shp_715_260,28.428188,77.105331,44,3505.455
shp_715_260,28.42754,77.105316,45,3577.697
shp_715_260,28.425022,77.105286,46,3857.971
shp_715_260,28.424482,77.105232,47,3918.408
shp_715_260,28.423727,77.105217,48,4002.444
shp_715_260,28.423306,77.10524,49,4049.328
shp_715_261,28.458389,77.09655,1,0.0
shp_715_261,28.458612,77.096481,2,25.852
shp_715_261,28.461164,77.095741,3,318.94
shp_715_261,28.461838,77.095543,4,396.374
shp_715_261,28.462217,77.095436,5,439.761
shp_715_261,28.462725,77.095291,6,498.175
shp_715_261,28.463524,77.0951,7,589.026
shp_715_261,28.464359,77.094948,8,683.303
shp_715_261,28.464996,77.094826,9,755.186
shp_715_261,28.464996,77.094826,10,755.186
shp_715_261,28.466887,77.094452,11,968.678
shp_715_261,28.469671,77.093956,12,1282.507
shp_715_261,28.470032,77.093903,13,1323.014
shp_715_261,28.470619,77.093849,14,1388.584
shp_715_261,28.471426,77.093842,15,1478.321
shp_715_261,28.471426,77.093842,16,1478.321
shp_715_261,28.47224,77.093834,17,1568.939
shp_715_261,28.472416,77.093811,18,1588.603
shp_715_261,28.474403,77.093803,19,1809.952
shp_715_261,28.475857,77.093765,20,1971.716
shp_715_261,28.47633,77.093773,21,2024.472
shp_715_261,28.477804,77.093765,22,2188.602
shp_715_261,28.478537,77.09375,23,2270.0
shp_715_261,28.479017,77.093803,24,2323.875
shp_715_261,28.479399,77.093887,25,2367.16
shp_715_261,28.48102,77.094353,26,2553.1
shp_715_262,28.667833,77.250435,1,0.0
shp_715_262,28.667824,77.250557,2,11.824
shp_715_262,28.667797,77.250702,3,26.531
shp_715_262,28.667702,77.250931,4,51.43
shp_715_262,28.667658,77.250999,5,59.834
shp_715_262,28.667604,77.251053,6,67.516
shp_715_262,28.667528,77.251106,7,77.59
shp_715_262,28.667446,77.251152,8,87.612
shp_715_262,28.667284,77.251183,9,105.966
shp_715_262,28.667221,77.251175,10,113.007
shp_715_262,28.667168,77.25116,11,119.031
shp_715_262,28.666836,77.250999,12,159.116
shp_715_262,28.666779,77.251137,13,173.663
shp_715_262,28.666723,77.251312,14,191.776
shp_715_262,28.666687,77.251396,15,201.068
shp_715_262,28.666521,77.251953,16,258.389
shp_715_262,28.666437,77.252281,17,292.313
shp_715_262,28.666449,77.252319,18,295.804
shp_715_262,28.666449,77.25235,19,299.285
shp_715_262,28.666441,77.252388,20,302.772
shp_715_262,28.666496,77.252556,21,320.262
shp_715_262,28.666485,77.252693,22,333.822
shp_715_262,28.666582,77.252747,23,345.829
shp_715_262,28.666674,77.252869,24,361.469
shp_715_262,28.666693,77.253227,25,396.905
shp_715_262,28.66667,77.253288,26,403.456
shp_715_262,28.666374,77.253685,27,454.134
shp_715_262,28.665829,77.253975,28,521.139
shp_715_262,28.665115,77.254372,29,609.696
shp_715_262,28.664818,77.254608,30,649.963
shp_715_262,28.664707,77.254715,31,665.935
shp_715_262,28.664488,77.255341,32,731.922
shp_715_262,28.664345,77.255791,33,778.53
shp_715_262,28.664217,77.256065,34,808.767
shp_715_262,28.664143,77.256157,35,821.185
shp_715_262,28.664143,77.256157,36,821.185
shp_715_262,28.664089,77.256226,37,830.111
shp_715_262,28.663671,77.256554,38,886.495
shp_715_262,28.66193,77.259102,39,1202.117
shp_715_262,28.661715,77.259323,40,1234.227
shp_715_262,28.661253,77.259697,41,1297.432
shp_715_262,28.660313,77.260406,42,1422.757
shp_715_262,28.660313,77.260406,43,1422.757
shp_715_262,28.658983,77.261398,44,1599.714
shp_715_263,28.667833,77.250435,1,0.0
shp_715_263,28.667824,77.250557,2,11.824
shp_715_263,28.667797,77.250702,3,26.531
shp_715_263,28.667702,77.250931,4,51.43
shp_715_263,28.667658,77.250999,5,59.834
shp_715_263,28.667604,77.251053,6,67.516
shp_715_263,28.667528,77.251106,7,77.59
shp_715_263,28.667446,77.251152,8,87.612
shp_715_263,28.667284,77.251183,9,105.966
shp_715_263,28.667221,77.251175,10,113.007
shp_715_263,28.667168,77.25116,11,119.031
shp_715_263,28.666836,77.250999,12,159.116
shp_715_263,28.666779,77.251137,13,173.663
shp_715_263,28.666723,77.251312,14,191.776
shp_715_263,28.666687,77.251396,15,201.068
shp_715_263,28.666521,77.251953,16,258.389
shp_715_263,28.666437,77.252281,17,292.313
shp_715_263,28.666449,77.252319,18,295.804
shp_715_263,28.666449,77.25235,19,299.285
shp_715_263,28.666441,77.252388,20,302.772
shp_715_263,28.666496,77.252556,21,320.262
shp_715_263,28.666485,77.252693,22,333.822
shp_715_263,28.666582,77.252747,23,345.829
shp_715_263,28.666769,77.252991,24,377.675
shp_715_263,28.666973,77.253624,25,443.289
shp_715_263,28.667164,77.254326,26,514.834
shp_715_263,28.667204,77.254555,27,538.05
shp_715_263,28.667467,77.255608,28,644.563
shp_715_263,28.667503,77.255699,29,654.296
shp_715_263,28.667709,77.255684,30,677.257
shp_715_263,28.668137,77.255577,31,725.981
shp_715_263,28.66843,77.255516,32,759.176
shp_715_263,28.668879,77.255447,33,809.61
shp_715_263,28.669828,77.255478,34,915.298
shp_715_263,28.671162,77.255547,35,1063.825
shp_715_263,28.671572,77.255608,36,1109.989
shp_715_263,28.672127,77.25576,37,1173.329
shp_715_263,28.672506,77.255821,38,1216.116
shp_715_263,28.672506,77.255821,39,1216.116
shp_715_263,28.672813,77.255867,40,1250.619
shp_715_263,28.672791,77.256035,41,1266.636
shp_715_263,28.672766,77.256142,42,1277.716
shp_715_264,28.675049,77.128265,1,0.0
shp_715_264,28.67494,77.129204,2,91.92
shp_715_264,28.671438,77.128685,3,485.087
shp_715_264,28.670673,77.128578,4,570.836
shp_715_264,28.668608,77.12825,5,802.92
shp_715_264,28.668608,77.12825,6,802.92
shp_715_264,28.665981,77.127853,7,1097.824
shp_715_264,28.666014,77.127602,8,1122.498
shp_715_264,28.666014,77.127602,9,1122.498
shp_715_264,28.666309,77.124916,10,1386.968
shp_715_264,28.666309,77.124916,11,1386.968
shp_715_264,28.666412,77.123947,12,1481.989
shp_715_264,28.666594,77.122421,13,1632.72
shp_715_264,28.666594,77.122421,14,1632.72
shp_715_264,28.666708,77.121445,15,1728.542
shp_715_264,28.666794,77.120804,16,1792.073
shp_715_264,28.666956,77.119354,17,1935.037
shp_715_264,28.666998,77.117157,18,2149.902
shp_715_264,28.667252,77.115395,19,2323.719
shp_715_264,28.667433,77.114037,20,2458.063
shp_715_264,28.667433,77.114037,21,2458.063
shp_715_264,28.667677,77.112198,22,2639.813
shp_715_264,28.668106,77.112289,23,2688.29
shp_715_264,28.668106,77.112289,24,2688.29
shp_715_264,28.668354,77.112343,25,2716.583
shp_715_264,28.668825,77.112434,26,2769.619
shp_715_264,28.6696,77.112556,27,2856.739
shp_715_264,28.67037,77.112694,28,2943.469
shp_715_264,28.670965,77.112778,29,3010.204
shp_715_264,28.670925,77.112663,30,3021.933
shp_715_264,28.671001,77.111969,31,3090.022
shp_715_264,28.670967,77.111595,32,3127.292
shp_715_264,28.67086,77.111176,33,3170.037
shp_715_264,28.67086,77.111176,34,3170.037
shp_715_264,28.670155,77.108368,35,3455.289
shp_715_264,28.668598,77.102371,36,4065.534
shp_715_265,28.721434,77.289513,1,0.0
shp_715_265,28.719732,77.289619,2,189.693
shp_715_265,28.718178,77.289703,3,362.836
shp_715_265,28.718178,77.289703,4,362.836
shp_715_265,28.716959,77.289764,5,498.664
shp_715_265,28.714094,77.289963,6,818.229
shp_715_265,28.71324,77.290108,7,914.299
shp_715_265,28.712893,77.290176,8,953.596
shp_715_265,28.712893,77.290176,9,953.596
shp_715_265,28.71258,77.290253,10,989.187
shp_715_265,28.712193,77.290382,11,1034.236
shp_715_265,28.711607,77.290619,12,1103.368
shp_715_265,28.710924,77.290932,13,1185.135
shp_715_265,28.710712,77.291039,14,1210.976
shp_715_265,28.71034,77.291183,15,1254.796
shp_715_265,28.710224,77.291245,16,1269.077
shp_715_265,28.709801,77.291351,17,1317.152
shp_715_265,28.709429,77.291389,18,1358.704
shp_715_265,28.707525,77.291458,19,1570.754
shp_715_265,28.706284,77.291481,20,1709.126
shp_715_265,28.706192,77.291504,21,1719.31
shp_715_265,28.706089,77.291504,22,1730.743
shp_715_265,28.706089,77.291504,23,1730.743
shp_715_265,28.704166,77.291565,24,1944.873
shp_715_265,28.704166,77.291565,25,1944.873
shp_715_265,28.703136,77.291595,26,2059.636
shp_715_265,28.703136,77.291595,27,2059.636
shp_715_265,28.701405,77.291649,28,2252.516
shp_715_266,28.721428,77.289429,1,0.0
shp_715_266,28.725269,77.289192,2,428.24
shp_715_266,28.725269,77.289192,3,428.24
shp_715_266,28.727491,77.289047,4,675.982
shp_715_266,28.727491,77.289047,5,675.982
shp_715_266,28.733227,77.288666,6,1315.467
shp_715_266,28.733227,77.288666,7,1315.467
shp_715_266,28.734589,77.288567,8,1467.443
shp_715_266,28.735186,77.288544,9,1533.814
shp_715_266,28.735186,77.288544,10,1533.814
shp_715_266,28.735931,77.288513,11,1616.967
shp_715_266,28.73752,77.288406,12,1794.185
shp_715_266,28.740948,77.288208,13,2176.288
shp_715_266,28.740948,77.288208,14,2176.288
shp_715_266,28.741615,77.288116,15,2250.995
shp_715_266,28.743584,77.287788,16,2472.436
shp_715_266,28.746895,77.287148,17,2846.404
shp_715_267,28.670156,77.181679,1,0.0
shp_715_267,28.670109,77.182182,2,49.357
shp_715_267,28.67008,77.182571,3,87.13
shp_715_267,28.670033,77.183548,4,182.819
shp_715_267,28.66964,77.183327,5,231.674
shp_715_267,28.668667,77.182869,6,348.801
shp_715_267,28.667009,77.182022,7,551.032
shp_715_267,28.665503,77.181381,8,730.007
shp_715_267,28.664276,77.180817,9,877.326
shp_715_267,28.664124,77.180756,10,895.338
shp_715_267,28.663889,77.180763,11,921.538
shp_715_267,28.663826,77.180794,12,928.856
shp_715_267,28.663734,77.180847,13,940.343
shp_715_267,28.663628,77.180931,14,955.026
shp_715_267,28.663446,77.181114,15,981.648
shp_715_267,28.663374,77.18129,16,1000.815
shp_715_267,28.663311,77.181381,17,1012.208
shp_715_267,28.663311,77.181381,18,1012.208
shp_715_267,28.663082,77.181709,19,1053.369
shp_715_267,28.662676,77.182175,20,1117.232
shp_715_267,28.662207,77.182648,21,1187.186
shp_715_267,28.662054,77.182884,22,1215.606
shp_715_267,28.661856,77.183311,23,1262.624
shp_715_267,28.661806,77.183441,24,1277.082
shp_715_267,28.661806,77.183441,25,1277.082
shp_715_267,28.661629,77.183914,26,1327.215
shp_715_267,28.659605,77.189957,27,1958.511
shp_715_267,28.659605,77.189957,28,1958.511
shp_715_267,28.65951,77.190231,29,1987.718
shp_715_267,28.657768,77.189018,30,2215.021
shp_715_267,28.655798,77.187592,31,2474.844
shp_715_267,28.655798,77.187592,32,2474.844
shp_715_267,28.655748,77.187561,33,2480.954
shp_715_267,28.655695,77.187553,34,2487.05
shp_715_267,28.653719,77.191162,35,2903.065
shp_715_267,28.652771,77.192917,36,3104.09
shp_715_267,28.652771,77.192917,37,3104.09
shp_715_267,28.652338,77.193703,38,3194.856
shp_715_268,28.669996,77.181664,1,0.0
shp_715_268,28.670019,77.181396,2,26.666
shp_715_268,28.670208,77.180252,3,140.373
shp_715_268,28.670443,77.179115,4,254.407
shp_715_268,28.670736,77.17775,5,391.852
shp_715_268,28.670736,77.17775,6,391.852
shp_715_268,28.670967,77.176575,7,509.266
shp_715_268,28.670967,77.176575,8,509.266
shp_715_268,28.671381,77.174431,9,723.413
shp_715_268,28.671453,77.173973,10,768.888
shp_715_268,28.671453,77.173973,11,768.888
shp_715_268,28.671515,77.17363,12,803.073
shp_715_268,28.671597,77.17334,13,833.12
shp_715_268,28.672047,77.172287,14,947.569
shp_715_268,28.672125,77.172119,15,966.13
shp_715_268,28.672365,77.171486,16,1033.198
shp_715_268,28.672464,77.171082,17,1074.572
shp_715_268,28.672518,77.170464,18,1135.006
shp_715_268,28.672506,77.170029,19,1177.765
shp_715_268,28.672445,77.169731,20,1207.317
shp_715_268,28.672422,77.169579,21,1222.743
shp_715_268,28.672672,77.169456,22,1252.856
shp_715_268,28.672997,77.169258,23,1293.955
shp_715_268,28.672997,77.169258,24,1293.955
shp_715_268,28.673277,77.169144,25,1327.073
shp_715_268,28.674261,77.168724,26,1444.015
shp_715_268,28.674589,77.168594,27,1482.752
shp_715_268,28.676048,77.167793,28,1663.037
shp_715_268,28.676102,77.16777,29,1669.184
shp_715_268,28.676497,77.167542,30,1718.885
shp_715_268,28.676497,77.167542,31,1718.885
shp_715_268,28.677116,77.167175,32,1796.507
shp_715_268,28.678343,77.166588,33,1944.577
shp_715_268,28.678343,77.166588,34,1944.577
shp_715_268,28.681114,77.16526,35,2279.005
shp_715_268,28.681465,77.165085,36,2321.729
shp_715_268,28.681925,77.164833,37,2378.586
shp_715_268,28.68259,77.164536,38,2458.223
shp_715_269,28.670156,77.181679,1,0.0
shp_715_269,28.670109,77.182182,2,49.357
shp_715_269,28.67008,77.182571,3,87.13
shp_715_269,28.67004,77.183403,4,168.605
shp_715_269,28.670135,77.183449,5,179.997
shp_715_269,28.670794,77.1838,6,261.081
shp_715_269,28.670961,77.183922,7,282.98
shp_715_269,28.671051,77.183998,8,295.685
shp_715_269,28.671322,77.18428,9,336.476
shp_715_269,28.671448,77.184433,10,356.722
shp_715_269,28.671947,77.185051,11,439.052
shp_715_269,28.672859,77.186226,12,592.152
shp_715_269,28.672859,77.186226,13,592.152
shp_715_269,28.673426,77.186951,14,687.232
shp_715_269,28.673603,77.187218,15,719.825
shp_715_269,28.673603,77.187218,16,719.825
shp_715_269,28.673676,77.187325,17,733.163
shp_715_269,28.673695,77.18737,18,737.883
shp_715_269,28.673773,77.187477,19,751.588
shp_715_269,28.673906,77.18763,20,772.227
shp_715_269,28.674057,77.187744,21,792.711
shp_715_269,28.675163,77.188393,22,931.204
shp_715_269,28.675985,77.188919,23,1036.032
shp_715_269,28.67614,77.188995,24,1054.789
shp_715_269,28.676292,77.189049,25,1072.555
shp_715_269,28.676441,77.189056,26,1089.234
shp_715_269,28.676531,77.189041,27,1099.434
shp_715_269,28.676531,77.189041,28,1099.434
shp_715_269,28.676691,77.189003,29,1117.487
shp_715_269,28.677036,77.188812,30,1160.305
shp_715_269,28.677473,77.188507,31,1217.435
shp_715_269,28.677692,77.188316,32,1247.741
shp_715_269,28.678442,77.187561,33,1359.472
shp_715_269,28.679058,77.186745,34,1464.645
shp_715_269,28.679897,77.185738,35,1600.119
shp_715_269,28.680128,77.185493,36,1635.455
shp_715_269,28.680304,77.185349,37,1659.092
shp_715_269,28.68104,77.185051,38,1746.251
shp_715_269,28.681221,77.184944,39,1768.758
shp_715_269,28.681221,77.184944,40,1768.758
shp_715_269,28.681301,77.184898,41,1778.754
shp_715_269,28.682425,77.183922,42,1936.323
shp_715_269,28.682425,77.183922,43,1936.323
shp_715_269,28.684072,77.182487,44,2167.129
shp_715_269,28.684681,77.181923,45,2254.514
shp_715_269,28.684801,77.181694,46,2280.18
shp_715_269,28.684917,77.181389,47,2313.107
shp_715_269,28.684917,77.181389,48,2313.107
shp_715_269,28.685379,77.180153,49,2443.75
shp_715_269,28.685562,77.179787,50,2485.164
shp_715_269,28.686409,77.178413,51,2648.947
shp_715_269,28.686613,77.178062,52,2689.929
shp_715_269,28.686754,77.17778,53,2721.923
shp_715_269,28.687061,77.176941,54,2810.751
shp_715_269,28.687767,77.17514,55,3003.465
shp_715_269,28.687826,77.175011,56,3017.395
shp_715_269,28.687826,77.175011,57,3017.395
shp_715_269,28.688103,77.1744,58,3084.48
shp_715_269,28.689709,77.175545,59,3295.227
shp_715_269,28.689709,77.175545,60,3295.227
shp_715_269,28.690964,77.176445,61,3460.319
shp_715_269,28.691093,77.176193,62,3488.554
shp_715_269,28.691093,77.176193,63,3488.554
shp_715_269,28.691236,77.175919,64,3520.076
shp_715_269,28.691729,77.175041,65,3621.946
shp_715_269,28.691797,77.174934,66,3634.613
shp_715_269,28.691881,77.174835,67,3648.134
shp_715_269,28.691881,77.174835,68,3648.134
shp_715_269,28.692266,77.174423,69,3706.947
shp_715_269,28.692598,77.174088,70,3756.48
shp_715_269,28.692598,77.174088,71,3756.48
shp_715_269,28.693691,77.172966,72,3919.981
shp_715_270,28.678326,77.370583,1,0.0
shp_715_270,28.678391,77.371948,2,133.661
shp_715_270,28.678415,77.372711,3,208.225
shp_715_270,28.678585,77.376595,4,588.597
shp_715_270,28.678646,77.377846,5,710.453
shp_715_270,28.678646,77.377846,6,710.453
shp_715_270,28.678751,77.379936,7,915.407
shp_715_270,28.678757,77.381287,8,1047.035
shp_715_270,28.678757,77.381287,9,1047.035
shp_715_270,28.678759,77.381493,10,1067.392
shp_715_270,28.678743,77.381638,11,1081.352
shp_715_271,28.678123,77.370491,1,0.0
shp_715_271,28.677971,77.367424,2,299.947
shp_715_271,28.677971,77.367424,3,299.947
shp_715_271,28.677742,77.362831,4,749.627
shp_715_271,28.677742,77.362831,5,749.627
shp_715_271,28.677635,77.360672,6,960.655
shp_715_271,28.677614,77.359871,7,1038.685
shp_715_271,28.67758,77.359795,8,1047.251
shp_715_271,28.677574,77.359749,9,1051.553
shp_715_271,28.677584,77.359665,10,1060.125
shp_715_271,28.677599,77.359627,11,1064.432
shp_715_271,28.677505,77.358147,12,1208.789
shp_715_271,28.677357,77.355301,13,1487.323
shp_715_271,28.677338,77.354607,14,1555.546
shp_715_271,28.677326,77.354469,15,1568.864
shp_715_271,28.677326,77.354469,16,1568.864
shp_715_271,28.677288,77.354027,17,1612.319
shp_715_271,28.677244,77.352753,18,1736.593
shp_715_271,28.67704,77.348412,19,2161.547
shp_715_271,28.67704,77.348412,20,2161.547
shp_715_271,28.677015,77.347855,21,2215.91
shp_715_271,28.676956,77.345673,22,2428.854
shp_715_271,28.676956,77.345673,23,2428.854
shp_715_271,28.676819,77.342644,24,2725.394
shp_715_271,28.676731,77.340126,25,2971.146
shp_715_271,28.676731,77.340126,26,2971.146
shp_715_271,28.67668,77.338371,27,3142.768
shp_715_271,28.676617,77.335579,28,3415.49
shp_715_271,28.67658,77.334534,29,3517.353
shp_715_271,28.676575,77.333916,30,3577.805
shp_715_271,28.676575,77.333916,31,3577.805
shp_715_271,28.676538,77.33239,32,3727.165
shp_715_271,28.676455,77.330627,33,3899.686
shp_715_271,28.676414,77.329491,34,4010.944
shp_715_271,28.67639,77.328239,35,4133.068
shp_715_271,28.676397,77.328033,36,4153.144
shp_715_271,28.676348,77.327026,37,4251.679
shp_715_271,28.676348,77.325874,38,4364.258
shp_715_271,28.676327,77.325203,39,4429.372
shp_715_271,28.676327,77.32486,40,4463.186
shp_715_272,28.674511,77.287018,1,0.0
shp_715_272,28.674643,77.287544,2,52.856
shp_715_272,28.674948,77.288666,3,167.993
shp_715_272,28.674948,77.288666,4,167.993
shp_715_272,28.675009,77.288887,5,190.573
shp_715_272,28.675047,77.288849,6,196.246
shp_715_272,28.675154,77.288704,7,214.715
shp_715_272,28.675285,77.288498,8,239.518
shp_715_272,28.675423,77.288246,9,268.692
shp_715_272,28.675423,77.288246,10,268.692
shp_715_272,28.67585,77.288559,11,325.355
shp_715_272,28.675421,77.28933,12,414.438
shp_715_272,28.675377,77.289223,13,425.656
shp_715_272,28.675358,77.2892,14,429.258
shp_715_272,28.675333,77.289185,15,432.169
shp_715_272,28.675295,77.289185,16,436.513
shp_715_272,28.675093,77.28923,17,459.395
shp_715_272,28.675571,77.2911,18,649.481
shp_715_272,28.675655,77.291527,19,692.146
shp_715_272,28.675871,77.292313,20,773.067
shp_715_272,28.675909,77.292519,21,793.428
shp_715_272,28.676014,77.292992,22,841.058
shp_715_272,28.676043,77.293327,23,874.298
shp_715_272,28.676369,77.293304,24,910.791
shp_715_272,28.676369,77.293304,25,910.791
shp_715_272,28.676725,77.293289,26,950.641
shp_715_272,28.676809,77.293289,27,959.896
shp_715_272,28.677528,77.293343,28,1040.125
shp_715_272,28.677771,77.293373,29,1067.119
shp_715_272,28.678259,77.29348,30,1122.688
shp_715_272,28.678461,77.293541,31,1145.915
shp_715_272,28.678602,77.293594,32,1162.324
shp_715_272,28.678602,77.293594,33,1162.324
shp_715_272,28.678705,77.293633,34,1174.399
shp_715_272,28.678883,77.293716,35,1195.819
shp_715_272,28.679094,77.2938,36,1220.73
shp_715_272,28.679251,77.293861,37,1239.339
shp_715_272,28.679396,77.293953,38,1257.798
shp_715_272,28.679396,77.293953,39,1257.798
shp_715_272,28.679974,77.294281,40,1329.32
shp_715_272,28.680191,77.294388,41,1355.829
shp_715_272,28.680466,77.294594,42,1392.35
shp_715_272,28.680466,77.294594,43,1392.35
shp_715_272,28.680786,77.29483,44,1434.787
shp_715_272,28.681036,77.294998,45,1467.149
shp_715_272,28.68117,77.29512,46,1486.203
shp_715_272,28.681265,77.295189,47,1499.048
shp_715_272,28.681265,77.295189,48,1499.048
shp_715_272,28.681787,77.295593,49,1569.045
shp_715_272,28.682644,77.296173,50,1679.941
shp_715_272,28.682762,77.29628,51,1696.716
shp_715_272,28.682926,77.296402,52,1718.688
shp_715_272,28.682926,77.296402,53,1718.688
shp_715_272,28.683651,77.296913,54,1813.587
shp_715_272,28.683828,77.29705,55,1837.307
shp_715_272,28.684109,77.297241,56,1873.493
shp_715_272,28.68429,77.297348,57,1896.342
shp_715_272,28.684652,77.297539,58,1940.899
shp_715_272,28.684652,77.297539,59,1940.899
shp_715_272,28.685246,77.297821,60,2012.456
shp_715_272,28.685968,77.298111,61,2097.827
shp_715_272,28.686155,77.298172,62,2119.52
shp_715_272,28.686319,77.298248,63,2139.073
shp_715_272,28.686632,77.298325,64,2174.717
shp_715_272,28.68692,77.298416,65,2207.961
shp_715_272,28.68692,77.298416,66,2207.961
shp_715_272,28.687197,77.298485,67,2239.417
shp_715_272,28.687399,77.298561,68,2263.137
shp_715_272,28.687551,77.29863,69,2281.562
shp_715_272,28.687765,77.298706,70,2306.508
shp_715_272,28.688988,77.29911,71,2448.066
shp_715_272,28.689383,77.299309,72,2496.223
shp_715_272,28.689383,77.299278,73,2499.381
shp_715_272,28.689383,77.299278,74,2499.381
shp_715_272,28.689358,77.298218,75,2603.25
shp_715_272,28.689358,77.297882,76,2635.73
shp_715_272,28.689318,77.296532,77,2767.813
shp_715_272,28.689299,77.296303,78,2790.319
shp_715_272,28.689302,77.295982,79,2821.083
shp_715_272,28.689384,77.295906,80,2833.193
shp_715_272,28.689369,77.295624,81,2860.791
shp_715_272,28.689333,77.293968,82,3022.291
shp_715_272,28.689425,77.293968,83,3032.5
shp_715_272,28.689438,77.294159,84,3050.85
shp_715_272,28.689442,77.294861,85,3119.288
shp_715_272,28.689468,77.295692,86,3200.83
shp_715_272,28.689499,77.29628,87,3258.511
shp_715_272,28.689497,77.296829,88,3312.289
shp_715_272,28.689569,77.301208,89,3739.332
shp_715_272,28.6896,77.301758,90,3793.365
shp_715_272,28.689772,77.30381,91,3994.988
shp_715_272,28.689772,77.30381,92,3994.988
shp_715_272,28.689892,77.30526,93,4136.801
shp_715_272,28.689945,77.306129,94,4222.216
shp_715_272,28.689966,77.306755,95,4282.889
shp_715_272,28.690426,77.306725,96,4334.132
shp_715_272,28.690374,77.306114,97,4393.594
shp_715_272,28.690552,77.306099,98,4413.574
shp_715_272,28.690479,77.305168,99,4504.541
shp_715_272,28.690851,77.30513,100,4545.924
shp_715_272,28.690851,77.30513,101,4545.924
shp_715_272,28.690998,77.305115,102,4562.461
shp_715_272,28.691761,77.305077,103,4647.34
shp_715_272,28.692102,77.305046,104,4685.643
shp_715_272,28.692251,77.305031,105,4702.296
shp_715_272,28.692251,77.305031,106,4702.296
shp_715_272,28.692404,77.305008,107,4719.299
shp_715_272,28.693014,77.304962,108,4787.445
shp_715_272,28.693213,77.304955,109,4809.561
shp_715_272,28.693781,77.304863,110,4873.488
shp_715_272,28.693781,77.304863,111,4873.488
shp_715_272,28.694096,77.304832,112,4908.532
shp_715_272,28.694052,77.3041,113,4980.842
shp_715_272,28.695496,77.30397,114,5142.014
shp_715_272,28.696081,77.30394,115,5207.37
shp_715_272,28.696476,77.303894,116,5251.63
shp_715_272,28.696476,77.303894,117,5251.63
shp_715_272,28.696594,77.303879,118,5264.685
shp_715_272,28.696621,77.303886,119,5267.829
shp_715_272,28.696657,77.303894,120,5272.007
shp_715_272,28.697176,77.303818,121,5330.095
shp_715_272,28.697336,77.30381,122,5347.973
shp_715_272,28.697548,77.30378,123,5371.733
shp_715_272,28.697718,77.30378,124,5390.598
shp_715_272,28.69809,77.303787,125,5431.978
shp_715_272,28.698408,77.303871,126,5468.452
shp_715_272,28.699043,77.304008,127,5540.369
shp_715_272,28.699154,77.303062,128,5633.686
shp_715_272,28.699154,77.303062,129,5633.686
shp_715_272,28.699257,77.302185,130,5720.171
shp_715_272,28.699276,77.302071,131,5731.632
shp_715_272,28.699293,77.30204,132,5734.869
shp_715_272,28.699316,77.302032,133,5737.544
shp_715_272,28.699677,77.302048,134,5777.794
shp_715_272,28.699381,77.304657,135,6034.734
shp_715_272,28.699381,77.304657,136,6034.734
shp_715_272,28.69976,77.305,137,6088.439
shp_715_272,28.699879,77.305153,138,6108.465
shp_715_272,28.700041,77.305275,139,6129.994
shp_715_272,28.700369,77.305534,140,6174.452
shp_715_272,28.700556,77.305672,141,6199.055
shp_715_272,28.700695,77.305779,142,6218.095
shp_715_272,28.701183,77.306145,143,6283.016
shp_715_272,28.701311,77.306236,144,6299.95
shp_715_272,28.702055,77.30674,145,6395.99
shp_715_272,28.702055,77.30674,146,6395.99
shp_715_272,28.702156,77.306808,147,6409.192
shp_715_272,28.702551,77.30703,148,6458.213
shp_715_272,28.702715,77.307114,149,6478.035
shp_715_272,28.703241,77.307312,150,6540.041
shp_715_272,28.704414,77.307838,151,6680.047
shp_715_272,28.704832,77.308029,152,6730.267
shp_715_272,28.704969,77.308128,153,6748.583
shp_715_272,28.705231,77.308342,154,6784.315
shp_715_272,28.705231,77.308342,155,6784.315
shp_715_272,28.705496,77.308556,156,6820.408
shp_715_272,28.706291,77.309128,157,6924.939
shp_715_272,28.706646,77.309364,158,6970.784
shp_715_272,28.706871,77.30954,159,7001.137
shp_715_272,28.707687,77.310104,160,7107.334
shp_715_272,28.707769,77.310188,161,7119.549
shp_715_272,28.707962,77.310463,162,7154.07
shp_715_272,28.708422,77.311325,163,7252.562
shp_715_272,28.70849,77.311432,164,7265.458
shp_715_272,28.709023,77.312103,165,7353.988
shp_715_272,28.709023,77.312103,166,7353.988
shp_715_272,28.710102,77.313354,167,7525.253
shp_715_272,28.710495,77.313789,168,7586.263
shp_715_272,28.710623,77.31395,169,7607.311
shp_715_272,28.710869,77.314194,170,7643.512
shp_715_272,28.710869,77.314194,171,7643.512
shp_715_272,28.711111,77.31443,172,7679.248
shp_715_272,28.712139,77.315407,173,7828.198
shp_715_272,28.712261,77.315536,174,7846.807
shp_715_272,28.712524,77.315781,175,7884.668
shp_715_272,28.714136,77.317398,176,8123.689
shp_715_272,28.715126,77.318344,177,8267.039
shp_715_272,28.715925,77.319008,178,8377.271
shp_715_272,28.716045,77.319092,179,8392.826
shp_715_272,28.716045,77.319092,180,8392.826
shp_715_272,28.716301,77.319267,181,8426.067
shp_715_272,28.716396,77.319313,182,8437.646
shp_715_272,28.716547,77.319359,183,8454.968
shp_715_272,28.717518,77.319733,184,8568.992
shp_715_272,28.718431,77.320122,185,8677.688
shp_715_272,28.718624,77.320221,186,8700.938
shp_715_272,28.719288,77.320518,187,8780.381
shp_715_272,28.719662,77.320717,188,8826.5
shp_715_272,28.719948,77.3209,189,8862.829
shp_715_273,28.498882,77.16095,1,0.0
shp_715_273,28.498287,77.159492,2,156.658
shp_715_273,28.498259,77.159447,3,162.586
shp_715_273,28.498188,77.159546,4,175.306
shp_715_273,28.497772,77.16008,5,245.316
shp_715_273,28.497524,77.160431,6,289.291
shp_715_273,28.49687,77.160103,7,368.823
shp_715_273,28.49682,77.160088,8,374.673
shp_715_273,28.496786,77.160088,9,378.395
shp_715_273,28.496758,77.16011,10,382.334
shp_715_273,28.496731,77.160141,11,386.751
shp_715_273,28.496544,77.160477,12,425.086
shp_715_273,28.496162,77.160149,13,478.006
shp_715_273,28.496162,77.160149,14,478.006
shp_715_273,28.496117,77.16011,15,484.408
shp_715_273,28.496059,77.160088,16,491.184
shp_715_273,28.495995,77.160088,17,498.442
shp_715_273,28.495977,77.16011,18,501.173
shp_715_273,28.495884,77.160309,19,523.01
shp_715_273,28.4956,77.16098,20,596.409
shp_715_274,28.559696,77.275024,1,0.0
shp_715_274,28.559551,77.27475,2,30.872
shp_715_274,28.558901,77.273438,3,178.163
shp_715_274,28.558996,77.273369,4,190.977
shp_715_274,28.559227,77.273224,5,220.204
shp_715_274,28.559872,77.272957,6,296.58
shp_715_274,28.560272,77.272842,7,342.631
shp_715_274,28.560957,77.272697,8,420.246
shp_715_274,28.561523,77.272522,9,485.414
shp_715_274,28.562126,77.272217,10,558.77
shp_715_274,28.564989,77.270515,11,918.471
shp_715_274,28.565321,77.270302,12,960.979
shp_715_274,28.566643,77.269569,13,1124.536
shp_715_274,28.567362,77.269127,14,1215.705
shp_715_274,28.567421,77.269073,15,1223.97
shp_715_274,28.567856,77.268852,16,1276.888
shp_715_274,28.568882,77.268158,17,1409.724
shp_715_274,28.569633,77.267586,18,1510.38
shp_715_274,28.569704,77.267525,19,1520.157
shp_715_274,28.570332,77.267059,20,1603.624
shp_715_274,28.570889,77.266632,21,1678.5
shp_715_274,28.571209,77.266449,22,1718.184
shp_715_274,28.571587,77.266296,23,1762.77
shp_715_274,28.572971,77.265556,24,1933.101
shp_715_274,28.573166,77.265419,25,1958.755
shp_715_274,28.57489,77.263916,26,2200.7
shp_715_274,28.575186,77.263664,27,2241.699
shp_715_274,28.575415,77.263458,28,2274.19
shp_715_274,28.575455,77.263397,29,2281.652
shp_715_274,28.575533,77.263245,30,2298.44
shp_715_275,28.64039,77.102753,1,0.0
shp_715_275,28.640497,77.102699,2,12.978
shp_715_275,28.640923,77.103821,3,132.119
shp_715_275,28.641153,77.103699,4,160.532
shp_715_275,28.641253,77.103912,5,184.056
shp_715_275,28.642061,77.103516,6,282.23
shp_715_275,28.642151,77.103737,7,306.489
shp_715_275,28.64241,77.103615,8,337.545
shp_715_275,28.642584,77.10405,9,384.054
shp_715_275,28.643635,77.103531,10,511.451
shp_715_275,28.643717,77.10376,11,535.267
shp_715_275,28.643854,77.103294,12,583.422
shp_715_275,28.64427,77.102028,13,715.25
shp_715_275,28.64465,77.100914,14,831.998
shp_715_275,28.64465,77.100914,15,831.998
shp_715_275,28.644682,77.100822,16,841.652
shp_715_275,28.644958,77.0998,17,946.172
shp_715_275,28.645018,77.099533,18,973.166
shp_715_275,28.645071,77.099396,19,988.16
shp_715_275,28.645267,77.09919,20,1017.72
shp_715_275,28.645727,77.098747,21,1084.47
shp_715_275,28.645784,77.098671,22,1094.625
shp_715_275,28.645819,77.098595,23,1102.865
shp_715_275,28.645912,77.098305,24,1133.147
shp_715_275,28.645958,77.098114,25,1152.285
shp_715_275,28.646143,77.097458,26,1219.365
shp_715_275,28.64625,77.097015,27,1264.508
shp_715_275,28.646317,77.096664,28,1299.76
shp_715_275,28.646362,77.096497,29,1316.816
shp_715_275,28.646381,77.096451,30,1321.424
shp_715_275,28.646437,77.09639,31,1330.194
shp_715_275,28.646551,77.096413,32,1343.169
shp_715_275,28.64662,77.09642,33,1350.807
shp_715_275,28.647039,77.09642,34,1397.473
shp_715_275,28.647638,77.096428,35,1464.064
shp_715_275,28.647638,77.096428,36,1464.064
shp_715_275,28.648684,77.096436,37,1580.465
shp_715_275,28.649618,77.096428,38,1684.561
shp_715_275,28.649708,77.096413,39,1694.616
shp_715_275,28.64975,77.096397,40,1699.709
shp_715_275,28.64978,77.096375,41,1703.788
shp_715_275,28.649811,77.096313,42,1710.559
shp_715_275,28.649862,77.096123,43,1730.353
shp_715_275,28.649902,77.096085,44,1736.101
shp_715_275,28.649984,77.096062,45,1745.556
shp_715_275,28.649984,77.096062,46,1745.556
shp_715_275,28.651188,77.0961,47,1879.46
shp_715_275,28.651564,77.09613,48,1921.419
shp_715_275,28.651564,77.09613,49,1921.419
shp_715_275,28.651781,77.09613,50,1945.691
shp_715_275,28.652119,77.096138,51,1983.248
shp_715_275,28.651917,77.094749,52,2121.196
shp_715_275,28.651876,77.094131,53,2181.454
shp_715_275,28.651907,77.093025,54,2289.639
shp_715_275,28.651918,77.092117,55,2378.058
shp_715_275,28.651913,77.091888,56,2401.014
shp_715_275,28.651888,77.091431,57,2445.208
shp_715_275,28.651863,77.091278,58,2460.422
shp_715_275,28.651859,77.091164,59,2471.855
shp_715_275,28.651876,77.090401,60,2546.037
shp_715_275,28.651888,77.089409,61,2643.227
shp_715_275,28.651968,77.089409,62,2652.099
shp_715_275,28.651966,77.08947,63,2658.006
shp_715_276,28.701939,77.165451,1,0.0
shp_715_276,28.702234,77.166237,2,83.708
shp_715_276,28.702497,77.166992,3,162.877
shp_715_276,28.701666,77.167389,4,263.121
shp_715_276,28.701231,77.167603,5,316.005
shp_715_276,28.701231,77.167603,6,316.005
shp_715_276,28.698242,77.16909,7,678.967
shp_715_276,28.69733,77.16951,8,788.54
shp_715_276,28.697109,77.169647,9,816.434
shp_715_276,28.697008,77.169739,10,830.545
shp_715_276,28.69659,77.170174,11,893.844
shp_715_276,28.69659,77.170174,12,893.844
shp_715_276,28.695438,77.171364,13,1066.626
shp_715_276,28.69346,77.173355,14,1360.557
shp_715_276,28.69346,77.173355,15,1360.557
shp_715_276,28.693081,77.173737,16,1416.783
shp_715_276,28.692247,77.174599,17,1542.158
shp_715_276,28.692074,77.174805,18,1569.979
shp_715_276,28.692074,77.174805,19,1569.979
shp_715_276,28.69183,77.175095,20,1609.468
shp_715_276,28.691319,77.175972,21,1712.15
shp_715_276,28.691084,77.17643,22,1764.192
shp_715_277,28.701939,77.165451,1,0.0
shp_715_277,28.702234,77.166237,2,83.708
shp_715_277,28.702431,77.166298,3,106.131
shp_715_277,28.702244,77.16581,4,158.303
shp_715_277,28.702446,77.16571,5,182.877
shp_715_277,28.703119,77.167503,6,373.316
shp_715_277,28.703854,77.169357,7,572.424
shp_715_277,28.703854,77.169357,8,572.424
shp_715_277,28.704117,77.170029,9,643.816
shp_715_277,28.704992,77.169617,10,749.241
shp_715_277,28.705544,77.169334,11,816.497
shp_715_277,28.706003,77.169037,12,875.282
shp_715_277,28.706003,77.169037,13,875.282
shp_715_277,28.708735,77.167053,14,1235.731
shp_715_277,28.709641,77.168701,15,1425.203
shp_715_277,28.709703,77.168655,16,1433.392
shp_715_277,28.709703,77.168655,17,1433.392
shp_715_277,28.711224,77.167549,18,1634.1
shp_715_277,28.711224,77.167549,19,1634.1
shp_715_277,28.713181,77.166122,20,1892.845
shp_715_277,28.713358,77.166,21,1915.573
shp_715_277,28.713528,77.165878,22,1938.053
shp_715_277,28.713528,77.165878,23,1938.053
shp_715_277,28.714592,77.165092,24,2079.17
shp_715_277,28.719454,77.161552,25,2721.164
shp_715_277,28.719556999999998,77.161438,26,2737.276
shp_715_277,28.719707,77.16114,27,2770.831
shp_715_277,28.719839,77.160828,28,2805.005
shp_715_277,28.720354,77.159462,29,2949.745
shp_715_277,28.720459,77.159264,30,2972.803
shp_715_277,28.720549,77.159187,31,2985.291
shp_715_277,28.720568,77.159142,32,2989.961
shp_715_277,28.720568,77.159142,33,2989.961
shp_715_277,28.720669,77.158913,34,3014.789
shp_715_277,28.721006,77.158318,35,3084.405
shp_715_277,28.722254,77.156029,36,3347.031
shp_715_277,28.722281,77.155914,37,3358.832
shp_715_277,28.72229,77.154312,38,3515.418
shp_715_277,28.722284,77.153725,39,3572.593
shp_715_277,28.722298,77.153473,40,3597.236
shp_715_277,28.722286,77.152931,41,3650.294
shp_715_277,28.722437,77.152466,42,3698.77
shp_715_277,28.723099,77.150589,43,3895.806
shp_715_277,28.723099,77.150589,44,3895.806
shp_715_277,28.723452,77.149597,45,4000.529
shp_715_277,28.723852,77.148331,46,4132.048
shp_715_277,28.723972,77.147629,47,4201.62
shp_715_277,28.724054,77.147202,48,4244.845
shp_715_277,28.72407,77.146965,49,4267.503
shp_715_278,28.702091,77.16539,1,0.0
shp_715_278,28.70166,77.164207,2,125.422
shp_715_278,28.701538,77.163811,3,166.198
shp_715_278,28.70142,77.163475,4,201.768
shp_715_278,28.700512,77.16037,5,521.276
shp_715_278,28.700241,77.159409,6,619.473
shp_715_278,28.70019,77.159111,7,649.118
shp_715_278,28.700182,77.158829,8,677.28
shp_715_278,28.700123,77.158615,9,699.089
shp_715_278,28.700123,77.158615,10,699.089
shp_715_278,28.700006,77.158188,11,742.446
shp_715_278,28.699844,77.157883,12,777.573
shp_715_278,28.699678,77.157623,13,808.516
shp_715_278,28.69943,77.157356,14,846.822
shp_715_278,28.699125,77.157089,15,889.458
shp_715_278,28.698952,77.156982,16,911.56
shp_715_278,28.697905,77.156464,17,1038.61
shp_715_278,28.695604,77.15538,18,1315.517
shp_715_278,28.695604,77.15538,19,1315.517
shp_715_278,28.694164,77.154709,20,1488.897
shp_715_278,28.694164,77.154709,21,1488.897
shp_715_278,28.693718,77.154495,22,1542.551
shp_715_278,28.692675,77.153969,23,1669.628
shp_715_278,28.692087,77.15374,24,1738.857
shp_715_278,28.691917,77.153694,25,1758.165
shp_715_278,28.691917,77.153694,26,1758.165
shp_715_278,28.690668,77.153336,27,1901.67
shp_715_278,28.688652,77.152855,28,2130.967
shp_715_278,28.687937,77.152672,29,2212.565
shp_715_278,28.68763,77.152519,30,2249.569
shp_715_278,28.687346,77.152336,31,2286.102
shp_715_278,28.687054,77.152084,32,2326.687
shp_715_278,28.686729,77.151711,33,2378.467
shp_715_278,28.686428,77.151283,34,2431.455
shp_715_278,28.686035,77.150696,35,2503.651
shp_715_278,28.686035,77.150696,36,2503.651
shp_715_278,28.683861,77.147453,37,2902.337
shp_715_278,28.683861,77.147453,38,2902.337
shp_715_278,28.683533,77.146965,39,2962.457
shp_715_279,28.703007,77.132233,1,0.0
shp_715_279,28.701925,77.133781,2,193.396
shp_715_279,28.701529,77.133438,3,248.802
shp_715_279,28.700527,77.132607,4,386.456
shp_715_279,28.700253,77.133018,5,436.666
shp_715_279,28.700127,77.133186,6,458.174
shp_715_279,28.700056,77.133217,7,466.733
shp_715_279,28.699986,77.133217,8,474.559
shp_715_279,28.699902,77.133179,9,484.656
shp_715_279,28.698887,77.132507,10,615.301
shp_715_279,28.698135,77.131821,11,722.459
shp_715_279,28.698135,77.131821,12,722.459
shp_715_279,28.698088,77.131767,13,729.84
shp_715_279,28.698048,77.131699,14,737.969
shp_715_279,28.698017,77.131615,15,746.613
shp_715_279,28.697769,77.130211,16,886.687
shp_715_279,28.697769,77.130211,17,886.687
shp_715_279,28.697681,77.129723,18,935.605
shp_715_279,28.69652,77.12999,19,1067.526
shp_715_279,28.69652,77.12999,20,1067.526
shp_715_279,28.695272,77.13028,21,1209.308
shp_715_279,28.695047,77.130341,22,1235.126
shp_715_279,28.694746,77.130402,23,1269.214
shp_715_279,28.694738,77.130371,24,1272.596
shp_715_279,28.694248,77.130493,25,1328.558
shp_715_279,28.694248,77.130493,26,1328.558
shp_715_279,28.693026,77.130791,27,1467.749
shp_715_279,28.693026,77.130791,28,1467.749
shp_715_279,28.692688,77.130867,29,1505.922
shp_715_279,28.6926,77.130859,30,1515.719
shp_715_279,28.69227,77.13076,31,1553.562
shp_715_279,28.691538,77.130508,32,1639.02
shp_715_279,28.691538,77.130508,33,1639.02
shp_715_279,28.691271,77.130409,34,1670.041
shp_715_279,28.690735,77.13018,35,1733.81
shp_715_279,28.689945,77.129997,36,1823.536
shp_715_279,28.689377,77.129898,37,1887.527
shp_715_279,28.689377,77.129898,38,1887.527
shp_715_279,28.688957,77.129829,39,1934.661
shp_715_279,28.688953,77.12986,40,1937.959
shp_715_280,28.703085,77.132286,1,0.0
shp_715_280,28.703688,77.131401,2,109.992
shp_715_280,28.703697,77.131264,3,123.329
shp_715_280,28.703659,77.131104,4,139.329
shp_715_280,28.703592,77.130959,5,155.236
shp_715_280,28.703388,77.13076,6,185.132
shp_715_280,28.703087,77.13044,7,231.225
shp_715_280,28.702684,77.12989,8,301.024
shp_715_280,28.702196,77.129044,9,399.828
shp_715_280,28.701971,77.128494,10,459.046
shp_715_280,28.700199,77.125343,11,824.682
shp_715_280,28.699732,77.12426,12,942.394
shp_715_280,28.699732,77.12426,13,942.394
shp_715_280,28.699409,77.123466,14,1027.591
shp_715_280,28.699074,77.122589,15,1121.28
shp_715_280,28.698732,77.121613,16,1223.708
shp_715_280,28.698467,77.12075,17,1312.647
shp_715_280,28.698467,77.12075,18,1312.647
shp_715_280,28.698114,77.119598,19,1431.92
shp_715_280,28.698114,77.119598,20,1431.92
shp_715_280,28.697748,77.118408,21,1555.317
shp_715_280,28.697075,77.115776,22,1823.392
shp_715_280,28.697075,77.115776,23,1823.392
shp_715_280,28.696529,77.11364,24,2040.317
shp_715_280,28.696224,77.112297,25,2175.5
shp_715_280,28.696068,77.111748,26,2231.822
shp_715_280,28.69595,77.111389,27,2269.278
shp_715_280,28.695755,77.110741,28,2336.388
shp_715_280,28.695755,77.110741,29,2336.388
shp_715_280,28.695391,77.109528,30,2461.639
shp_715_280,28.695179,77.10881,31,2535.829
shp_715_280,28.695179,77.10881,32,2535.829
shp_715_280,28.694492,77.106491,33,2774.868
shp_715_280,28.694492,77.106491,34,2774.868
shp_715_280,28.69426,77.105705,35,2855.765
shp_715_280,28.693396,77.102463,36,3186.599
shp_715_280,28.693031,77.101067,37,3328.381
shp_715_280,28.693031,77.101067,38,3328.381
shp_715_280,28.692944,77.100731,39,3363.026
shp_715_280,28.69276,77.100182,40,3420.074
shp_715_280,28.692602,77.09977,41,3464.022
shp_715_280,28.692455,77.099449,42,3499.417
shp_715_280,28.692295,77.099152,43,3533.402
shp_715_280,28.691862,77.09845,44,3617.085
shp_715_280,28.691542,77.098045,45,3670.626
shp_715_280,28.691132,77.097626,46,3732.177
shp_715_280,28.690655,77.097214,47,3798.464
shp_715_280,28.689821,77.096664,48,3905.565
shp_715_280,28.68943,77.096497,49,3952.15
shp_715_280,28.689167,77.096405,50,3982.783
shp_715_281,28.703085,77.132286,1,0.0
shp_715_281,28.703688,77.131401,2,109.992
shp_715_281,28.704021,77.13092,3,169.598
shp_715_281,28.706232,77.132889,4,481.47
shp_715_281,28.706348,77.133003,5,498.743
shp_715_281,28.706366,77.133102,6,508.898
shp_715_281,28.707619,77.134209,7,685.502
shp_715_281,28.707619,77.134209,8,685.502
shp_715_281,28.708908,77.135353,9,867.375
shp_715_281,28.708908,77.135353,10,867.375
shp_715_281,28.710199,77.136436,11,1045.818
shp_715_281,28.710453,77.136658,12,1081.236
shp_715_281,28.710695,77.136787,13,1111.167
shp_715_281,28.710751,77.136833,14,1118.625
shp_715_281,28.710751,77.136833,15,1118.625
shp_715_281,28.71183,77.137634,16,1262.182
shp_715_281,28.712038,77.137764,17,1288.435
shp_715_281,28.712038,77.137764,18,1288.435
shp_715_281,28.713041,77.138336,19,1413.354
shp_715_281,28.713963,77.13871,20,1521.927
shp_715_281,28.713963,77.13871,21,1521.927
shp_715_281,28.714327,77.138824,22,1564.252
shp_715_281,28.714417,77.138847,23,1574.409
shp_715_281,28.714849,77.138985,24,1624.546
shp_715_281,28.716976,77.139473,25,1866.03
shp_715_281,28.716976,77.139473,26,1866.03
shp_715_281,28.718592,77.139832,27,2049.227
shp_715_281,28.719196,77.139961,28,2117.61
shp_715_281,28.72043,77.14019,29,2256.821
shp_715_281,28.720671,77.140259,30,2284.454
shp_715_282,28.688059,76.964088,1,0.0
shp_715_282,28.687061,76.975182,2,1089.342
shp_715_282,28.686897,76.977203,3,1287.748
shp_715_282,28.686897,76.977203,4,1287.748
shp_715_282,28.686712,76.979462,5,1509.077
shp_715_282,28.68663,76.98037,6,1598.106
shp_715_282,28.68663,76.98037,7,1598.106
shp_715_282,28.686291,76.984077,8,1962.286
shp_715_282,28.686167,76.985542,9,2105.801
shp_715_282,28.686167,76.985542,10,2105.801
shp_715_282,28.685858,76.989197,11,2464.369
shp_715_282,28.685858,76.989197,12,2464.369
shp_715_282,28.685572,76.992317,13,2771.004
shp_715_282,28.685354,76.994865,14,3021.082
shp_715_282,28.685354,76.994865,15,3021.082
shp_715_282,28.684958,76.999771,16,3502.273
shp_715_282,28.68466,77.003143,17,3833.153
shp_715_282,28.68466,77.003143,18,3833.153
shp_715_282,28.683693,77.014206,19,4918.768
shp_715_282,28.683578,77.016273,20,5121.301
shp_715_282,28.68351,77.017105,21,5202.662
shp_715_283,28.687927,76.964073,1,0.0
shp_715_283,28.688049,76.962723,2,132.564
shp_715_283,28.6884,76.959793,3,421.136
shp_715_283,28.688681,76.956978,4,697.881
shp_715_283,28.688965,76.953407,5,1048.379
shp_715_283,28.688965,76.953407,6,1048.379
shp_715_283,28.689116,76.951736,7,1211.8
shp_715_283,28.689116,76.951736,8,1211.8
shp_715_283,28.689331,76.949448,9,1436.946
shp_715_283,28.689487,76.947899,10,1589.503
shp_715_283,28.689487,76.947899,11,1589.503
shp_715_283,28.689522,76.947548,12,1623.376
shp_715_283,28.689522,76.947548,13,1623.376
shp_715_283,28.68961,76.946617,14,1715.112
shp_715_283,28.689642,76.946434,15,1733.606
shp_715_283,28.689869,76.943909,16,1981.021
shp_715_283,28.689869,76.943909,17,1981.021
shp_715_283,28.690157,76.94072,18,2294.582
shp_715_283,28.690399,76.938293,19,2532.437
shp_715_283,28.690399,76.938293,20,2532.437
shp_715_283,28.690607,76.936211,21,2737.715
shp_715_283,28.690678,76.935448,22,2812.64
shp_715_284,28.481407,77.092964,1,0.0
shp_715_284,28.481611,77.093811,2,85.425
shp_715_284,28.481735,77.094254,3,131.237
shp_715_284,28.481878,77.09446,4,156.681
shp_715_284,28.481968,77.094528,5,168.621
shp_715_284,28.482094,77.094582,6,183.693
shp_715_284,28.483231,77.094795,7,312.016
shp_715_284,28.483683,77.094856,8,362.747
shp_715_284,28.484261,77.094925,9,427.313
shp_715_284,28.484812,77.09491,10,488.823
shp_715_284,28.48563,77.094933,11,579.907
shp_715_284,28.48576,77.09491,12,594.559
shp_715_284,28.485909,77.094856,13,611.848
shp_715_284,28.486128,77.094688,14,641.1
shp_715_284,28.486288,77.094536,15,664.373
shp_715_284,28.486408,77.094398,16,683.199
shp_715_284,28.486666,77.094025,17,730.096
shp_715_284,28.487061,77.093369,18,807.941
shp_715_284,28.487061,77.093369,19,807.941
shp_715_284,28.487597,77.092491,20,912.098
shp_715_284,28.487661,77.092438,21,920.924
shp_715_284,28.487789,77.092369,22,936.8
shp_715_284,28.488043,77.091919,23,989.058
shp_715_284,28.4883,77.091484,24,1040.381
shp_715_284,28.488859,77.090584,25,1148.617
shp_715_284,28.489128,77.090179,26,1197.951
shp_715_284,28.489431,77.089905,27,1241.131
shp_715_284,28.489576,77.089821,28,1259.305
shp_715_284,28.489805,77.089775,29,1285.176
shp_715_284,28.490026,77.08979,30,1309.893
shp_715_284,28.490488,77.090004,31,1365.265
shp_715_284,28.492622,77.091156,32,1628.28
shp_715_284,28.494761,77.092293,33,1890.822
shp_715_284,28.495245,77.092537,34,1949.984
shp_715_284,28.495453,77.092575,35,1973.456
shp_715_284,28.495583,77.092545,36,1988.078
shp_715_284,28.495714,77.092484,37,2003.97
shp_715_284,28.495831,77.0924,38,2019.386
shp_715_284,28.495895,77.092316,39,2030.32
shp_715_284,28.495895,77.092316,40,2030.32
shp_715_284,28.495935,77.092262,41,2037.009
shp_715_284,28.49748,77.089767,42,2335.623
shp_715_284,28.498287,77.08902,43,2451.449
shp_715_284,28.498497,77.088799,44,2483.557
shp_715_284,28.498539,77.088776,45,2488.626
shp_715_284,28.498648,77.088791,46,2500.868
shp_715_284,28.49885,77.088852,47,2524.19
shp_715_284,28.500055,77.09005,48,2702.234
shp_715_284,28.500473,77.090446,49,2762.894
shp_715_285,28.481407,77.092964,1,0.0
shp_715_285,28.481611,77.093811,2,85.425
shp_715_285,28.481735,77.094254,3,131.237
shp_715_285,28.481878,77.09446,4,156.681
shp_715_285,28.481968,77.094528,5,168.621
shp_715_285,28.482094,77.094582,6,183.693
shp_715_285,28.483231,77.094795,7,312.016
shp_715_285,28.483683,77.094856,8,362.747
shp_715_285,28.484261,77.094925,9,427.313
shp_715_285,28.484812,77.09491,10,488.823
shp_715_285,28.48563,77.094933,11,579.907
shp_715_285,28.48576,77.09491,12,594.559
shp_715_285,28.485909,77.094856,13,611.848
shp_715_285,28.486128,77.094688,14,641.1
shp_715_285,28.486288,77.094536,15,664.373
shp_715_285,28.486408,77.094398,16,683.199
shp_715_285,28.486666,77.094025,17,730.096
shp_715_285,28.486856,77.093704,18,767.584
shp_715_285,28.486856,77.093704,19,767.584
shp_715_285,28.487597,77.092491,20,912.098
shp_715_285,28.487661,77.092438,21,920.924
shp_715_285,28.487789,77.092369,22,936.799
shp_715_285,28.488043,77.091919,23,989.057
shp_715_285,28.4883,77.091484,24,1040.381
shp_715_285,28.488859,77.090584,25,1148.616
shp_715_285,28.489128,77.090179,26,1197.95
shp_715_285,28.489431,77.089905,27,1241.13
shp_715_285,28.489576,77.089821,28,1259.304
shp_715_285,28.489805,77.089775,29,1285.175
shp_715_285,28.490026,77.08979,30,1309.892
shp_715_285,28.490488,77.090004,31,1365.264
shp_715_285,28.492622,77.091156,32,1628.28
shp_715_285,28.494862,77.092346,33,1903.173
shp_715_285,28.494862,77.092346,34,1903.173
shp_715_285,28.495245,77.092537,35,1949.983
shp_715_285,28.495453,77.092575,36,1973.454
shp_715_285,28.495583,77.092545,37,1988.076
shp_715_285,28.495714,77.092484,38,2003.968
shp_715_285,28.495831,77.0924,39,2019.385
shp_715_285,28.495935,77.092262,40,2037.007
shp_715_285,28.49748,77.089767,41,2335.621
shp_715_285,28.498211,77.089088,42,2440.654
shp_715_285,28.498211,77.089088,43,2440.654
shp_715_285,28.498287,77.08902,44,2451.447
shp_715_285,28.498497,77.088799,45,2483.555
shp_715_285,28.498539,77.088776,46,2488.625
shp_715_285,28.498648,77.088791,47,2500.866
shp_715_285,28.49885,77.088852,48,2524.188
shp_715_285,28.500055,77.09005,49,2702.232
shp_715_285,28.500706,77.090668,50,2796.503
shp_715_285,28.500961,77.090889,51,2832.23
shp_715_285,28.501076,77.090897,52,2844.996
shp_715_285,28.501226,77.090874,53,2861.873
shp_715_285,28.501308,77.090797,54,2873.856
shp_715_285,28.502022,77.089836,55,2996.807
shp_715_285,28.502306,77.089508,56,3041.892
shp_715_285,28.502394,77.089378,57,3058.233
shp_715_285,28.503252,77.088203,58,3207.164
shp_715_285,28.503525,77.087852,59,3253.15
shp_715_285,28.50411,77.087059,60,3354.713
shp_715_285,28.50411,77.087059,61,3354.713
shp_715_285,28.504782,77.086143,62,3471.265
shp_715_285,28.506163,77.084312,63,3707.383
shp_715_285,28.509989,77.079102,64,4371.708
shp_715_285,28.511179,77.077545,65,4573.172
shp_715_285,28.511236,77.077454,66,4584.589
shp_715_285,28.511263,77.077347,67,4595.654
shp_715_285,28.511276,77.076828,68,4646.264
shp_715_285,28.511309,77.076401,69,4688.087
shp_715_285,28.511593,77.075325,70,4797.808
shp_715_285,28.51169,77.075005,71,4831.079
shp_715_286,28.643663,77.112907,1,0.0
shp_715_286,28.643389,77.112434,2,55.209
shp_715_286,28.643568,77.112274,3,80.606
shp_715_286,28.644228,77.113464,4,218.191
shp_715_286,28.644327,77.113617,5,237.122
shp_715_286,28.644386,77.113495,6,251.013
shp_715_286,28.644518,77.113258,7,278.228
shp_715_286,28.644991,77.112602,8,361.338
shp_715_286,28.645079,77.112503,9,375.032
shp_715_286,28.645178,77.112419,10,388.693
shp_715_286,28.645313,77.112328,11,406.276
shp_715_286,28.645508,77.112617,12,442.137
shp_715_286,28.645561,77.112671,13,450.016
shp_715_286,28.645628,77.112724,14,458.789
shp_715_286,28.645903,77.112846,15,491.756
shp_715_286,28.646242,77.11293,16,530.302
shp_715_286,28.646669,77.112946,17,578.017
shp_715_286,28.646957,77.112915,18,610.131
shp_715_286,28.647156,77.112816,19,634.084
shp_715_286,28.647554,77.112488,20,688.825
shp_715_286,28.649134,77.111298,21,899.785
shp_715_286,28.649134,77.111298,22,899.785
shp_715_286,28.649235,77.111221,23,913.262
shp_715_286,28.649111,77.111038,24,935.563
shp_715_286,28.649052,77.110916,25,949.107
shp_715_286,28.649027,77.11084,26,957.475
shp_715_286,28.649025,77.110748,27,966.389
shp_715_286,28.649057,77.110374,28,1003.226
shp_715_286,28.649086,77.110229,29,1017.765
shp_715_286,28.649105,77.110168,30,1024.07
shp_715_286,28.64917,77.110046,31,1037.759
shp_715_286,28.649273,77.109909,32,1055.42
shp_715_286,28.649639,77.10965,33,1103.211
shp_715_286,28.649868,77.109543,34,1130.756
shp_715_286,28.650034,77.109512,35,1149.533
shp_715_286,28.650188,77.109512,36,1166.688
shp_715_286,28.651125,77.109756,37,1273.811
shp_715_286,28.651634,77.109863,38,1331.275
shp_715_286,28.65209,77.109894,39,1382.212
shp_715_286,28.652548,77.109863,40,1433.23
shp_715_286,28.652487,77.109291,41,1489.576
shp_715_287,28.686771,76.977196,1,0.0
shp_715_287,28.687119,76.973045,2,406.732
shp_715_287,28.687336,76.970695,3,637.614
shp_715_287,28.687365,76.970322,4,674.703
shp_715_287,28.687927,76.964073,5,1287.829
shp_715_287,28.687927,76.964073,6,1287.829
shp_715_287,28.688049,76.962723,7,1420.393
shp_715_287,28.688103,76.962273,8,1464.38
shp_715_288,28.686897,76.977203,1,0.0
shp_715_288,28.686712,76.979462,2,221.33
shp_715_288,28.686291,76.984077,3,674.538
shp_715_288,28.685841,76.98941,4,1197.613
shp_715_288,28.685572,76.992317,5,1483.257
shp_715_288,28.685354,76.994858,6,1732.25
shp_715_288,28.685354,76.994858,7,1732.25
shp_715_288,28.684958,76.999771,8,2214.526
shp_715_288,28.68462,77.003609,9,2590.928
shp_715_288,28.68462,77.003609,10,2590.928
shp_715_288,28.683693,77.014206,11,3631.02
shp_715_288,28.683578,77.016273,12,3833.554
shp_715_288,28.683552,77.016586,13,3864.126
shp_715_288,28.683552,77.016586,14,3864.126
shp_715_288,28.683432,77.018036,15,4006.177
shp_715_288,28.683298,77.019485,16,4148.332
shp_715_288,28.683058,77.022354,17,4429.9
shp_715_288,28.682856,77.024956,18,4684.744
shp_715_288,28.68261,77.027885,19,4972.562
shp_715_288,28.682512,77.028938,20,5075.866
shp_715_288,28.68247,77.029976,21,5177.282
shp_715_288,28.68247,77.029976,22,5177.282
shp_715_288,28.682447,77.032692,23,5442.676
shp_715_288,28.682341,77.039703,24,6127.252
shp_715_288,28.682341,77.039703,25,6127.252
shp_715_288,28.682335,77.040131,26,6169.013
shp_715_288,28.682335,77.040131,27,6169.013
shp_715_288,28.682293,77.043938,28,6540.902
shp_715_288,28.682293,77.043938,29,6540.902
shp_715_288,28.682293,77.043938,30,6540.902
shp_715_288,28.682293,77.043938,31,6540.902
shp_715_288,28.68222,77.05265,32,7391.803
shp_715_288,28.68222,77.05265,33,7391.803
shp_715_288,28.682215,77.054062,34,7530.021
shp_715_288,28.68224,77.056236,35,7742.069
shp_715_288,28.68224,77.056236,36,7742.069
shp_715_288,28.682268,77.058357,37,7948.91
shp_715_288,28.682289,77.059036,38,8015.673
shp_715_288,28.682245,77.059784,39,8088.94
shp_715_288,28.682207,77.060242,40,8133.593
shp_715_288,28.682184,77.063095,41,8412.639
shp_715_288,28.682182,77.066444,42,8739.106
shp_715_288,28.682171,77.067268,43,8819.608
shp_715_289,28.681078,77.078674,1,0.0
shp_715_289,28.681105,77.078453,2,22.32
shp_715_289,28.681213,77.078461,3,34.465
shp_715_289,28.681347,77.077454,4,133.633
shp_715_289,28.681227,77.077438,5,147.03
shp_715_289,28.680887,77.077408,6,184.836
shp_715_289,28.680183,77.077286,7,264.188
shp_715_289,28.679863,77.07724,8,300.124
shp_715_289,28.679863,77.07724,9,300.124
shp_715_289,28.678692,77.07708,10,431.386
shp_715_289,28.678692,77.07708,11,431.386
shp_715_289,28.676863,77.076813,12,636.792
shp_715_289,28.676212,77.076706,13,709.96
shp_715_289,28.676176,77.076714,14,713.988
shp_715_289,28.676071,77.076775,15,727.0
shp_715_289,28.675989,77.076805,16,736.663
shp_715_289,28.675833,77.076843,17,754.541
shp_715_289,28.675774,77.076874,18,761.601
shp_715_289,28.675524,77.077026,19,793.243
shp_715_289,28.674969,77.077179,20,856.694
shp_715_289,28.674875,77.076607,21,913.183
shp_715_289,28.674881,77.076431,22,930.081
shp_715_289,28.674896,77.07634,23,939.335
shp_715_289,28.674896,77.07634,24,939.335
shp_715_289,28.674986,77.075775,25,995.51
shp_715_289,28.674986,77.075775,26,995.51
shp_715_289,28.675026,77.07547,27,1025.615
shp_715_289,28.674313,77.075432,28,1105.082
shp_715_289,28.674318,77.075089,29,1138.607
shp_715_289,28.673189,77.075058,30,1264.346
shp_715_289,28.673195,77.074577,31,1311.311
shp_715_289,28.672489,77.074577,32,1389.925
shp_715_289,28.67219,77.074554,33,1423.367
shp_715_290,28.681366,77.078705,1,0.0
shp_715_290,28.681253,77.079773,2,104.424
shp_715_290,28.683826,77.080147,3,393.105
shp_715_290,28.684053,77.08017,4,418.482
shp_715_290,28.684053,77.08017,5,418.482
shp_715_290,28.684889,77.080261,6,511.971
shp_715_290,28.684994,77.080307,7,524.514
shp_715_290,28.685125,77.080383,8,540.765
shp_715_290,28.685209,77.080467,9,553.351
shp_715_290,28.685413,77.080826,10,594.97
shp_715_290,28.685522,77.080971,11,613.792
shp_715_290,28.685575,77.081024,12,621.618
shp_715_290,28.686152,77.08136,13,693.565
shp_715_290,28.686274,77.081421,14,708.386
shp_715_290,28.686453,77.081474,15,729.121
shp_715_290,28.686562,77.08149,16,741.294
shp_715_290,28.687271,77.081512,17,820.192
shp_715_290,28.68815,77.081558,18,918.277
shp_715_290,28.688137,77.08197,19,958.531
shp_715_290,28.688965,77.081963,20,1050.676
shp_715_290,28.689425,77.08194,21,1102.076
shp_715_290,28.689693,77.081947,22,1131.95
shp_715_290,28.689693,77.081947,23,1131.95
shp_715_290,28.692118,77.082008,24,1401.87
shp_715_290,28.692263,77.082016,25,1418.028
shp_715_291,28.612783,77.308533,1,0.0
shp_715_291,28.612705,77.308914,2,38.315
shp_715_291,28.612667,77.309181,3,65.243
shp_715_291,28.612661,77.309349,4,81.12
shp_715_291,28.6127,77.310646,5,207.913
shp_715_291,28.612719,77.310966,6,239.845
shp_715_291,28.612677,77.311073,7,251.229
shp_715_291,28.612705,77.311417,8,284.616
shp_715_291,28.612751,77.311745,9,317.162
shp_715_291,28.612751,77.311745,10,317.162
shp_715_291,28.61297,77.313324,11,473.692
shp_715_291,28.613214,77.315163,12,655.556
shp_715_291,28.613279,77.315613,13,699.847
shp_715_291,28.613392,77.315994,14,739.269
shp_715_291,28.613564,77.316727,15,813.266
shp_715_291,28.613537,77.316818,16,822.546
shp_715_291,28.613657,77.317284,17,870.154
shp_715_291,28.613707,77.317322,18,877.035
shp_715_291,28.61388,77.318008,19,946.258
shp_715_291,28.61388,77.318008,20,946.258
shp_715_291,28.613894,77.318062,21,951.852
shp_715_291,28.613995,77.318291,22,976.787
shp_715_291,28.614107,77.318443,23,996.415
shp_715_291,28.614941,77.319229,24,1116.78
shp_715_291,28.615017,77.319382,25,1134.245
shp_715_291,28.61525,77.319389,26,1160.098
shp_715_291,28.615507,77.319336,27,1189.176
shp_715_291,28.615191,77.319847,28,1250.158
shp_715_291,28.615017,77.320091,29,1280.733
shp_715_291,28.615017,77.320183,30,1289.997
shp_715_291,28.614998,77.320244,31,1296.098
shp_715_291,28.614929,77.320366,32,1310.4
shp_715_291,28.614523,77.320969,33,1384.639
shp_715_291,28.614489,77.32103,34,1391.578
shp_715_291,28.614489,77.32103,35,1391.578
shp_715_291,28.614433,77.321129,36,1402.757
shp_715_291,28.614408,77.321266,37,1416.85
shp_715_291,28.614382,77.321327,38,1423.247
shp_715_291,28.614351,77.321365,39,1428.713
shp_715_291,28.614212,77.321457,40,1446.311
shp_715_291,28.614079,77.321625,41,1468.616
shp_715_291,28.613775,77.322067,42,1523.478
shp_715_291,28.613583,77.322304,43,1555.145
shp_715_291,28.613489,77.32238,44,1567.674
shp_715_291,28.613131,77.322807,45,1625.581
shp_715_291,28.613131,77.322807,46,1625.581
shp_715_291,28.613003,77.322929,47,1644.25
shp_715_291,28.613403,77.323235,48,1697.894
shp_715_291,28.612827,77.324516,49,1838.514
shp_715_291,28.612827,77.324516,50,1838.514
shp_715_291,28.612423,77.325417,51,1937.532
shp_715_291,28.612411,77.325455,52,1941.003
shp_715_291,28.612411,77.325493,53,1944.787
shp_715_291,28.612446,77.325523,54,1949.708
shp_715_291,28.612535,77.325577,55,1961.051
shp_715_291,28.61323,77.325829,56,2042.295
shp_715_291,28.613697,77.326035,57,2097.785
shp_715_291,28.614334,77.326195,58,2170.493
shp_715_291,28.61413,77.326775,59,2231.853
shp_715_291,28.613821,77.327499,60,2310.454
shp_715_291,28.613188,77.329025,61,2475.158
shp_715_291,28.613365,77.329124,62,2497.398
shp_715_291,28.612789,77.330452,63,2642.083
shp_715_291,28.613802,77.331032,64,2768.316
shp_715_291,28.613525,77.331657,65,2836.783
shp_715_291,28.613525,77.331657,66,2836.783
shp_715_291,28.612516,77.333946,67,3086.48
shp_715_291,28.612516,77.333946,68,3086.48
shp_715_291,28.611868,77.335411,69,3247.074
shp_715_292,28.687759,77.221481,1,0.0
shp_715_292,28.68923,77.221245,2,165.493
shp_715_292,28.689821,77.22123,3,231.305
shp_715_292,28.69042,77.221207,4,297.995
shp_715_292,28.691898,77.22097,5,464.028
shp_715_292,28.692152,77.220856,6,494.494
shp_715_292,28.692335,77.221397,7,551.315
shp_715_292,28.692486,77.221733,8,588.565
shp_715_292,28.692593,77.221931,9,611.103
shp_715_292,28.692677,77.222023,10,623.969
shp_715_292,28.692871,77.222183,11,650.493
shp_715_292,28.692997,77.222252,12,666.19
shp_715_292,28.69314,77.222321,13,683.608
shp_715_292,28.693279,77.222382,14,700.048
shp_715_292,28.693619,77.222473,15,738.925
shp_715_292,28.694092,77.222626,16,793.545
shp_715_292,28.694698,77.222832,17,864.083
shp_715_292,28.694944,77.2229,18,892.235
shp_715_292,28.695316,77.222969,19,934.142
shp_715_292,28.695412,77.223,20,945.102
shp_715_292,28.695547,77.223061,21,961.399
shp_715_292,28.695547,77.223061,22,961.399
shp_715_292,28.69574,77.223145,23,984.424
shp_715_292,28.695938,77.223259,24,1008.964
shp_715_292,28.696081,77.223366,25,1027.965
shp_715_292,28.696257,77.223518,26,1052.95
shp_715_292,28.696325,77.223625,27,1065.677
shp_715_292,28.696415,77.223808,28,1085.855
shp_715_292,28.696672,77.224487,29,1158.658
shp_715_292,28.696735,77.224716,30,1182.016
shp_715_292,28.69676,77.224846,31,1194.89
shp_715_292,28.696775,77.225212,32,1230.7
shp_715_292,28.696728,77.226654,33,1371.754
shp_715_292,28.69673,77.227165,34,1421.056
shp_715_292,28.69692,77.22715,35,1442.25
shp_715_292,28.69768,77.227196,36,1526.816
shp_715_292,28.700403,77.227379,37,1830.596
shp_715_293,28.481194,77.093018,1,0.0
shp_715_293,28.480961,77.092026,2,100.575
shp_715_293,28.480856,77.091385,3,164.248
shp_715_293,28.480755,77.091377,4,175.515
shp_715_293,28.480688,77.091408,5,183.256
shp_715_293,28.480629,77.091484,6,193.251
shp_715_293,28.479498,77.093193,7,403.0
shp_715_293,28.479309,77.093452,8,435.971
shp_715_293,28.479242,77.093559,9,448.732
shp_715_293,28.479126,77.093712,10,468.348
shp_715_293,28.478878,77.093987,11,506.98
shp_715_293,28.478771,77.093987,12,519.005
shp_715_293,28.47854,77.094009,13,544.669
shp_715_293,28.477749,77.094032,14,632.877
shp_715_293,28.477045,77.09404,15,711.224
shp_715_293,28.476431,77.094017,16,779.57
shp_715_293,28.476173,77.093948,17,809.001
shp_715_293,28.47459,77.093979,18,985.182
shp_715_293,28.473722,77.094009,19,1081.771
shp_715_293,28.472818,77.09404,20,1182.531
shp_715_293,28.471987,77.094025,21,1275.135
shp_715_293,28.471428,77.094032,22,1337.356
shp_715_293,28.471428,77.094032,23,1337.356
shp_715_293,28.470495,77.094048,24,1441.227
shp_715_293,28.47003,77.094078,25,1493.11
shp_715_293,28.467924,77.094467,26,1730.563
shp_715_293,28.466934,77.094627,27,1841.908
shp_715_293,28.463507,77.095284,28,2228.746
shp_715_293,28.463039,77.095413,29,2282.225
shp_715_293,28.462357,77.095566,30,2359.876
shp_715_293,28.461882,77.095703,31,2414.31
shp_715_293,28.459923,77.096298,32,2639.914
shp_715_293,28.457441,77.097015,33,2925.083
shp_715_293,28.457441,77.097015,34,2925.083
shp_715_293,28.455101,77.097694,35,3193.881
shp_715_293,28.453581,77.098167,36,3369.322
shp_715_293,28.452375,77.098534,37,3508.268
shp_715_293,28.44989,77.099388,38,3797.292
shp_715_293,28.449121,77.099663,39,3887.04
shp_715_293,28.446394,77.10051,40,4201.649
shp_715_293,28.446394,77.10051,41,4201.649
shp_715_293,28.445139,77.100891,42,4346.306
shp_715_293,28.443489,77.101425,43,4537.208
shp_715_293,28.441452,77.102203,44,4776.446
shp_715_293,28.441236,77.102257,45,4801.101
shp_715_293,28.439903,77.10276,46,4957.449
shp_715_293,28.439478,77.102913,47,5007.007
shp_715_293,28.438591,77.103249,48,5111.12
shp_715_293,28.437654,77.103592,49,5220.639
shp_715_293,28.435555,77.104218,50,5462.239
shp_715_293,28.434729,77.104469,51,5557.404
shp_715_293,28.434744,77.10453,52,5563.756
shp_715_293,28.434744,77.10453,53,5563.756
shp_715_293,28.434616,77.104576,54,5578.659
shp_715_293,28.43405,77.104797,55,5645.24
shp_715_293,28.432526,77.105247,56,5820.383
shp_715_293,28.432526,77.105247,57,5820.383
shp_715_293,28.431961,77.105385,58,5884.875
shp_715_293,28.431835,77.105362,59,5899.014
shp_715_293,28.431557,77.105522,60,5933.54
shp_715_293,28.431505,77.105576,61,5941.521
shp_715_293,28.431505,77.105576,62,5941.521
shp_715_293,28.431448,77.105621,63,5949.626
shp_715_293,28.431349,77.105659,64,5960.974
shp_715_293,28.431267,77.105659,65,5970.194
shp_715_293,28.431185,77.105644,66,5979.414
shp_715_293,28.43111,77.105606,67,5988.631
shp_715_293,28.431025,77.105522,68,6001.177
shp_715_293,28.430967,77.105415,69,6013.709
shp_715_293,28.430445,77.105377,70,6071.927
shp_715_293,28.429571,77.105339,71,6169.201
shp_715_293,28.428188,77.105331,72,6323.113
shp_715_293,28.42754,77.105316,73,6395.355
shp_715_293,28.425022,77.105286,74,6675.629
shp_715_293,28.424482,77.105232,75,6736.066
shp_715_293,28.423727,77.105217,76,6820.103
shp_715_293,28.423306,77.10524,77,6866.987
shp_715_294,28.685713,77.149635,1,0.0
shp_715_294,28.685043,77.148659,2,121.509
shp_715_294,28.685675,77.148163,3,206.502
shp_715_294,28.687244,77.146774,4,427.841
shp_715_294,28.686802,77.146172,5,504.989
shp_715_294,28.686802,77.146172,6,504.989
shp_715_294,28.686289,77.145477,7,593.566
shp_715_294,28.686049,77.14518,8,632.991
shp_715_294,28.685841,77.144981,9,663.129
shp_715_294,28.685167,77.144432,10,755.287
shp_715_294,28.685299,77.144196,11,782.306
shp_715_294,28.685432,77.143913,12,813.413
shp_715_294,28.68545,77.143845,13,820.334
shp_715_294,28.68545,77.143845,14,820.334
shp_715_294,28.685537,77.143509,15,854.565
shp_715_294,28.685602,77.143112,16,894.363
shp_715_294,28.685621,77.142929,17,912.049
shp_715_294,28.685617,77.142525,18,952.059
shp_715_294,28.68561,77.14238,19,966.053
shp_715_294,28.685572,77.142159,20,988.04
shp_715_294,28.685522,77.141945,21,1009.671
shp_715_294,28.685522,77.141945,22,1009.671
shp_715_294,28.685417,77.141502,23,1054.079
shp_715_294,28.685314,77.141235,24,1082.442
shp_715_294,28.685114,77.14077,25,1133.427
shp_715_294,28.684511,77.139481,26,1275.783
shp_715_294,28.684511,77.139481,27,1275.783
shp_715_294,28.683563,77.137451,28,1500.67
shp_715_294,28.683563,77.137451,29,1500.67
shp_715_294,28.68342,77.137138,30,1534.793
shp_715_294,28.683302,77.136818,31,1569.18
shp_715_294,28.683285,77.136482,32,1602.006
shp_715_294,28.683311,77.135925,33,1656.314
shp_715_294,28.683311,77.135925,34,1656.314
shp_715_294,28.683613,77.135941,35,1689.907
shp_715_294,28.683655,77.133835,36,1894.878
shp_715_294,28.683655,77.133835,37,1894.878
shp_715_294,28.683666,77.132988,38,1978.026
shp_715_294,28.68355,77.132904,39,1993.37
shp_715_294,28.683546,77.132942,40,1997.068
shp_715_294,28.683464,77.132935,41,2006.297
shp_715_294,28.683475,77.132797,42,2019.651
shp_715_294,28.683475,77.132797,43,2019.651
shp_715_294,28.683859,77.128365,44,2454.594
shp_715_294,28.683859,77.128365,45,2454.594
shp_715_294,28.683924,77.127571,46,2532.63
shp_715_294,28.683924,77.127571,47,2532.63
shp_715_294,28.684206,77.124054,48,2877.364
shp_715_294,28.684244,77.123917,49,2891.807
shp_715_294,28.684282,77.123825,50,2901.394
shp_715_294,28.684317,77.123756,51,2909.056
shp_715_294,28.68438,77.123665,52,2920.574
shp_715_294,28.684444,77.123596,53,2930.385
shp_715_294,28.684534,77.123543,54,2941.747
shp_715_294,28.684624,77.123505,55,2952.434
shp_715_294,28.68486,77.123474,56,2979.08
shp_715_294,28.685755,77.123466,57,3078.493
shp_715_294,28.68585,77.123444,58,3089.283
shp_715_294,28.685926,77.123421,59,3098.121
shp_715_294,28.686018,77.123375,60,3109.233
shp_715_294,28.686155,77.12326,61,3128.16
shp_715_294,28.686258,77.123154,62,3143.901
shp_715_294,28.686493,77.122849,63,3183.192
shp_715_294,28.686558,77.122742,64,3196.21
shp_715_294,28.686602,77.122627,65,3207.959
shp_715_294,28.686653,77.122406,66,3230.29
shp_715_294,28.686705,77.12207,67,3263.742
shp_715_294,28.686705,77.12207,68,3263.742
shp_715_294,28.686903,77.120781,69,3391.609
shp_715_294,28.686903,77.120781,70,3391.609
shp_715_294,28.68714,77.119247,71,3543.598
shp_715_294,28.687353,77.117683,72,3698.366
shp_715_294,28.687353,77.117683,73,3698.366
shp_715_294,28.687418,77.117195,74,3746.561
shp_715_294,28.687544,77.117218,75,3760.67
shp_715_294,28.687363,77.118568,76,3894.047
shp_715_294,28.687445,77.118584,77,3903.221
shp_715_294,28.687428,77.118683,78,3913.575
shp_715_295,28.685551,77.14975,1,0.0
shp_715_295,28.686487,77.151108,2,168.914
shp_715_295,28.686487,77.151108,3,168.914
shp_715_295,28.686817,77.151588,4,228.48
shp_715_295,28.687132,77.15197,5,279.655
shp_715_295,28.687408,77.152222,6,318.732
shp_715_295,28.687668,77.152405,7,352.786
shp_715_295,28.687944,77.152519,8,385.503
shp_715_295,28.69005,77.153023,9,625.062
shp_715_295,28.69005,77.153023,10,625.062
shp_715_295,28.69038,77.153107,11,662.625
shp_715_295,28.690695,77.153198,12,698.798
shp_715_295,28.691488,77.153412,13,789.638
shp_715_295,28.691874,77.153488,14,833.064
shp_715_295,28.691938,77.153503,15,840.663
shp_715_295,28.691938,77.153503,16,840.663
shp_715_295,28.692127,77.153572,17,862.704
shp_715_295,28.692736,77.153831,18,935.102
shp_715_295,28.693678,77.154312,19,1049.941
shp_715_295,28.694357,77.154648,20,1132.102
shp_715_295,28.694357,77.154648,21,1132.102
shp_715_295,28.695553,77.155228,22,1276.911
shp_715_295,28.695553,77.155228,23,1276.911
shp_715_295,28.697577,77.156212,24,1521.761
shp_715_295,28.697577,77.156212,25,1521.761
shp_715_295,28.699068,77.156921,26,1701.825
shp_715_295,28.699226,77.157028,27,1721.918
shp_715_295,28.699512,77.157272,28,1761.959
shp_715_295,28.699732,77.157524,29,1796.798
shp_715_295,28.699848,77.157677,30,1816.26
shp_715_295,28.699968,77.15786,31,1838.882
shp_715_295,28.700127,77.158134,32,1870.712
shp_715_295,28.700294,77.158737,33,1932.173
shp_715_295,28.700371,77.159073,34,1965.998
shp_715_295,28.7012,77.162041,35,2270.177
shp_715_295,28.7012,77.162041,36,2270.177
shp_715_295,28.701624,77.163559,37,2426.198
shp_715_295,28.702126,77.165108,38,2587.082
shp_715_295,28.702452,77.165939,39,2676.176
shp_715_295,28.702452,77.165939,40,2676.176
shp_715_295,28.703732,77.16922,41,3026.804
shp_715_295,28.703732,77.16922,42,3026.804
shp_715_295,28.70426,77.170578,43,3171.6
shp_715_295,28.704407,77.170914,44,3208.072
shp_715_295,28.704494,77.171074,45,3227.102
shp_715_295,28.704576,77.171204,46,3242.689
shp_715_295,28.704847,77.171532,47,3286.204
shp_715_295,28.704947,77.171608,48,3299.882
shp_715_295,28.704947,77.171608,49,3299.882
shp_715_295,28.706055,77.172546,50,3453.244
shp_715_295,28.707018,77.173294,51,3583.013
shp_715_295,28.707529,77.173698,52,3652.469
shp_715_295,28.707968,77.174072,53,3713.287
shp_715_295,28.708374,77.174263,54,3762.351
shp_715_295,28.708933,77.174744,55,3840.14
shp_715_295,28.710022,77.175644,56,3989.788
shp_715_295,28.710201,77.175835,57,4017.155
shp_715_296,28.649706,77.337814,1,0.0
shp_715_296,28.650454,77.339088,2,149.761
shp_715_296,28.652363,77.342285,3,527.411
shp_715_296,28.653259,77.343735,4,700.715
shp_715_296,28.6535,77.344101,5,745.46
shp_715_296,28.657583,77.350853,6,1546.265
shp_715_296,28.659781,77.354591,7,1985.735
shp_715_296,28.663885,77.3619,8,2833.697
shp_715_296,28.665798,77.365211,9,3220.438
shp_715_296,28.666489,77.366386,10,3358.779
shp_715_296,28.668293,77.370148,11,3777.825
shp_715_296,28.669548,77.372688,12,4062.03
shp_715_296,28.670008,77.373573,13,4162.605
shp_715_296,28.670261,77.373985,14,4211.987
shp_715_296,28.671461,77.376419,15,4484.429
shp_715_296,28.671894,77.377304,16,4583.691
shp_715_296,28.672058,77.377586,17,4616.414
shp_715_296,28.672617,77.378357,18,4714.163
shp_715_296,28.672768,77.37854,19,4738.836
shp_715_296,28.672911,77.378693,20,4760.627
shp_715_296,28.673073,77.378838,21,4783.662
shp_715_296,28.673342,77.379028,22,4819.052
shp_715_296,28.673611,77.379196,23,4853.028
shp_715_296,28.675915,77.380501,24,5139.205
shp_715_296,28.677008,77.381096,25,5274.214
shp_715_296,28.677713,77.381454,26,5360.207
shp_715_297,28.694674,77.212601,1,0.0
shp_715_297,28.694458,77.212494,2,26.273
shp_715_297,28.693159,77.211906,3,181.97
shp_715_297,28.691927,77.211266,4,332.711
shp_715_297,28.690571,77.210602,5,496.98
shp_715_297,28.690571,77.210602,6,496.98
shp_715_297,28.689043,77.209854,7,681.923
shp_715_297,28.689043,77.209854,8,681.923
shp_715_297,28.687868,77.209282,9,824.109
shp_715_297,28.687868,77.209282,10,824.109
shp_715_297,28.68775,77.209229,11,838.485
shp_715_297,28.686338,77.208481,12,1011.525
shp_715_297,28.686338,77.208481,13,1011.525
shp_715_297,28.68602,77.208313,14,1050.56
shp_715_297,28.685953,77.208328,15,1058.122
shp_715_297,28.685495,77.208099,16,1113.697
shp_715_297,28.685495,77.208099,17,1113.697
shp_715_297,28.684053,77.207382,18,1288.648
shp_715_297,28.684019,77.207382,19,1292.403
shp_715_297,28.683992,77.207397,20,1295.664
shp_715_297,28.683956,77.207436,21,1301.095
shp_715_297,28.683842,77.207703,22,1330.398
shp_715_297,28.683842,77.207703,23,1330.398
shp_715_297,28.683765,77.207886,24,1350.382
shp_715_297,28.68363,77.208115,25,1377.101
shp_715_297,28.683458,77.208374,26,1408.964
shp_715_297,28.683258,77.208626,27,1441.98
shp_715_297,28.683176,77.208694,28,1453.577
shp_715_297,28.683096,77.20874,29,1463.529
shp_715_297,28.683014,77.208778,30,1473.262
shp_715_297,28.682915,77.208786,31,1484.304
shp_715_297,28.682178,77.208832,32,1566.398
shp_715_297,28.681532,77.208839,33,1638.291
shp_715_297,28.681309,77.208817,34,1663.195
shp_715_297,28.680861,77.208748,35,1713.603
shp_715_297,28.680328,77.208641,36,1773.68
shp_715_298,28.694674,77.212601,1,0.0
shp_715_298,28.695648,77.213081,2,117.968
shp_715_298,28.695736,77.213112,3,128.385
shp_715_298,28.694788,77.215691,4,401.14
shp_715_298,28.694107,77.217567,5,599.653
shp_715_298,28.693699,77.218651,6,714.821
shp_715_298,28.693699,77.218651,7,714.821
shp_715_298,28.693499,77.219193,8,772.057
shp_715_298,28.693552,77.219467,9,799.246
shp_715_298,28.693586,77.219559,10,809.213
shp_715_298,28.69363,77.219627,11,817.354
shp_715_298,28.695402,77.220024,12,1018.3
shp_715_298,28.695915,77.220161,13,1076.886
shp_715_298,28.696369,77.220261,14,1128.471
shp_715_298,28.697365,77.220505,15,1241.806
shp_715_298,28.697365,77.220505,16,1241.806
shp_715_298,28.698393,77.220757,17,1358.947
shp_715_298,28.698818,77.22084,18,1406.787
shp_715_298,28.699648,77.220955,19,1499.856
shp_715_298,28.700363,77.221077,20,1580.487
shp_715_298,28.70104,77.221222,21,1657.227
shp_715_298,28.701448,77.221352,22,1704.286
shp_715_298,28.701653,77.221428,23,1728.387
shp_715_298,28.702372,77.221771,24,1814.925
shp_715_298,28.7047,77.222878,25,2095.883
shp_715_298,28.705027,77.223038,26,2135.319
shp_715_298,28.705469,77.223244,27,2188.594
shp_715_298,28.705469,77.223244,28,2188.594
shp_715_298,28.706625,77.223801,29,2328.182
shp_715_298,28.707109,77.224075,30,2388.498
shp_715_298,28.707109,77.224075,31,2388.498
shp_715_298,28.70742,77.224251,32,2427.22
shp_715_298,28.708254,77.22477,33,2532.994
shp_715_298,28.708363,77.224846,34,2547.235
shp_715_298,28.708546,77.225006,35,2572.559
shp_715_298,28.708712,77.225197,36,2599.017
shp_715_298,28.708832,77.22538,37,2621.066
shp_715_298,28.708878,77.225464,38,2630.627
shp_715_298,28.708904,77.225548,39,2639.78
shp_715_298,28.709017,77.226097,40,2694.995
shp_715_298,28.709091,77.226768,41,2761.059
shp_715_298,28.709091,77.226768,42,2761.059
shp_715_298,28.709129,77.227036,43,2787.408
shp_715_298,28.709232,77.227005,44,2799.302
shp_715_298,28.709686,77.226959,45,2850.06
shp_715_298,28.709955,77.226959,46,2879.888
shp_715_298,28.710243,77.226936,47,2912.207
shp_715_298,28.71056,77.22683,48,2948.891
shp_715_298,28.710745,77.226768,49,2970.169
shp_715_298,28.710966,77.226685,50,2996.304
shp_715_298,28.711298,77.227707,51,3102.802
shp_715_298,28.711298,77.227707,52,3102.802
shp_715_298,28.711349,77.227867,53,3119.423
shp_715_298,28.711378,77.22802,54,3134.757
shp_715_298,28.71142,77.228546,55,3185.954
shp_715_298,28.711475,77.228928,56,3223.776
shp_715_298,28.711542,77.229103,57,3242.889
shp_715_298,28.711622,77.229248,58,3259.035
shp_715_298,28.711689,77.229347,59,3271.772
shp_715_298,28.711708,77.22937,60,3274.616
shp_715_298,28.711723,77.229408,61,3278.904
shp_715_298,28.711813,77.229561,62,3296.609
shp_715_298,28.711937,77.229721,63,3317.447
shp_715_298,28.712145,77.230095,64,3360.692
shp_715_298,28.712183,77.230209,65,3372.818
shp_715_298,28.712196,77.230423,66,3393.727
shp_715_298,28.712173,77.230698,67,3420.291
shp_715_298,28.71207,77.231064,68,3457.749
shp_715_298,28.711975,77.231331,69,3486.312
shp_715_298,28.710617,77.235977,70,3964.262
shp_715_298,28.709238,77.240654,71,4445.808
shp_715_298,28.70933,77.240944,72,4476.309
shp_715_298,28.709393,77.241066,73,4490.16
shp_715_298,28.709515,77.241226,74,4510.86
shp_715_298,28.717291,77.242966,75,5393.194
shp_715_298,28.717562,77.243027,76,5423.876
shp_715_298,28.718113,77.243187,77,5487.072
shp_715_298,28.718723,77.243332,78,5556.433
shp_715_299,28.672791,77.277786,1,0.0
shp_715_299,28.672844,77.278076,2,28.851
shp_715_299,28.672972,77.278587,3,80.935
shp_715_299,28.673098,77.279388,4,160.867
shp_715_299,28.673149,77.2799,5,211.202
shp_715_299,28.673195,77.280235,6,244.08
shp_715_299,28.673193,77.280373,7,257.111
shp_715_299,28.673183,77.280426,8,262.676
shp_715_299,28.673153,77.280525,9,273.213
shp_715_299,28.673138,77.280991,10,318.149
shp_715_299,28.673183,77.28154,11,372.061
shp_715_299,28.673233,77.281967,12,414.515
shp_715_299,28.673258,77.282059,13,424.106
shp_715_299,28.673258,77.282059,14,424.106
shp_715_299,28.673616,77.283424,15,563.417
shp_715_299,28.674213,77.285843,16,808.398
shp_715_299,28.674213,77.285843,17,808.398
shp_715_299,28.674643,77.287544,18,981.093
shp_715_299,28.674963,77.288719,19,1101.46
shp_715_299,28.674963,77.288719,20,1101.46
shp_715_299,28.675272,77.289917,21,1223.2
shp_715_300,28.502007,77.30024,1,0.0
shp_715_300,28.50189,77.300262,2,13.171
shp_715_300,28.501778,77.300293,3,26.075
shp_715_300,28.501661,77.300346,4,39.946
shp_715_300,28.501554,77.3004,5,53.145
shp_715_300,28.501432,77.300484,6,68.868
shp_715_300,28.501337,77.30056,7,81.692
shp_715_300,28.501244,77.300659,8,95.922
shp_715_300,28.500965,77.301018,9,142.879
shp_715_300,28.500835,77.30117,10,163.645
shp_715_300,28.500639,77.301369,11,192.947
shp_715_300,28.500483,77.301483,12,213.717
shp_715_300,28.500483,77.301483,13,213.717
shp_715_300,28.500338,77.30159,14,232.708
shp_715_300,28.500036,77.301704,15,268.143
shp_715_300,28.499605,77.301804,16,317.222
shp_715_300,28.498899,77.301933,17,396.715
shp_715_300,28.498476,77.302032,18,444.76
shp_715_300,28.498219,77.302101,19,474.39
shp_715_300,28.497934,77.302208,20,507.604
shp_715_300,28.497868,77.302216,21,515.175
shp_715_300,28.497768,77.3022,22,526.235
shp_715_300,28.497702,77.302147,23,535.438
shp_715_300,28.497652,77.302071,24,544.745
shp_715_300,28.497637,77.302017,25,550.389
shp_715_300,28.497635,77.301903,26,561.679
shp_715_300,28.497646,77.301849,27,566.726
shp_715_300,28.4977,77.30175,28,577.939
shp_715_300,28.497868,77.301567,29,603.776
shp_715_300,28.498051,77.301399,30,630.204
shp_715_300,28.498196,77.301292,31,649.176
shp_715_300,28.498543,77.301102,32,692.124
shp_715_300,28.498646,77.301041,33,705.302
shp_715_300,28.498688,77.301003,34,711.032
shp_715_300,28.498726,77.300957,35,717.273
shp_715_300,28.498756,77.300896,36,723.891
shp_715_300,28.498816,77.300751,37,739.705
shp_715_300,28.498922,77.300392,38,776.57
shp_715_300,28.49897,77.300293,39,787.717
shp_715_300,28.499205,77.299934,40,831.432
shp_715_300,28.499264,77.299797,41,846.435
shp_715_300,28.499277,77.299736,42,852.601
shp_715_300,28.499281,77.299652,43,860.707
shp_715_300,28.499285,77.299309,44,894.825
shp_715_300,28.499237,77.299072,45,918.368
shp_715_300,28.499237,77.299072,46,918.368
shp_715_300,28.499115,77.298523,47,973.832
shp_715_300,28.498724,77.29689,48,1139.123
shp_715_300,28.498703,77.296539,49,1173.977
shp_715_300,28.498726,77.296234,50,1203.728
shp_715_300,28.498745,77.296135,51,1213.905
shp_715_300,28.498863,77.295692,52,1258.809
shp_715_300,28.498943,77.295502,53,1279.672
shp_715_300,28.499041,77.295326,54,1299.977
shp_715_300,28.49931,77.294998,55,1343.738
shp_715_300,28.499729,77.294624,56,1402.842
shp_715_300,28.499729,77.294624,57,1402.842
shp_715_300,28.500883,77.293587,58,1566.832
shp_715_300,28.501059,77.293381,59,1594.615
shp_715_300,28.501158,77.293205,60,1615.407
shp_715_300,28.501209,77.292999,61,1635.99
shp_715_300,28.501329,77.291779,62,1756.358
shp_715_300,28.501455,77.290901,63,1843.602
shp_715_301,28.502007,77.30024,1,0.0
shp_715_301,28.50189,77.300262,2,13.171
shp_715_301,28.501778,77.300293,3,26.075
shp_715_301,28.501661,77.300346,4,39.946
shp_715_301,28.501554,77.3004,5,53.145
shp_715_301,28.501432,77.300484,6,68.868
shp_715_301,28.501337,77.30056,7,81.692
shp_715_301,28.501244,77.300659,8,95.922
shp_715_301,28.500965,77.301018,9,142.879
shp_715_301,28.500835,77.30117,10,163.645
shp_715_301,28.500639,77.301369,11,192.947
shp_715_301,28.500338,77.30159,12,232.708
shp_715_301,28.500036,77.301704,13,268.143
shp_715_301,28.499605,77.301804,14,317.222
shp_715_301,28.498899,77.301933,15,396.715
shp_715_301,28.498476,77.302032,16,444.76
shp_715_301,28.498394,77.302071,17,454.686
shp_715_301,28.498098,77.302254,18,492.12
shp_715_301,28.497711,77.302437,19,538.841
shp_715_301,28.497614,77.302505,20,551.77
shp_715_301,28.497568,77.302567,21,559.297
shp_715_301,28.497536,77.302643,22,567.836
shp_715_301,28.497484,77.303024,23,605.154
shp_715_301,28.497461,77.303375,24,640.256
shp_715_301,28.497463,77.303482,25,650.119
shp_715_301,28.497492,77.303589,26,661.332
shp_715_301,28.497522,77.303642,27,667.894
shp_715_301,28.498344,77.304657,28,802.599
shp_715_301,28.499365,77.305885,29,967.793
shp_715_301,28.499399,77.305939,30,974.557
shp_715_301,28.499424,77.306,31,980.957
shp_715_301,28.500019,77.3078,32,1169.037
shp_715_301,28.500097,77.30809,33,1198.663
shp_715_301,28.50016,77.308365,34,1226.588
shp_715_301,28.500177,77.308502,35,1240.21
shp_715_301,28.500198,77.309341,36,1322.571
shp_715_301,28.500198,77.309341,37,1322.571
shp_715_301,28.500208,77.309723,38,1359.974
shp_715_301,28.500187,77.310104,39,1396.817
shp_715_301,28.500105,77.310646,40,1451.174
shp_715_301,28.500013,77.311371,41,1522.86
shp_715_301,28.499994,77.3116,42,1544.722
shp_715_301,28.499983,77.311813,43,1566.246
shp_715_301,28.500095,77.31266,44,1649.393
shp_715_301,28.500095,77.31266,45,1649.393
shp_715_301,28.500198,77.313339,46,1717.426
shp_715_301,28.500198,77.313339,47,1717.426
shp_715_301,28.500303,77.314049,48,1787.374
shp_715_301,28.500345,77.314392,49,1821.145
shp_715_301,28.500431,77.315552,50,1935.246
shp_715_301,28.500477,77.316078,51,1986.83
shp_715_301,28.500477,77.316078,52,1986.83
shp_715_301,28.500486,77.31617,53,1995.754
shp_715_301,28.500418,77.316185,54,2003.535
shp_715_301,28.500437,77.316284,55,2013.664
shp_715_301,28.500488,77.316467,56,2031.823
shp_715_301,28.500441,77.316582,57,2044.783
shp_715_301,28.500221,77.316856,58,2080.998
shp_715_301,28.500055,77.317085,59,2109.962
shp_715_301,28.499537,77.317886,60,2207.266
shp_715_301,28.499214,77.318413,61,2269.81
shp_715_301,28.498484,77.319702,62,2420.05
shp_715_301,28.498402,77.319885,63,2439.867
shp_715_301,28.498068,77.320488,64,2509.899
shp_715_301,28.497919,77.320786,65,2543.408
shp_715_301,28.497555,77.321426,66,2618.036
shp_715_301,28.497252,77.322044,67,2687.444
shp_715_301,28.497135,77.322296,68,2715.338
shp_715_301,28.49684,77.323013,69,2792.819
shp_715_301,28.496716,77.323242,70,2819.103
shp_715_301,28.496504,77.323608,71,2861.777
shp_715_301,28.495985,77.324295,72,2950.195
shp_715_301,28.495985,77.324295,73,2950.195
shp_715_301,28.495897,77.324409,74,2965.406
shp_715_301,28.495676,77.324654,75,2999.682
shp_715_301,28.495522,77.324783,76,3020.958
shp_715_302,28.502007,77.30024,1,0.0
shp_715_302,28.50189,77.300262,2,13.171
shp_715_302,28.501778,77.300293,3,26.075
shp_715_302,28.501661,77.300346,4,39.946
shp_715_302,28.501554,77.3004,5,53.145
shp_715_302,28.501432,77.300484,6,68.868
shp_715_302,28.501337,77.30056,7,81.692
shp_715_302,28.501244,77.300659,8,95.922
shp_715_302,28.500965,77.301018,9,142.879
shp_715_302,28.500835,77.30117,10,163.645
shp_715_302,28.500639,77.301369,11,192.947
shp_715_302,28.500338,77.30159,12,232.708
shp_715_302,28.500036,77.301704,13,268.143
shp_715_302,28.499605,77.301804,14,317.222
shp_715_302,28.498899,77.301933,15,396.715
shp_715_302,28.498476,77.302032,16,444.76
shp_715_302,28.498394,77.302071,17,454.686
shp_715_302,28.498098,77.302254,18,492.12
shp_715_302,28.497711,77.302437,19,538.841
shp_715_302,28.497614,77.302505,20,551.77
shp_715_302,28.497568,77.302567,21,559.297
shp_715_302,28.497536,77.302643,22,567.836
shp_715_302,28.497484,77.303024,23,605.154
shp_715_302,28.497461,77.303375,24,640.256
shp_715_302,28.497463,77.303482,25,650.119
shp_715_302,28.497492,77.303589,26,661.332
shp_715_302,28.497522,77.303642,27,667.894
shp_715_302,28.497965,77.304192,28,740.395
shp_715_302,28.498344,77.304657,29,802.599
shp_715_302,28.499365,77.305885,30,967.793
shp_715_302,28.499399,77.305939,31,974.558
shp_715_302,28.499424,77.306,32,980.958
shp_715_302,28.500019,77.3078,33,1169.037
shp_715_302,28.500097,77.30809,34,1198.663
shp_715_302,28.50016,77.308365,35,1226.588
shp_715_302,28.500177,77.308502,36,1240.21
shp_715_302,28.500208,77.309723,37,1359.974
shp_715_302,28.500187,77.310104,38,1396.817
shp_715_302,28.500105,77.310646,39,1451.174
shp_715_302,28.500013,77.311371,40,1522.86
shp_715_302,28.499994,77.3116,41,1544.722
shp_715_302,28.499983,77.311813,42,1566.247
shp_715_302,28.49999,77.311859,43,1570.767
shp_715_302,28.49999,77.311859,44,1570.767
shp_715_302,28.500105,77.312721,45,1656.14
shp_715_302,28.500315,77.314133,46,1796.162
shp_715_302,28.500315,77.314133,47,1796.162
shp_715_302,28.500345,77.314392,48,1821.142
shp_715_302,28.500431,77.315552,49,1935.243
shp_715_302,28.500475,77.316055,50,1984.652
shp_715_302,28.500475,77.316055,51,1984.652
shp_715_302,28.500486,77.31617,52,1995.751
shp_715_302,28.500418,77.316185,53,2003.532
shp_715_302,28.500437,77.316284,54,2013.661
shp_715_302,28.500488,77.316467,55,2031.82
shp_715_302,28.500441,77.316582,56,2044.78
shp_715_302,28.500349,77.31839,57,2221.937
shp_715_302,28.50033,77.319473,58,2327.54
shp_715_302,28.50033,77.319473,59,2327.54
shp_715_302,28.500315,77.320831,60,2460.31
shp_715_302,28.500319,77.320961,61,2473.417
shp_715_302,28.500319,77.320961,62,2473.417
shp_715_302,28.500257,77.324509,63,2820.414
shp_715_302,28.500252,77.326462,64,3011.534
shp_715_302,28.500214,77.327599,65,3122.93
shp_715_302,28.500179,77.329956,66,3353.26
shp_715_302,28.500179,77.329956,67,3353.26
shp_715_302,28.500147,77.33168,68,3522.344
shp_715_302,28.50005,77.331795,69,3537.533
shp_715_302,28.50005,77.331795,70,3537.533
shp_715_302,28.499119,77.332863,71,3684.785
shp_715_302,28.498371,77.3339,72,3816.164
shp_715_302,28.49748,77.335152,73,3973.554
shp_715_302,28.496893,77.335991,74,4078.792
shp_715_302,28.496115,77.337036,75,4212.6
shp_715_302,28.496067,77.33712,76,4222.403
shp_715_302,28.495951,77.337379,77,4251.113
shp_715_302,28.496086,77.337418,78,4266.546
shp_715_302,28.496086,77.337418,79,4266.546
shp_715_302,28.496157,77.33744,80,4274.784
shp_715_302,28.496557,77.337502,81,4319.633
shp_715_302,28.497019,77.33754,82,4371.145
shp_715_302,28.497406,77.33754,83,4414.393
shp_715_302,28.498652,77.337524,84,4552.941
shp_715_302,28.500895,77.337524,85,4802.731
shp_715_302,28.500895,77.337524,86,4802.731
shp_715_302,28.501984,77.337555,87,4923.967
shp_715_302,28.502481,77.337624,88,4979.713
shp_715_303,28.621677,77.055733,1,0.0
shp_715_303,28.621595,77.055389,2,34.896
shp_715_303,28.621363,77.054146,3,159.0
shp_715_303,28.621513,77.054001,4,180.892
shp_715_303,28.621727,77.054001,5,204.687
shp_715_303,28.622028,77.054031,6,238.333
shp_715_303,28.622187,77.054062,7,256.263
shp_715_303,28.622316,77.054077,8,270.822
shp_715_303,28.622639,77.054085,9,306.75
shp_715_303,28.623032,77.054092,10,350.372
shp_715_303,28.623598,77.054092,11,413.534
shp_715_303,28.623941,77.054115,12,451.801
shp_715_303,28.624872,77.054123,13,555.291
shp_715_303,28.624914,77.054115,14,560.104
shp_715_303,28.624926,77.0541,15,562.59
shp_715_303,28.62492,77.053795,16,592.015
shp_715_303,28.62492,77.053795,17,592.015
shp_715_303,28.624918,77.053276,18,642.96
shp_715_303,28.624882,77.052208,19,747.251
shp_715_303,28.624882,77.052208,20,747.251
shp_715_303,28.624844,77.051201,21,845.771
shp_715_303,28.625547,77.051224,22,924.241
shp_715_303,28.625547,77.051224,23,924.241
shp_715_303,28.62706,77.051254,24,1092.545
shp_715_303,28.62751,77.05127,25,1142.794
shp_715_303,28.62751,77.05127,26,1142.794
shp_715_303,28.627958,77.051292,27,1192.599
shp_715_303,28.62829,77.051277,28,1229.531
shp_715_304,28.621677,77.055733,1,0.0
shp_715_304,28.621595,77.055389,2,34.896
shp_715_304,28.621532,77.055046,3,69.084
shp_715_304,28.619833,77.055016,4,258.131
shp_715_304,28.617579,77.054939,5,509.248
shp_715_304,28.617592,77.054199,6,581.615
shp_715_304,28.617365,77.054199,7,606.768
shp_715_304,28.617386,77.053307,8,693.393
shp_715_304,28.617386,77.053307,9,693.393
shp_715_304,28.617392,77.053101,10,714.221
shp_715_304,28.616411,77.053078,11,823.362
shp_715_304,28.616411,77.053078,12,823.362
shp_715_304,28.614925,77.053055,13,988.784
shp_715_304,28.614737,77.05307,14,1009.76
shp_715_304,28.614737,77.05307,15,1009.76
shp_715_304,28.614264,77.053078,16,1062.42
shp_715_304,28.613745,77.053047,17,1120.333
shp_715_304,28.612513,77.053009,18,1257.508
shp_715_304,28.611528,77.052971,19,1367.198
shp_715_305,28.624689,77.063072,1,0.0
shp_715_305,28.624472,77.062553,2,56.593
shp_715_305,28.624538,77.062515,3,64.837
shp_715_305,28.624245,77.061737,4,147.9
shp_715_305,28.62496,77.061348,5,236.279
shp_715_305,28.624872,77.061127,6,259.654
shp_715_305,28.625103,77.061005,7,287.929
shp_715_305,28.625103,77.061005,8,287.929
shp_715_305,28.627668,77.059624,9,603.94
shp_715_305,28.627897,77.059517,10,631.472
shp_715_305,28.628689,77.059303,11,722.075
shp_715_305,28.629513,77.059097,12,815.875
shp_715_305,28.631109,77.058685,13,998.118
shp_715_305,28.631603,77.058533,14,1054.997
shp_715_305,28.631992,77.058472,15,1098.747
shp_715_305,28.631992,77.058083,16,1137.283
shp_715_305,28.632582,77.057587,17,1218.665
shp_715_305,28.632637,77.057556,18,1225.679
shp_715_305,28.632725,77.057526,19,1235.831
shp_715_305,28.632875,77.057495,20,1252.881
shp_715_305,28.633001,77.057434,21,1267.954
shp_715_305,28.633194,77.057388,22,1289.793
shp_715_305,28.633474,77.057648,23,1329.96
shp_715_305,28.633738,77.057816,24,1363.867
shp_715_305,28.633762,77.057846,25,1367.745
shp_715_305,28.633865,77.057648,26,1390.596
shp_715_305,28.63389,77.057564,27,1398.942
shp_715_305,28.63389,77.057564,28,1398.942
shp_715_305,28.633945,77.057335,29,1421.975
shp_715_305,28.634024,77.057106,30,1445.945
shp_715_305,28.634052,77.056953,31,1461.176
shp_715_305,28.634199,77.056587,32,1500.425
shp_715_305,28.634186,77.056595,33,1502.075
shp_715_305,28.634163,77.056595,34,1504.659
shp_715_305,28.633909,77.056465,35,1535.481
shp_715_305,28.633846,77.05645,36,1542.612
shp_715_305,28.633753,77.056458,37,1553.178
shp_715_305,28.633675,77.05645,38,1561.996
shp_715_305,28.633482,77.056366,39,1584.697
shp_715_305,28.633537,77.056122,40,1609.699
shp_715_305,28.63356,77.055939,41,1627.305
shp_715_305,28.633572,77.05555,42,1665.441
shp_715_305,28.633581,77.055504,43,1670.129
shp_715_305,28.633696,77.055191,44,1703.197
shp_715_305,28.633726,77.055031,45,1719.772
shp_715_305,28.633772,77.054695,46,1752.829
shp_715_305,28.63382,77.054092,47,1811.621
shp_715_305,28.633818,77.053604,48,1859.456
shp_715_305,28.633818,77.053604,49,1859.456
shp_715_305,28.633816,77.052856,50,1932.229
shp_715_305,28.633827,77.052444,51,1972.501
shp_715_305,28.633831,77.051254,52,2088.731
shp_715_305,28.633842,77.050789,53,2134.78
shp_715_305,28.633854,77.049652,54,2245.282
shp_715_305,28.633881,77.048805,55,2328.479
shp_715_305,28.634647,77.04882,56,2413.959
shp_715_305,28.635344,77.048836,57,2491.429
shp_715_305,28.635344,77.048836,58,2491.429
shp_715_305,28.635408,77.048836,59,2498.656
shp_715_305,28.635387,77.048798,60,2502.94
shp_715_305,28.635374,77.048752,61,2507.807
shp_715_305,28.635393,77.048218,62,2559.517
shp_715_305,28.635393,77.047539,63,2626.327
shp_715_305,28.634771,77.047539,64,2695.557
shp_715_305,28.6348,77.04586,65,2859.684
shp_715_305,28.6348,77.04586,66,2859.684
shp_715_305,28.634808,77.0448,67,2963.389
shp_715_305,28.63418,77.044777,68,3033.382
shp_715_305,28.633932,77.044785,69,3060.991
shp_715_305,28.633932,77.044159,70,3121.705
shp_715_305,28.633938,77.044022,71,3135.244
shp_715_305,28.633924,77.042542,72,3279.952
shp_715_305,28.633942,77.041496,73,3381.959
shp_715_306,28.624689,77.063072,1,0.0
shp_715_306,28.624697,77.06308,2,1.132
shp_715_306,28.624722,77.063072,3,3.941
shp_715_306,28.625494,77.06266,4,98.893
shp_715_306,28.625351,77.062309,5,136.958
shp_715_306,28.625502,77.062218,6,156.208
shp_715_306,28.62579,77.06205,7,192.151
shp_715_306,28.626087,77.06189,8,228.947
shp_715_306,28.626247,77.061813,9,247.909
shp_715_306,28.626841,77.06147,10,322.207
shp_715_306,28.626823,77.061111,11,357.05
shp_715_306,28.626995,77.061028,12,378.027
shp_715_306,28.627344,77.060829,13,421.364
shp_715_306,28.627359,77.059792,14,522.854
shp_715_306,28.627668,77.059624,15,560.825
shp_715_306,28.627897,77.059517,16,588.357
shp_715_306,28.628689,77.059303,17,678.96
shp_715_306,28.629513,77.059097,18,772.76
shp_715_306,28.631109,77.058685,19,955.003
shp_715_306,28.631603,77.058533,20,1011.882
shp_715_306,28.631992,77.058472,21,1055.632
shp_715_306,28.631992,77.058083,22,1094.168
shp_715_306,28.632582,77.057587,23,1175.55
shp_715_306,28.632637,77.057556,24,1182.564
shp_715_306,28.632725,77.057526,25,1192.716
shp_715_306,28.632875,77.057495,26,1209.766
shp_715_306,28.633001,77.057434,27,1224.839
shp_715_306,28.633194,77.057388,28,1246.678
shp_715_306,28.633278,77.057358,29,1256.461
shp_715_306,28.633326,77.057327,30,1262.537
shp_715_306,28.633369,77.057289,31,1268.691
shp_715_306,28.633392,77.057243,32,1273.754
shp_715_306,28.633432,77.057037,33,1294.728
shp_715_306,28.633446,77.056915,34,1306.332
shp_715_306,28.63345,77.056847,35,1313.374
shp_715_306,28.63344,77.056725,36,1325.524
shp_715_306,28.633415,77.056587,37,1338.695
shp_715_306,28.633482,77.056366,38,1361.501
shp_715_306,28.633675,77.05645,39,1384.202
shp_715_306,28.633753,77.056458,40,1393.021
shp_715_306,28.633846,77.05645,41,1403.586
shp_715_306,28.633909,77.056465,42,1410.717
shp_715_306,28.634163,77.056595,43,1441.539
shp_715_306,28.634186,77.056595,44,1444.124
shp_715_306,28.634199,77.056587,45,1445.773
shp_715_306,28.634365,77.056404,46,1471.999
shp_715_306,28.634399,77.056381,47,1476.171
shp_715_306,28.634428,77.056381,48,1479.377
shp_715_306,28.634777,77.056572,49,1522.547
shp_715_306,28.635288,77.056801,50,1583.642
shp_715_306,28.635532,77.056885,51,1611.974
shp_715_306,28.635515,77.056816,52,1618.87
shp_715_306,28.6355,77.056664,53,1633.742
shp_715_306,28.63545,77.055367,54,1760.16
shp_715_306,28.635427,77.054939,55,1802.303
shp_715_306,28.635502,77.054802,56,1818.211
shp_715_306,28.635563,77.05455,57,1843.719
shp_715_306,28.635576,77.054222,58,1875.852
shp_715_306,28.635595,77.054123,59,1885.944
shp_715_306,28.635654,77.054047,60,1895.439
shp_715_306,28.635672,77.053955,61,1905.065
shp_715_306,28.636848,77.053207,62,2055.135
shp_715_306,28.637548,77.052826,63,2141.473
shp_715_306,28.637604,77.052773,64,2149.522
shp_715_306,28.637617,77.052742,65,2152.864
shp_715_306,28.637627,77.052681,66,2158.78
shp_715_306,28.637644,77.052063,67,2219.377
shp_715_306,28.637653,77.051971,68,2228.276
shp_715_306,28.637678,77.051926,69,2233.623
shp_715_306,28.637709,77.051888,70,2238.273
shp_715_306,28.638166,77.051476,71,2303.568
shp_715_306,28.639322,77.050255,72,2478.83
shp_715_306,28.640055,77.049522,73,2587.613
shp_715_306,28.640949,77.048599,74,2721.657
shp_715_306,28.641167,77.048363,75,2755.036
shp_715_306,28.642,77.047523,76,2879.144
shp_715_306,28.642246,77.047302,77,2914.017
shp_715_306,28.642765,77.046761,78,2992.219
shp_715_306,28.64312,77.046417,79,3044.041
shp_715_306,28.643259,77.046265,80,3065.552
shp_715_306,28.643715,77.045822,81,3132.173
shp_715_306,28.644163,77.045364,82,3199.167
shp_715_306,28.644337,77.045219,83,3223.118
shp_715_306,28.644896,77.044868,84,3294.068
shp_715_306,28.64513,77.044708,85,3324.663
shp_715_306,28.645863,77.044228,86,3418.582
shp_715_306,28.645967,77.044174,87,3431.562
shp_715_307,28.62458,77.063148,1,0.0
shp_715_307,28.624535,77.063026,2,13.173
shp_715_307,28.624332,77.063133,3,38.142
shp_715_307,28.624119,77.063217,4,63.239
shp_715_307,28.624411,77.063911,5,138.637
shp_715_307,28.624289,77.064072,6,159.295
shp_715_307,28.623732,77.062759,7,301.973
shp_715_307,28.622993,77.062737,8,384.064
shp_715_307,28.621618,77.062714,9,537.344
shp_715_307,28.62052,77.062714,10,659.618
shp_715_307,28.620111,77.062698,11,705.035
shp_715_307,28.619703,77.062355,12,761.762
shp_715_307,28.619473,77.062737,13,807.188
shp_715_307,28.619322,77.062729,14,823.979
shp_715_307,28.618935,77.062737,15,866.958
shp_715_307,28.618382,77.062721,16,928.579
shp_715_307,28.617815,77.062721,17,991.62
shp_715_307,28.616755,77.062675,18,1109.785
shp_715_307,28.616755,77.062675,19,1109.785
shp_715_307,28.61599,77.062645,20,1195.031
shp_715_307,28.614546,77.06263,21,1355.727
shp_715_307,28.614347,77.062599,22,1378.013
shp_715_307,28.61377,77.062599,23,1442.367
shp_715_307,28.61339,77.062576,24,1484.778
shp_715_307,28.613226,77.062561,25,1502.96
shp_715_307,28.613214,77.062851,26,1531.303
shp_715_307,28.613224,77.063812,27,1625.662
shp_715_307,28.613224,77.063812,28,1625.662
shp_715_307,28.613026,77.063812,29,1647.715
shp_715_307,28.612612,77.063797,30,1693.771
shp_715_307,28.612352,77.063774,31,1722.941
shp_715_307,28.611929,77.063751,32,1770.101
shp_715_307,28.610685,77.063728,33,1908.539
shp_715_307,28.6106,77.063728,34,1918.028
shp_715_307,28.61018,77.063843,35,1966.087
shp_715_307,28.609785,77.063965,36,2011.514
shp_715_307,28.609442,77.064079,37,2051.396
shp_715_307,28.609219,77.064171,38,2077.915
shp_715_307,28.609509,77.065231,39,2186.208
shp_715_307,28.609716,77.066025,40,2267.432
shp_715_307,28.609646,77.066055,41,2275.797
shp_715_307,28.609646,77.066055,42,2275.797
shp_715_307,28.608837,77.06633,43,2369.641
shp_715_307,28.608204,77.066582,44,2444.544
shp_715_307,28.607807,77.066727,45,2490.647
shp_715_307,28.607054,77.066971,46,2577.992
shp_715_307,28.606689,77.067108,47,2620.608
shp_715_307,28.606689,77.067108,48,2620.608
shp_715_307,28.606585,77.067146,49,2632.953
shp_715_308,28.62458,77.063148,1,0.0
shp_715_308,28.624535,77.063026,2,13.173
shp_715_308,28.624332,77.063133,3,38.142
shp_715_308,28.624119,77.063217,4,63.239
shp_715_308,28.624599,77.064362,5,187.102
shp_715_308,28.625389,77.066452,6,409.659
shp_715_308,28.625441,77.066566,7,421.862
shp_715_308,28.625591,77.066986,8,466.696
shp_715_308,28.625645,77.067146,9,483.066
shp_715_308,28.625515,77.067307,10,504.303
shp_715_308,28.624546,77.067787,11,622.155
shp_715_308,28.623989,77.06813,12,692.5
shp_715_308,28.623709,77.068275,13,726.67
shp_715_308,28.622631,77.068802,14,857.154
shp_715_308,28.622351,77.069008,15,894.326
shp_715_308,28.622166,77.06916,16,919.613
shp_715_308,28.621958,77.069389,17,951.842
shp_715_308,28.621777,77.069603,18,980.914
shp_715_308,28.621561,77.069901,19,1019.006
shp_715_308,28.621296,77.070351,20,1071.783
shp_715_308,28.620939,77.071037,21,1149.54
shp_715_308,28.620857,77.070992,22,1159.675
shp_715_308,28.620739,77.070969,23,1172.879
shp_715_308,28.620424,77.070946,24,1208.103
shp_715_308,28.620113,77.070953,25,1242.771
shp_715_308,28.618898,77.070877,26,1378.145
shp_715_308,28.618076,77.070869,27,1469.665
shp_715_308,28.618073,77.071304,28,1512.341
shp_715_308,28.618053,77.071548,29,1536.077
shp_715_308,28.61661,77.071533,30,1696.854
shp_715_308,28.614967,77.071472,31,1879.755
shp_715_309,28.636122,77.096703,1,0.0
shp_715_309,28.634338,77.097427,2,210.728
shp_715_309,28.633408,77.097847,3,322.168
shp_715_309,28.632704,77.098152,4,406.032
shp_715_309,28.63176,77.098587,5,519.532
shp_715_309,28.631525,77.098686,6,547.101
shp_715_309,28.631346,77.098763,7,568.753
shp_715_309,28.630404,77.099167,8,680.695
shp_715_309,28.629295,77.099625,9,812.131
shp_715_309,28.627527,77.100372,10,1021.953
shp_715_309,28.625551,77.101234,11,1257.377
shp_715_309,28.625252,77.101379,12,1293.764
shp_715_309,28.625015,77.101486,13,1321.912
shp_715_309,28.624662,77.101631,14,1363.806
shp_715_309,28.624197,77.101845,15,1419.486
shp_715_309,28.62224,77.102692,16,1652.718
shp_715_309,28.619457,77.104439,17,2006.472
shp_715_309,28.618074,77.10527,18,2180.399
shp_715_309,28.617718,77.105499,19,2225.963
shp_715_309,28.61727,77.105782,20,2282.877
shp_715_309,28.61706,77.105957,21,2312.094
shp_715_309,28.616789,77.10614,22,2347.12
shp_715_309,28.615604,77.106895,23,2498.144
shp_715_309,28.614813,77.107559,24,2607.631
shp_715_309,28.614388,77.106964,25,2682.635
shp_715_309,28.614388,77.106964,26,2682.635
shp_715_309,28.612946,77.104958,27,2936.241
shp_715_309,28.612755,77.104744,28,2965.952
shp_715_309,28.612438,77.104568,29,3005.171
shp_715_309,28.611872,77.104279,30,3074.315
shp_715_309,28.60923,77.102844,31,3400.188
shp_715_309,28.60923,77.102844,32,3400.188
shp_715_309,28.608683,77.102547,33,3467.507
shp_715_309,28.608591,77.102539,34,3477.609
shp_715_310,28.636122,77.096703,1,0.0
shp_715_310,28.634338,77.097427,2,210.728
shp_715_310,28.633408,77.097847,3,322.168
shp_715_310,28.632704,77.098152,4,406.032
shp_715_310,28.63176,77.098587,5,519.532
shp_715_310,28.631525,77.098686,6,547.101
shp_715_310,28.631346,77.098763,7,568.753
shp_715_310,28.630404,77.099167,8,680.695
shp_715_310,28.629295,77.099625,9,812.131
shp_715_310,28.627527,77.100372,10,1021.953
shp_715_310,28.625551,77.101234,11,1257.377
shp_715_310,28.625252,77.101379,12,1293.764
shp_715_310,28.625015,77.101486,13,1321.912
shp_715_310,28.624662,77.101631,14,1363.806
shp_715_310,28.624197,77.101845,15,1419.486
shp_715_310,28.62224,77.102692,16,1652.718
shp_715_310,28.619457,77.104439,17,2006.472
shp_715_310,28.618074,77.10527,18,2180.399
shp_715_310,28.617718,77.105499,19,2225.963
shp_715_310,28.61727,77.105782,20,2282.877
shp_715_310,28.617054,77.105888,21,2309.159
shp_715_310,28.616058,77.106499,22,2434.794
shp_715_310,28.615108,77.107193,23,2560.76
shp_715_310,28.61441,77.107811,24,2658.741
shp_715_310,28.614075,77.108162,25,2709.82
shp_715_310,28.613281,77.109268,26,2849.287
shp_715_310,28.612917,77.109825,27,2917.168
shp_715_311,28.636122,77.096703,1,0.0
shp_715_311,28.634338,77.097427,2,210.728
shp_715_311,28.633408,77.097847,3,322.168
shp_715_311,28.632704,77.098152,4,406.032
shp_715_311,28.63176,77.098587,5,519.532
shp_715_311,28.631525,77.098686,6,547.101
shp_715_311,28.631346,77.098763,7,568.753
shp_715_311,28.630402,77.099174,8,681.123
shp_715_311,28.630402,77.099174,9,681.123
shp_715_311,28.629295,77.099625,10,812.131
shp_715_311,28.627527,77.100372,11,1021.953
shp_715_311,28.625551,77.101234,12,1257.377
shp_715_311,28.625252,77.101379,13,1293.764
shp_715_311,28.625137,77.101532,14,1313.344
shp_715_311,28.625059,77.101677,15,1329.968
shp_715_311,28.625032,77.103928,16,1549.969
shp_715_311,28.625038,77.10434,17,1589.931
shp_715_311,28.625002,77.1064,18,1791.234
shp_715_311,28.624987,77.108871,19,2032.767
shp_715_311,28.624952,77.110451,20,2187.378
shp_715_311,28.624977,77.11058,21,2200.053
shp_715_311,28.625034,77.110687,22,2212.515
shp_715_311,28.625061,77.11071,23,2216.176
shp_715_311,28.625185,77.110786,24,2232.0
shp_715_311,28.625185,77.110786,25,2232.0
shp_715_311,28.625296,77.110817,26,2244.533
shp_715_311,28.625542,77.11084,27,2272.164
shp_715_311,28.625921,77.11087,28,2314.475
shp_715_311,28.628536,77.110924,29,2605.578
shp_715_311,28.628532,77.111008,30,2613.18
shp_715_311,28.628162,77.110992,31,2654.33
shp_715_312,28.636667,77.096298,1,0.0
shp_715_312,28.636559,77.096024,2,29.323
shp_715_312,28.636272,77.095207,3,115.209
shp_715_312,28.635511,77.093208,4,328.014
shp_715_312,28.634897,77.092003,5,464.495
shp_715_312,28.634966,77.091934,6,474.499
shp_715_312,28.635019,77.091896,7,481.473
shp_715_312,28.635386,77.091705,8,526.459
shp_715_312,28.635931,77.091461,9,591.617
shp_715_312,28.63599,77.091415,10,599.416
shp_715_312,28.636047,77.091324,11,610.417
shp_715_312,28.636133,77.091209,12,624.996
shp_715_312,28.6366,77.090469,13,714.221
shp_715_312,28.636887,77.090004,14,769.903
shp_715_312,28.637573,77.088943,15,898.433
shp_715_312,28.637833,77.088516,16,949.622
shp_715_312,28.638096,77.088089,17,1000.142
shp_715_312,28.638313,77.087708,18,1044.539
shp_715_312,28.638401,77.087532,19,1064.545
shp_715_312,28.638943,77.086693,20,1166.111
shp_715_312,28.638966,77.086655,21,1171.186
shp_715_312,28.63896,77.086586,22,1177.899
shp_715_312,28.639383,77.085899,23,1259.556
shp_715_312,28.640125,77.084755,24,1398.686
shp_715_312,28.640316,77.084442,25,1436.088
shp_715_312,28.640547,77.084091,26,1478.704
shp_715_312,28.640636,77.083939,27,1496.968
shp_715_312,28.640839,77.08371,28,1528.563
shp_715_312,28.640924,77.083595,29,1542.964
shp_715_312,28.641169,77.083237,30,1587.617
shp_715_312,28.641268,77.083069,31,1607.088
shp_715_312,28.641397,77.082794,32,1637.613
shp_715_312,28.641073,77.082664,33,1676.025
shp_715_312,28.641151,77.082428,34,1700.736
shp_715_312,28.641994,77.082748,35,1799.648
shp_715_312,28.642668,77.082977,36,1877.989
shp_715_312,28.643806,77.083405,37,2011.292
shp_715_312,28.645397,77.083977,38,2197.087
shp_715_312,28.646126,77.084229,39,2281.874
shp_715_312,28.646439,77.083542,40,2357.1
shp_715_312,28.646679,77.083046,41,2412.406
shp_715_312,28.64678,77.082863,42,2433.734
shp_715_312,28.646851,77.082718,43,2450.162
shp_715_312,28.646931,77.082504,44,2472.437
shp_715_312,28.646971,77.082382,45,2485.172
shp_715_312,28.647005,77.082214,46,2502.004
shp_715_312,28.647024,77.081894,47,2533.883
shp_715_312,28.647039,77.080933,48,2627.401
shp_715_312,28.647079,77.079666,49,2751.747
shp_715_312,28.64706,77.07946,50,2771.408
shp_715_312,28.646986,77.079308,51,2788.667
shp_715_312,28.647018,77.079262,52,2794.487
shp_715_312,28.647057,77.079132,53,2807.52
shp_715_312,28.647076,77.079033,54,2817.552
shp_715_312,28.64715,77.078796,55,2842.265
shp_715_312,28.64728,77.078514,56,2873.423
shp_715_312,28.647835,77.077492,57,2991.026
shp_715_312,28.648178,77.076759,58,3071.738
shp_715_312,28.649565,77.073997,59,3382.76
shp_715_312,28.64958,77.073929,60,3389.398
shp_715_312,28.64958,77.073898,61,3392.901
shp_715_312,28.649702,77.07386,62,3407.068
shp_715_312,28.64974,77.073807,63,3413.517
shp_715_312,28.649908,77.073517,64,3447.532
shp_715_312,28.650642,77.072525,65,3574.479
shp_715_312,28.651161,77.071877,66,3660.072
shp_715_312,28.651236,77.071976,67,3672.87
shp_715_312,28.651392,77.072151,68,3697.171
shp_715_312,28.651405,77.072182,69,3700.925
shp_715_312,28.651411,77.07222,70,3704.758
shp_715_312,28.651499,77.072311,71,3717.927
shp_715_312,28.651678,77.071976,72,3756.487
shp_715_312,28.651283,77.071594,73,3814.027
shp_715_312,28.650791,77.071091,74,3887.474
shp_715_312,28.650633,77.070892,75,3913.526
shp_715_312,28.650585,77.070953,76,3921.317
shp_715_312,28.65041,77.071121,77,3946.816
shp_715_312,28.649088,77.069588,78,4156.389
shp_715_312,28.647877,77.068245,79,4344.603
shp_715_312,28.647179,77.067429,80,4455.999
shp_715_312,28.64657,77.066734,81,4551.705
shp_715_312,28.646624,77.066536,82,4572.552
shp_715_312,28.646648,77.065071,83,4714.996
shp_715_312,28.646643,77.064514,84,4769.618
shp_715_312,28.646666,77.06411,85,4809.683
shp_715_312,28.646673,77.064072,86,4813.271
shp_715_312,28.646709,77.064026,87,4819.453
shp_715_312,28.647114,77.06366,88,4876.891
shp_715_312,28.646173,77.062431,89,5035.861
shp_715_312,28.646204,77.062431,90,5039.139
shp_715_313,28.636667,77.096298,1,0.0
shp_715_313,28.636559,77.096024,2,29.323
shp_715_313,28.636272,77.095207,3,115.209
shp_715_313,28.635511,77.093208,4,328.014
shp_715_313,28.634897,77.092003,5,464.495
shp_715_313,28.634716,77.091576,6,510.719
shp_715_313,28.634584,77.091148,7,554.765
shp_715_313,28.634386,77.090248,8,645.227
shp_715_313,28.634222,77.089798,9,693.359
shp_715_313,28.634027,77.089882,10,716.677
shp_715_313,28.633562,77.090149,11,774.804
shp_715_313,28.632694,77.090584,12,880.182
shp_715_313,28.631443,77.091171,13,1030.779
shp_715_313,28.631145,77.091286,14,1065.635
shp_715_313,28.630989,77.091309,15,1083.399
shp_715_313,28.630156,77.091499,16,1177.846
shp_715_313,28.629515,77.091599,17,1250.016
shp_715_313,28.62818,77.091766,18,1399.392
shp_715_313,28.62818,77.091766,19,1399.392
shp_715_313,28.62776,77.091827,20,1446.617
shp_715_313,28.625557,77.092194,21,1694.413
shp_715_313,28.623594,77.092468,22,1914.525
shp_715_313,28.62208,77.092911,23,2088.472
shp_715_313,28.622293,77.093643,24,2163.765
shp_715_313,28.622385,77.094002,25,2200.221
